-49,-1,trksroPeZ2TpxsTYrz26khwGwaU=,wVecdUbjPFcEFns9FLYSokJNDdA=
-51,-4,trksroPeZ2TpxsTYrz26khwGwaU=,YVbddCKm5n+JdQLfsxAZVx7fHpA=
-51,-5,trksroPeZ2TpxsTYrz26khwGwaU=,TAo9WxGZFDhWGXHyA7655ayPL/w=
-51,-3,trksroPeZ2TpxsTYrz26khwGwaU=,TAo9WxGZFDhWGXHyA7655ayPL/w=
-51,-2,trksroPeZ2TpxsTYrz26khwGwaU=,wVecdUbjPFcEFns9FLYSokJNDdA=
-52,-2,trksroPeZ2TpxsTYrz26khwGwaU=,TAo9WxGZFDhWGXHyA7655ayPL/w=
-53,-2,trksroPeZ2TpxsTYrz26khwGwaU=,CLlHPVvLVeCM3k69CTtAlv3uEUI=
-53,-3,trksroPeZ2TpxsTYrz26khwGwaU=,gWWJ+goKIQWopM+tDI9ZzmbQ4S0=
-54,-2,trksroPeZ2TpxsTYrz26khwGwaU=,gWWJ+goKIQWopM+tDI9ZzmbQ4S0=
-54,-3,trksroPeZ2TpxsTYrz26khwGwaU=,CLlHPVvLVeCM3k69CTtAlv3uEUI=
-55,-3,AIA6bNIWy4Z6bqgoYFH0JABk1Nc=,YWVMHUw6WHeEonn9zdaCBVxXZ5g=
-55,-4,AIA6bNIWy4Z6bqgoYFH0JABk1Nc=,gWWJ+goKIQWopM+tDI9ZzmbQ4S0=
-56,-4,AIA6bNIWy4Z6bqgoYFH0JABk1Nc=,YWVMHUw6WHeEonn9zdaCBVxXZ5g=
-56,-3,AIA6bNIWy4Z6bqgoYFH0JABk1Nc=,gWWJ+goKIQWopM+tDI9ZzmbQ4S0=
-57,-4,AIA6bNIWy4Z6bqgoYFH0JABk1Nc=,CLlHPVvLVeCM3k69CTtAlv3uEUI=
-57,-3,AIA6bNIWy4Z6bqgoYFH0JABk1Nc=,CLlHPVvLVeCM3k69CTtAlv3uEUI=
-57,-7,AIA6bNIWy4Z6bqgoYFH0JABk1Nc=,gWWJ+goKIQWopM+tDI9ZzmbQ4S0=
-58,-4,AIA6bNIWy4Z6bqgoYFH0JABk1Nc=,CLlHPVvLVeCM3k69CTtAlv3uEUI=
-58,-3,AIA6bNIWy4Z6bqgoYFH0JABk1Nc=,CLlHPVvLVeCM3k69CTtAlv3uEUI=
-58,-6,AIA6bNIWy4Z6bqgoYFH0JABk1Nc=,CLlHPVvLVeCM3k69CTtAlv3uEUI=
-58,-5,AIA6bNIWy4Z6bqgoYFH0JABk1Nc=,US3fsSjhzneHzU5KVwQS0f5ZFGg=
-58,-7,AIA6bNIWy4Z6bqgoYFH0JABk1Nc=,1CUGOAuHze+ATr8YROLtjxFsBj8=
-59,-7,AIA6bNIWy4Z6bqgoYFH0JABk1Nc=,1CUGOAuHze+ATr8YROLtjxFsBj8=
-60,-7,AIA6bNIWy4Z6bqgoYFH0JABk1Nc=,yAZDIBCNGFrbAgGG7uGfVMUPIwg=
-60,-6,AIA6bNIWy4Z6bqgoYFH0JABk1Nc=,PMaRYWTMj7bvHlte17Pmcjj4F7Q=
-61,-5,AIA6bNIWy4Z6bqgoYFH0JABk1Nc=,1CUGOAuHze+ATr8YROLtjxFsBj8=
-61,-6,AIA6bNIWy4Z6bqgoYFH0JABk1Nc=,PMaRYWTMj7bvHlte17Pmcjj4F7Q=
-62,-5,AIA6bNIWy4Z6bqgoYFH0JABk1Nc=,ESIUI59i5lk6o8cKg8EBbqaTl5I=
-62,-2,AIA6bNIWy4Z6bqgoYFH0JABk1Nc=,ESIUI59i5lk6o8cKg8EBbqaTl5I=
-62,-1,AIA6bNIWy4Z6bqgoYFH0JABk1Nc=,ESIUI59i5lk6o8cKg8EBbqaTl5I=
-62,-4,AIA6bNIWy4Z6bqgoYFH0JABk1Nc=,ESIUI59i5lk6o8cKg8EBbqaTl5I=
-62,-3,AIA6bNIWy4Z6bqgoYFH0JABk1Nc=,ESIUI59i5lk6o8cKg8EBbqaTl5I=
