-190,22,BCeEB5IE6JXc0SsmcyWr3k2tR8k=,1dgpDOuN89pYWo83fXwbZGBGLd4=
-190,23,BCeEB5IE6JXc0SsmcyWr3k2tR8k=,1dgpDOuN89pYWo83fXwbZGBGLd4=
-190,21,BCeEB5IE6JXc0SsmcyWr3k2tR8k=,1dgpDOuN89pYWo83fXwbZGBGLd4=
-190,24,BCeEB5IE6JXc0SsmcyWr3k2tR8k=,1dgpDOuN89pYWo83fXwbZGBGLd4=
-190,25,BCeEB5IE6JXc0SsmcyWr3k2tR8k=,1dgpDOuN89pYWo83fXwbZGBGLd4=
-189,19,BCeEB5IE6JXc0SsmcyWr3k2tR8k=,1dgpDOuN89pYWo83fXwbZGBGLd4=
-189,18,BCeEB5IE6JXc0SsmcyWr3k2tR8k=,1dgpDOuN89pYWo83fXwbZGBGLd4=
-189,23,BCeEB5IE6JXc0SsmcyWr3k2tR8k=,1dgpDOuN89pYWo83fXwbZGBGLd4=
-189,22,BCeEB5IE6JXc0SsmcyWr3k2tR8k=,1dgpDOuN89pYWo83fXwbZGBGLd4=
-189,21,BCeEB5IE6JXc0SsmcyWr3k2tR8k=,1dgpDOuN89pYWo83fXwbZGBGLd4=
-189,20,BCeEB5IE6JXc0SsmcyWr3k2tR8k=,1dgpDOuN89pYWo83fXwbZGBGLd4=
-189,25,BCeEB5IE6JXc0SsmcyWr3k2tR8k=,1dgpDOuN89pYWo83fXwbZGBGLd4=
-189,24,BCeEB5IE6JXc0SsmcyWr3k2tR8k=,1dgpDOuN89pYWo83fXwbZGBGLd4=
-188,20,BCeEB5IE6JXc0SsmcyWr3k2tR8k=,1dgpDOuN89pYWo83fXwbZGBGLd4=
-188,17,BCeEB5IE6JXc0SsmcyWr3k2tR8k=,1dgpDOuN89pYWo83fXwbZGBGLd4=
-188,18,BCeEB5IE6JXc0SsmcyWr3k2tR8k=,1dgpDOuN89pYWo83fXwbZGBGLd4=
-188,19,BCeEB5IE6JXc0SsmcyWr3k2tR8k=,1dgpDOuN89pYWo83fXwbZGBGLd4=
-187,17,BCeEB5IE6JXc0SsmcyWr3k2tR8k=,1dgpDOuN89pYWo83fXwbZGBGLd4=
-186,17,BCeEB5IE6JXc0SsmcyWr3k2tR8k=,1dgpDOuN89pYWo83fXwbZGBGLd4=
-185,17,BCeEB5IE6JXc0SsmcyWr3k2tR8k=,1dgpDOuN89pYWo83fXwbZGBGLd4=
-184,16,BCeEB5IE6JXc0SsmcyWr3k2tR8k=,aDjLmbMFCJXh3YOBWjB5a+/seZw=
-184,17,BCeEB5IE6JXc0SsmcyWr3k2tR8k=,aDjLmbMFCJXh3YOBWjB5a+/seZw=
-183,17,BCeEB5IE6JXc0SsmcyWr3k2tR8k=,aDjLmbMFCJXh3YOBWjB5a+/seZw=
-183,16,BCeEB5IE6JXc0SsmcyWr3k2tR8k=,aDjLmbMFCJXh3YOBWjB5a+/seZw=
-182,16,BCeEB5IE6JXc0SsmcyWr3k2tR8k=,aDjLmbMFCJXh3YOBWjB5a+/seZw=
-182,17,BCeEB5IE6JXc0SsmcyWr3k2tR8k=,aDjLmbMFCJXh3YOBWjB5a+/seZw=
-181,16,BCeEB5IE6JXc0SsmcyWr3k2tR8k=,aDjLmbMFCJXh3YOBWjB5a+/seZw=
-180,16,BCeEB5IE6JXc0SsmcyWr3k2tR8k=,aDjLmbMFCJXh3YOBWjB5a+/seZw=
-179,16,BCeEB5IE6JXc0SsmcyWr3k2tR8k=,aDjLmbMFCJXh3YOBWjB5a+/seZw=
-178,16,BCeEB5IE6JXc0SsmcyWr3k2tR8k=,aDjLmbMFCJXh3YOBWjB5a+/seZw=
-177,15,BCeEB5IE6JXc0SsmcyWr3k2tR8k=,aDjLmbMFCJXh3YOBWjB5a+/seZw=
-177,26,BCeEB5IE6JXc0SsmcyWr3k2tR8k=,aDjLmbMFCJXh3YOBWjB5a+/seZw=
-177,25,BCeEB5IE6JXc0SsmcyWr3k2tR8k=,aDjLmbMFCJXh3YOBWjB5a+/seZw=
-177,24,BCeEB5IE6JXc0SsmcyWr3k2tR8k=,aDjLmbMFCJXh3YOBWjB5a+/seZw=
-177,23,BCeEB5IE6JXc0SsmcyWr3k2tR8k=,aDjLmbMFCJXh3YOBWjB5a+/seZw=
-177,22,BCeEB5IE6JXc0SsmcyWr3k2tR8k=,aDjLmbMFCJXh3YOBWjB5a+/seZw=
-177,21,BCeEB5IE6JXc0SsmcyWr3k2tR8k=,aDjLmbMFCJXh3YOBWjB5a+/seZw=
-177,20,BCeEB5IE6JXc0SsmcyWr3k2tR8k=,aDjLmbMFCJXh3YOBWjB5a+/seZw=
-177,19,BCeEB5IE6JXc0SsmcyWr3k2tR8k=,aDjLmbMFCJXh3YOBWjB5a+/seZw=
-177,18,BCeEB5IE6JXc0SsmcyWr3k2tR8k=,aDjLmbMFCJXh3YOBWjB5a+/seZw=
-177,17,BCeEB5IE6JXc0SsmcyWr3k2tR8k=,aDjLmbMFCJXh3YOBWjB5a+/seZw=
-177,16,BCeEB5IE6JXc0SsmcyWr3k2tR8k=,aDjLmbMFCJXh3YOBWjB5a+/seZw=
-176,16,BCeEB5IE6JXc0SsmcyWr3k2tR8k=,aDjLmbMFCJXh3YOBWjB5a+/seZw=
-176,17,BCeEB5IE6JXc0SsmcyWr3k2tR8k=,aDjLmbMFCJXh3YOBWjB5a+/seZw=
-176,18,BCeEB5IE6JXc0SsmcyWr3k2tR8k=,aDjLmbMFCJXh3YOBWjB5a+/seZw=
-176,19,BCeEB5IE6JXc0SsmcyWr3k2tR8k=,aDjLmbMFCJXh3YOBWjB5a+/seZw=
-176,20,BCeEB5IE6JXc0SsmcyWr3k2tR8k=,aDjLmbMFCJXh3YOBWjB5a+/seZw=
-176,21,BCeEB5IE6JXc0SsmcyWr3k2tR8k=,aDjLmbMFCJXh3YOBWjB5a+/seZw=
-176,22,BCeEB5IE6JXc0SsmcyWr3k2tR8k=,aDjLmbMFCJXh3YOBWjB5a+/seZw=
-176,23,BCeEB5IE6JXc0SsmcyWr3k2tR8k=,aDjLmbMFCJXh3YOBWjB5a+/seZw=
-176,24,BCeEB5IE6JXc0SsmcyWr3k2tR8k=,XteOEh4e0rvqtUyZVjMtCkjo3ms=
-176,25,BCeEB5IE6JXc0SsmcyWr3k2tR8k=,XteOEh4e0rvqtUyZVjMtCkjo3ms=
-176,26,dpYVcqoMEiaEDNWuOIneoA6WmJM=,XteOEh4e0rvqtUyZVjMtCkjo3ms=
-176,27,dpYVcqoMEiaEDNWuOIneoA6WmJM=,XteOEh4e0rvqtUyZVjMtCkjo3ms=
-176,28,dpYVcqoMEiaEDNWuOIneoA6WmJM=,t5G7u0u9hw1VU/STfqQmS1zqt78=
-176,29,dpYVcqoMEiaEDNWuOIneoA6WmJM=,aDjLmbMFCJXh3YOBWjB5a+/seZw=
-176,30,dpYVcqoMEiaEDNWuOIneoA6WmJM=,aDjLmbMFCJXh3YOBWjB5a+/seZw=
-176,31,dpYVcqoMEiaEDNWuOIneoA6WmJM=,aDjLmbMFCJXh3YOBWjB5a+/seZw=
