-15,-7,xFbtkjkPY4x1tsNJ9ZmBngoDn8g=,E7NzTFSKARkxOZZzBn2toLZF+2g=
-14,-7,xFbtkjkPY4x1tsNJ9ZmBngoDn8g=,E7NzTFSKARkxOZZzBn2toLZF+2g=
-15,-6,xFbtkjkPY4x1tsNJ9ZmBngoDn8g=,E7NzTFSKARkxOZZzBn2toLZF+2g=
-14,-6,xFbtkjkPY4x1tsNJ9ZmBngoDn8g=,E7NzTFSKARkxOZZzBn2toLZF+2g=
-11,-11,xFbtkjkPY4x1tsNJ9ZmBngoDn8g=,uVW80gEASXl/ATgXFKEqRFdOjCQ=
-10,-10,xFbtkjkPY4x1tsNJ9ZmBngoDn8g=,uVW80gEASXl/ATgXFKEqRFdOjCQ=
-10,-11,xFbtkjkPY4x1tsNJ9ZmBngoDn8g=,uVW80gEASXl/ATgXFKEqRFdOjCQ=
-11,-10,xFbtkjkPY4x1tsNJ9ZmBngoDn8g=,uVW80gEASXl/ATgXFKEqRFdOjCQ=
-11,-9,tMp4CtKBJlP/2mWxAOSJrUIoooQ=,uVW80gEASXl/ATgXFKEqRFdOjCQ=
-13,-6,tMp4CtKBJlP/2mWxAOSJrUIoooQ=,E7NzTFSKARkxOZZzBn2toLZF+2g=
-10,-6,tMp4CtKBJlP/2mWxAOSJrUIoooQ=,mfpvSVJg/M3FtvbVpPEPDAQsPOU=
-11,-6,tMp4CtKBJlP/2mWxAOSJrUIoooQ=,mfpvSVJg/M3FtvbVpPEPDAQsPOU=
-12,-6,tMp4CtKBJlP/2mWxAOSJrUIoooQ=,mfpvSVJg/M3FtvbVpPEPDAQsPOU=
-13,-7,tMp4CtKBJlP/2mWxAOSJrUIoooQ=,E7NzTFSKARkxOZZzBn2toLZF+2g=
-10,-7,tMp4CtKBJlP/2mWxAOSJrUIoooQ=,mfpvSVJg/M3FtvbVpPEPDAQsPOU=
-10,-9,tMp4CtKBJlP/2mWxAOSJrUIoooQ=,uVW80gEASXl/ATgXFKEqRFdOjCQ=
-11,-8,tMp4CtKBJlP/2mWxAOSJrUIoooQ=,mfpvSVJg/M3FtvbVpPEPDAQsPOU=
-11,-7,tMp4CtKBJlP/2mWxAOSJrUIoooQ=,mfpvSVJg/M3FtvbVpPEPDAQsPOU=
-10,-8,tMp4CtKBJlP/2mWxAOSJrUIoooQ=,mfpvSVJg/M3FtvbVpPEPDAQsPOU=
-12,-7,tMp4CtKBJlP/2mWxAOSJrUIoooQ=,mfpvSVJg/M3FtvbVpPEPDAQsPOU=
-11,-5,tMp4CtKBJlP/2mWxAOSJrUIoooQ=,mfpvSVJg/M3FtvbVpPEPDAQsPOU=
-11,-4,tMp4CtKBJlP/2mWxAOSJrUIoooQ=,cgzbUY20quL6LsX7CbtST74XpFM=
-11,-2,tMp4CtKBJlP/2mWxAOSJrUIoooQ=,cgzbUY20quL6LsX7CbtST74XpFM=
-10,-3,tMp4CtKBJlP/2mWxAOSJrUIoooQ=,cgzbUY20quL6LsX7CbtST74XpFM=
-11,-3,tMp4CtKBJlP/2mWxAOSJrUIoooQ=,cgzbUY20quL6LsX7CbtST74XpFM=
-10,-4,tMp4CtKBJlP/2mWxAOSJrUIoooQ=,cgzbUY20quL6LsX7CbtST74XpFM=
-10,-5,tMp4CtKBJlP/2mWxAOSJrUIoooQ=,mfpvSVJg/M3FtvbVpPEPDAQsPOU=
-10,-2,tMp4CtKBJlP/2mWxAOSJrUIoooQ=,cgzbUY20quL6LsX7CbtST74XpFM=
-14,-2,tMp4CtKBJlP/2mWxAOSJrUIoooQ=,/kmIhJK3FW0fAmFOqDbEplD/L7Y=
-12,-5,tMp4CtKBJlP/2mWxAOSJrUIoooQ=,mfpvSVJg/M3FtvbVpPEPDAQsPOU=
-13,-2,tMp4CtKBJlP/2mWxAOSJrUIoooQ=,/kmIhJK3FW0fAmFOqDbEplD/L7Y=
-15,-3,tMp4CtKBJlP/2mWxAOSJrUIoooQ=,/kmIhJK3FW0fAmFOqDbEplD/L7Y=
-13,-4,tMp4CtKBJlP/2mWxAOSJrUIoooQ=,/kmIhJK3FW0fAmFOqDbEplD/L7Y=
-15,-5,tMp4CtKBJlP/2mWxAOSJrUIoooQ=,E7NzTFSKARkxOZZzBn2toLZF+2g=
-12,-3,tMp4CtKBJlP/2mWxAOSJrUIoooQ=,cgzbUY20quL6LsX7CbtST74XpFM=
-15,-2,tMp4CtKBJlP/2mWxAOSJrUIoooQ=,/kmIhJK3FW0fAmFOqDbEplD/L7Y=
-14,-3,tMp4CtKBJlP/2mWxAOSJrUIoooQ=,/kmIhJK3FW0fAmFOqDbEplD/L7Y=
-14,-4,tMp4CtKBJlP/2mWxAOSJrUIoooQ=,/kmIhJK3FW0fAmFOqDbEplD/L7Y=
-12,-4,tMp4CtKBJlP/2mWxAOSJrUIoooQ=,cgzbUY20quL6LsX7CbtST74XpFM=
-12,-2,tMp4CtKBJlP/2mWxAOSJrUIoooQ=,cgzbUY20quL6LsX7CbtST74XpFM=
-15,-4,tMp4CtKBJlP/2mWxAOSJrUIoooQ=,/kmIhJK3FW0fAmFOqDbEplD/L7Y=
-13,-5,tMp4CtKBJlP/2mWxAOSJrUIoooQ=,E7NzTFSKARkxOZZzBn2toLZF+2g=
-14,-5,tMp4CtKBJlP/2mWxAOSJrUIoooQ=,E7NzTFSKARkxOZZzBn2toLZF+2g=
-13,-3,tMp4CtKBJlP/2mWxAOSJrUIoooQ=,/kmIhJK3FW0fAmFOqDbEplD/L7Y=
-10,-12,tMp4CtKBJlP/2mWxAOSJrUIoooQ=,uVW80gEASXl/ATgXFKEqRFdOjCQ=
-10,-14,tMp4CtKBJlP/2mWxAOSJrUIoooQ=,iS4aKwzP2ya57M3tv/mfRd7fYDQ=
-11,-13,tMp4CtKBJlP/2mWxAOSJrUIoooQ=,iS4aKwzP2ya57M3tv/mfRd7fYDQ=
-10,-13,tMp4CtKBJlP/2mWxAOSJrUIoooQ=,iS4aKwzP2ya57M3tv/mfRd7fYDQ=
-11,-15,tMp4CtKBJlP/2mWxAOSJrUIoooQ=,iS4aKwzP2ya57M3tv/mfRd7fYDQ=
-10,-15,tMp4CtKBJlP/2mWxAOSJrUIoooQ=,iS4aKwzP2ya57M3tv/mfRd7fYDQ=
-11,-14,tMp4CtKBJlP/2mWxAOSJrUIoooQ=,iS4aKwzP2ya57M3tv/mfRd7fYDQ=
-11,-12,tMp4CtKBJlP/2mWxAOSJrUIoooQ=,uVW80gEASXl/ATgXFKEqRFdOjCQ=
-6,-14,tMp4CtKBJlP/2mWxAOSJrUIoooQ=,KUg1eBQGCbrXWdQOWLZZ7GcHWiA=
-9,-14,tMp4CtKBJlP/2mWxAOSJrUIoooQ=,iS4aKwzP2ya57M3tv/mfRd7fYDQ=
-8,-15,tMp4CtKBJlP/2mWxAOSJrUIoooQ=,KUg1eBQGCbrXWdQOWLZZ7GcHWiA=
-7,-15,tMp4CtKBJlP/2mWxAOSJrUIoooQ=,KUg1eBQGCbrXWdQOWLZZ7GcHWiA=
-6,-15,tMp4CtKBJlP/2mWxAOSJrUIoooQ=,KUg1eBQGCbrXWdQOWLZZ7GcHWiA=
-8,-14,tMp4CtKBJlP/2mWxAOSJrUIoooQ=,KUg1eBQGCbrXWdQOWLZZ7GcHWiA=
-7,-14,tMp4CtKBJlP/2mWxAOSJrUIoooQ=,KUg1eBQGCbrXWdQOWLZZ7GcHWiA=
-9,-15,tMp4CtKBJlP/2mWxAOSJrUIoooQ=,iS4aKwzP2ya57M3tv/mfRd7fYDQ=
-6,-12,cPceryvr4FHloD6rYGHcXYgGYPY=,xLEnPgyx/q1JEzBd9x1TPneu8Iw=
-9,-12,cPceryvr4FHloD6rYGHcXYgGYPY=,uVW80gEASXl/ATgXFKEqRFdOjCQ=
-8,-11,cPceryvr4FHloD6rYGHcXYgGYPY=,xLEnPgyx/q1JEzBd9x1TPneu8Iw=
-9,-13,cPceryvr4FHloD6rYGHcXYgGYPY=,iS4aKwzP2ya57M3tv/mfRd7fYDQ=
-7,-12,cPceryvr4FHloD6rYGHcXYgGYPY=,xLEnPgyx/q1JEzBd9x1TPneu8Iw=
-8,-12,cPceryvr4FHloD6rYGHcXYgGYPY=,xLEnPgyx/q1JEzBd9x1TPneu8Iw=
-6,-13,cPceryvr4FHloD6rYGHcXYgGYPY=,KUg1eBQGCbrXWdQOWLZZ7GcHWiA=
-7,-10,cPceryvr4FHloD6rYGHcXYgGYPY=,xLEnPgyx/q1JEzBd9x1TPneu8Iw=
-6,-10,cPceryvr4FHloD6rYGHcXYgGYPY=,xLEnPgyx/q1JEzBd9x1TPneu8Iw=
-9,-11,cPceryvr4FHloD6rYGHcXYgGYPY=,uVW80gEASXl/ATgXFKEqRFdOjCQ=
-8,-10,cPceryvr4FHloD6rYGHcXYgGYPY=,xLEnPgyx/q1JEzBd9x1TPneu8Iw=
-7,-13,cPceryvr4FHloD6rYGHcXYgGYPY=,KUg1eBQGCbrXWdQOWLZZ7GcHWiA=
-8,-13,cPceryvr4FHloD6rYGHcXYgGYPY=,KUg1eBQGCbrXWdQOWLZZ7GcHWiA=
-6,-11,cPceryvr4FHloD6rYGHcXYgGYPY=,xLEnPgyx/q1JEzBd9x1TPneu8Iw=
-9,-10,cPceryvr4FHloD6rYGHcXYgGYPY=,uVW80gEASXl/ATgXFKEqRFdOjCQ=
-7,-11,cPceryvr4FHloD6rYGHcXYgGYPY=,xLEnPgyx/q1JEzBd9x1TPneu8Iw=
-6,-8,cPceryvr4FHloD6rYGHcXYgGYPY=,Oi1fIXptp+tphU3wxQh2Smd99VU=
-8,-7,cPceryvr4FHloD6rYGHcXYgGYPY=,Oi1fIXptp+tphU3wxQh2Smd99VU=
-9,-6,cPceryvr4FHloD6rYGHcXYgGYPY=,mfpvSVJg/M3FtvbVpPEPDAQsPOU=
-7,-8,cPceryvr4FHloD6rYGHcXYgGYPY=,Oi1fIXptp+tphU3wxQh2Smd99VU=
-6,-9,cPceryvr4FHloD6rYGHcXYgGYPY=,xLEnPgyx/q1JEzBd9x1TPneu8Iw=
-7,-9,cPceryvr4FHloD6rYGHcXYgGYPY=,xLEnPgyx/q1JEzBd9x1TPneu8Iw=
-8,-9,cPceryvr4FHloD6rYGHcXYgGYPY=,xLEnPgyx/q1JEzBd9x1TPneu8Iw=
-7,-7,cPceryvr4FHloD6rYGHcXYgGYPY=,Oi1fIXptp+tphU3wxQh2Smd99VU=
-6,-7,cPceryvr4FHloD6rYGHcXYgGYPY=,Oi1fIXptp+tphU3wxQh2Smd99VU=
-9,-7,cPceryvr4FHloD6rYGHcXYgGYPY=,mfpvSVJg/M3FtvbVpPEPDAQsPOU=
-9,-9,cPceryvr4FHloD6rYGHcXYgGYPY=,uVW80gEASXl/ATgXFKEqRFdOjCQ=
-6,-6,cPceryvr4FHloD6rYGHcXYgGYPY=,Oi1fIXptp+tphU3wxQh2Smd99VU=
-7,-6,cPceryvr4FHloD6rYGHcXYgGYPY=,Oi1fIXptp+tphU3wxQh2Smd99VU=
-8,-6,cPceryvr4FHloD6rYGHcXYgGYPY=,Oi1fIXptp+tphU3wxQh2Smd99VU=
-8,-8,cPceryvr4FHloD6rYGHcXYgGYPY=,Oi1fIXptp+tphU3wxQh2Smd99VU=
-9,-8,cPceryvr4FHloD6rYGHcXYgGYPY=,mfpvSVJg/M3FtvbVpPEPDAQsPOU=
-6,-2,cPceryvr4FHloD6rYGHcXYgGYPY=,Ijh72l47jEpUjdSg91j9jKBmdvM=
-7,-4,cPceryvr4FHloD6rYGHcXYgGYPY=,Ijh72l47jEpUjdSg91j9jKBmdvM=
-7,-2,cPceryvr4FHloD6rYGHcXYgGYPY=,Ijh72l47jEpUjdSg91j9jKBmdvM=
-8,-2,cPceryvr4FHloD6rYGHcXYgGYPY=,Ijh72l47jEpUjdSg91j9jKBmdvM=
-6,-3,cPceryvr4FHloD6rYGHcXYgGYPY=,Ijh72l47jEpUjdSg91j9jKBmdvM=
-8,-4,cPceryvr4FHloD6rYGHcXYgGYPY=,Ijh72l47jEpUjdSg91j9jKBmdvM=
-6,-5,cPceryvr4FHloD6rYGHcXYgGYPY=,Oi1fIXptp+tphU3wxQh2Smd99VU=
-7,-5,cPceryvr4FHloD6rYGHcXYgGYPY=,Oi1fIXptp+tphU3wxQh2Smd99VU=
-8,-5,cPceryvr4FHloD6rYGHcXYgGYPY=,Oi1fIXptp+tphU3wxQh2Smd99VU=
-7,-3,cPceryvr4FHloD6rYGHcXYgGYPY=,Ijh72l47jEpUjdSg91j9jKBmdvM=
-8,-3,cPceryvr4FHloD6rYGHcXYgGYPY=,Ijh72l47jEpUjdSg91j9jKBmdvM=
-9,-3,cPceryvr4FHloD6rYGHcXYgGYPY=,cgzbUY20quL6LsX7CbtST74XpFM=
-9,-4,cPceryvr4FHloD6rYGHcXYgGYPY=,cgzbUY20quL6LsX7CbtST74XpFM=
-9,-5,cPceryvr4FHloD6rYGHcXYgGYPY=,mfpvSVJg/M3FtvbVpPEPDAQsPOU=
-6,-4,cPceryvr4FHloD6rYGHcXYgGYPY=,Ijh72l47jEpUjdSg91j9jKBmdvM=
-9,-2,cPceryvr4FHloD6rYGHcXYgGYPY=,cgzbUY20quL6LsX7CbtST74XpFM=
-4,-7,r6SR158GKAijZf2Kdlx6gRXerUc=,ZBmQJyo3n2L7+ZL76NvSZXgSWo8=
-5,-6,r6SR158GKAijZf2Kdlx6gRXerUc=,Oi1fIXptp+tphU3wxQh2Smd99VU=
-5,-7,r6SR158GKAijZf2Kdlx6gRXerUc=,Oi1fIXptp+tphU3wxQh2Smd99VU=
-2,-6,r6SR158GKAijZf2Kdlx6gRXerUc=,ZBmQJyo3n2L7+ZL76NvSZXgSWo8=
-3,-6,r6SR158GKAijZf2Kdlx6gRXerUc=,ZBmQJyo3n2L7+ZL76NvSZXgSWo8=
-4,-6,r6SR158GKAijZf2Kdlx6gRXerUc=,ZBmQJyo3n2L7+ZL76NvSZXgSWo8=
-2,-7,r6SR158GKAijZf2Kdlx6gRXerUc=,ZBmQJyo3n2L7+ZL76NvSZXgSWo8=
-3,-7,r6SR158GKAijZf2Kdlx6gRXerUc=,ZBmQJyo3n2L7+ZL76NvSZXgSWo8=
-4,-15,r6SR158GKAijZf2Kdlx6gRXerUc=,i7YC8AMBlDSwHe71ulfQcySroYo=
-3,-14,r6SR158GKAijZf2Kdlx6gRXerUc=,i7YC8AMBlDSwHe71ulfQcySroYo=
-2,-14,r6SR158GKAijZf2Kdlx6gRXerUc=,i7YC8AMBlDSwHe71ulfQcySroYo=
-5,-14,r6SR158GKAijZf2Kdlx6gRXerUc=,KUg1eBQGCbrXWdQOWLZZ7GcHWiA=
-5,-15,r6SR158GKAijZf2Kdlx6gRXerUc=,KUg1eBQGCbrXWdQOWLZZ7GcHWiA=
-4,-14,r6SR158GKAijZf2Kdlx6gRXerUc=,i7YC8AMBlDSwHe71ulfQcySroYo=
-3,-15,r6SR158GKAijZf2Kdlx6gRXerUc=,i7YC8AMBlDSwHe71ulfQcySroYo=
-2,-15,r6SR158GKAijZf2Kdlx6gRXerUc=,i7YC8AMBlDSwHe71ulfQcySroYo=
-1,-15,r6SR158GKAijZf2Kdlx6gRXerUc=,i7YC8AMBlDSwHe71ulfQcySroYo=
-1,-14,r6SR158GKAijZf2Kdlx6gRXerUc=,i7YC8AMBlDSwHe71ulfQcySroYo=
-1,-6,r6SR158GKAijZf2Kdlx6gRXerUc=,ZBmQJyo3n2L7+ZL76NvSZXgSWo8=
-1,-7,r6SR158GKAijZf2Kdlx6gRXerUc=,ZBmQJyo3n2L7+ZL76NvSZXgSWo8=
-7,-1,r6SR158GKAijZf2Kdlx6gRXerUc=,Ijh72l47jEpUjdSg91j9jKBmdvM=
-6,-1,r6SR158GKAijZf2Kdlx6gRXerUc=,Ijh72l47jEpUjdSg91j9jKBmdvM=
-8,-1,r6SR158GKAijZf2Kdlx6gRXerUc=,Ijh72l47jEpUjdSg91j9jKBmdvM=
-11,-1,r6SR158GKAijZf2Kdlx6gRXerUc=,cgzbUY20quL6LsX7CbtST74XpFM=
-10,-1,r6SR158GKAijZf2Kdlx6gRXerUc=,cgzbUY20quL6LsX7CbtST74XpFM=
-9,-1,r6SR158GKAijZf2Kdlx6gRXerUc=,cgzbUY20quL6LsX7CbtST74XpFM=
-4,-9,r6SR158GKAijZf2Kdlx6gRXerUc=,klwaZytWRz7lQZUFfcMc7QP3XmE=
-5,-9,r6SR158GKAijZf2Kdlx6gRXerUc=,xLEnPgyx/q1JEzBd9x1TPneu8Iw=
-2,-10,r6SR158GKAijZf2Kdlx6gRXerUc=,klwaZytWRz7lQZUFfcMc7QP3XmE=
-1,-10,r6SR158GKAijZf2Kdlx6gRXerUc=,klwaZytWRz7lQZUFfcMc7QP3XmE=
-1,-13,r6SR158GKAijZf2Kdlx6gRXerUc=,i7YC8AMBlDSwHe71ulfQcySroYo=
-5,-10,r6SR158GKAijZf2Kdlx6gRXerUc=,xLEnPgyx/q1JEzBd9x1TPneu8Iw=
-2,-13,r6SR158GKAijZf2Kdlx6gRXerUc=,i7YC8AMBlDSwHe71ulfQcySroYo=
-3,-10,r6SR158GKAijZf2Kdlx6gRXerUc=,klwaZytWRz7lQZUFfcMc7QP3XmE=
-3,-13,r6SR158GKAijZf2Kdlx6gRXerUc=,i7YC8AMBlDSwHe71ulfQcySroYo=
-4,-10,r6SR158GKAijZf2Kdlx6gRXerUc=,klwaZytWRz7lQZUFfcMc7QP3XmE=
-1,-12,r6SR158GKAijZf2Kdlx6gRXerUc=,klwaZytWRz7lQZUFfcMc7QP3XmE=
-5,-13,r6SR158GKAijZf2Kdlx6gRXerUc=,KUg1eBQGCbrXWdQOWLZZ7GcHWiA=
-3,-12,r6SR158GKAijZf2Kdlx6gRXerUc=,klwaZytWRz7lQZUFfcMc7QP3XmE=
-1,-8,r6SR158GKAijZf2Kdlx6gRXerUc=,ZBmQJyo3n2L7+ZL76NvSZXgSWo8=
-5,-11,r6SR158GKAijZf2Kdlx6gRXerUc=,xLEnPgyx/q1JEzBd9x1TPneu8Iw=
-2,-8,r6SR158GKAijZf2Kdlx6gRXerUc=,ZBmQJyo3n2L7+ZL76NvSZXgSWo8=
-3,-8,r6SR158GKAijZf2Kdlx6gRXerUc=,ZBmQJyo3n2L7+ZL76NvSZXgSWo8=
-1,-9,r6SR158GKAijZf2Kdlx6gRXerUc=,klwaZytWRz7lQZUFfcMc7QP3XmE=
-5,-8,r6SR158GKAijZf2Kdlx6gRXerUc=,Oi1fIXptp+tphU3wxQh2Smd99VU=
-4,-13,r6SR158GKAijZf2Kdlx6gRXerUc=,i7YC8AMBlDSwHe71ulfQcySroYo=
-2,-9,r6SR158GKAijZf2Kdlx6gRXerUc=,klwaZytWRz7lQZUFfcMc7QP3XmE=
-1,-11,r6SR158GKAijZf2Kdlx6gRXerUc=,klwaZytWRz7lQZUFfcMc7QP3XmE=
-2,-11,r6SR158GKAijZf2Kdlx6gRXerUc=,klwaZytWRz7lQZUFfcMc7QP3XmE=
-3,-11,r6SR158GKAijZf2Kdlx6gRXerUc=,klwaZytWRz7lQZUFfcMc7QP3XmE=
-3,-9,r6SR158GKAijZf2Kdlx6gRXerUc=,klwaZytWRz7lQZUFfcMc7QP3XmE=
-4,-8,r6SR158GKAijZf2Kdlx6gRXerUc=,ZBmQJyo3n2L7+ZL76NvSZXgSWo8=
-2,-12,r6SR158GKAijZf2Kdlx6gRXerUc=,klwaZytWRz7lQZUFfcMc7QP3XmE=
-4,-11,r6SR158GKAijZf2Kdlx6gRXerUc=,klwaZytWRz7lQZUFfcMc7QP3XmE=
-4,-12,r6SR158GKAijZf2Kdlx6gRXerUc=,klwaZytWRz7lQZUFfcMc7QP3XmE=
-5,-12,r6SR158GKAijZf2Kdlx6gRXerUc=,xLEnPgyx/q1JEzBd9x1TPneu8Iw=
-16,-7,r6SR158GKAijZf2Kdlx6gRXerUc=,E7NzTFSKARkxOZZzBn2toLZF+2g=
-16,-6,r6SR158GKAijZf2Kdlx6gRXerUc=,E7NzTFSKARkxOZZzBn2toLZF+2g=
-15,-1,r6SR158GKAijZf2Kdlx6gRXerUc=,/kmIhJK3FW0fAmFOqDbEplD/L7Y=
-14,-1,r6SR158GKAijZf2Kdlx6gRXerUc=,/kmIhJK3FW0fAmFOqDbEplD/L7Y=
-12,-1,r6SR158GKAijZf2Kdlx6gRXerUc=,cgzbUY20quL6LsX7CbtST74XpFM=
-13,-1,r6SR158GKAijZf2Kdlx6gRXerUc=,/kmIhJK3FW0fAmFOqDbEplD/L7Y=
-16,-3,r6SR158GKAijZf2Kdlx6gRXerUc=,/kmIhJK3FW0fAmFOqDbEplD/L7Y=
-16,-5,r6SR158GKAijZf2Kdlx6gRXerUc=,E7NzTFSKARkxOZZzBn2toLZF+2g=
-16,-2,r6SR158GKAijZf2Kdlx6gRXerUc=,/kmIhJK3FW0fAmFOqDbEplD/L7Y=
-16,-4,r6SR158GKAijZf2Kdlx6gRXerUc=,/kmIhJK3FW0fAmFOqDbEplD/L7Y=
-11,-16,r6SR158GKAijZf2Kdlx6gRXerUc=,iS4aKwzP2ya57M3tv/mfRd7fYDQ=
-10,-16,r6SR158GKAijZf2Kdlx6gRXerUc=,iS4aKwzP2ya57M3tv/mfRd7fYDQ=
-8,-16,r6SR158GKAijZf2Kdlx6gRXerUc=,KUg1eBQGCbrXWdQOWLZZ7GcHWiA=
-9,-16,r6SR158GKAijZf2Kdlx6gRXerUc=,iS4aKwzP2ya57M3tv/mfRd7fYDQ=
-6,-16,r6SR158GKAijZf2Kdlx6gRXerUc=,KUg1eBQGCbrXWdQOWLZZ7GcHWiA=
-7,-16,r6SR158GKAijZf2Kdlx6gRXerUc=,KUg1eBQGCbrXWdQOWLZZ7GcHWiA=
-4,-16,r6SR158GKAijZf2Kdlx6gRXerUc=,i7YC8AMBlDSwHe71ulfQcySroYo=
-3,-16,r6SR158GKAijZf2Kdlx6gRXerUc=,i7YC8AMBlDSwHe71ulfQcySroYo=
-2,-16,r6SR158GKAijZf2Kdlx6gRXerUc=,i7YC8AMBlDSwHe71ulfQcySroYo=
-5,-16,r6SR158GKAijZf2Kdlx6gRXerUc=,KUg1eBQGCbrXWdQOWLZZ7GcHWiA=
-1,-16,r6SR158GKAijZf2Kdlx6gRXerUc=,i7YC8AMBlDSwHe71ulfQcySroYo=
-16,-1,r6SR158GKAijZf2Kdlx6gRXerUc=,/kmIhJK3FW0fAmFOqDbEplD/L7Y=
-2,-3,r6SR158GKAijZf2Kdlx6gRXerUc=,7m8+jaMQ7UfB4DRS51pKBIG2Xhc=
-3,-4,r6SR158GKAijZf2Kdlx6gRXerUc=,7m8+jaMQ7UfB4DRS51pKBIG2Xhc=
-3,-1,r6SR158GKAijZf2Kdlx6gRXerUc=,7m8+jaMQ7UfB4DRS51pKBIG2Xhc=
-2,-2,r6SR158GKAijZf2Kdlx6gRXerUc=,7m8+jaMQ7UfB4DRS51pKBIG2Xhc=
-1,-2,r6SR158GKAijZf2Kdlx6gRXerUc=,7m8+jaMQ7UfB4DRS51pKBIG2Xhc=
-1,-4,r6SR158GKAijZf2Kdlx6gRXerUc=,7m8+jaMQ7UfB4DRS51pKBIG2Xhc=
-1,-1,r6SR158GKAijZf2Kdlx6gRXerUc=,7m8+jaMQ7UfB4DRS51pKBIG2Xhc=
-5,-3,r6SR158GKAijZf2Kdlx6gRXerUc=,Ijh72l47jEpUjdSg91j9jKBmdvM=
-5,-5,r6SR158GKAijZf2Kdlx6gRXerUc=,Oi1fIXptp+tphU3wxQh2Smd99VU=
-4,-1,r6SR158GKAijZf2Kdlx6gRXerUc=,7m8+jaMQ7UfB4DRS51pKBIG2Xhc=
-1,-5,r6SR158GKAijZf2Kdlx6gRXerUc=,ZBmQJyo3n2L7+ZL76NvSZXgSWo8=
-3,-2,r6SR158GKAijZf2Kdlx6gRXerUc=,7m8+jaMQ7UfB4DRS51pKBIG2Xhc=
-2,-4,r6SR158GKAijZf2Kdlx6gRXerUc=,7m8+jaMQ7UfB4DRS51pKBIG2Xhc=
-4,-2,r6SR158GKAijZf2Kdlx6gRXerUc=,7m8+jaMQ7UfB4DRS51pKBIG2Xhc=
-1,-3,r6SR158GKAijZf2Kdlx6gRXerUc=,7m8+jaMQ7UfB4DRS51pKBIG2Xhc=
-2,-1,r6SR158GKAijZf2Kdlx6gRXerUc=,7m8+jaMQ7UfB4DRS51pKBIG2Xhc=
-5,-4,r6SR158GKAijZf2Kdlx6gRXerUc=,Ijh72l47jEpUjdSg91j9jKBmdvM=
-4,-4,r6SR158GKAijZf2Kdlx6gRXerUc=,7m8+jaMQ7UfB4DRS51pKBIG2Xhc=
-2,-5,r6SR158GKAijZf2Kdlx6gRXerUc=,ZBmQJyo3n2L7+ZL76NvSZXgSWo8=
-5,-2,r6SR158GKAijZf2Kdlx6gRXerUc=,Ijh72l47jEpUjdSg91j9jKBmdvM=
-3,-3,r6SR158GKAijZf2Kdlx6gRXerUc=,7m8+jaMQ7UfB4DRS51pKBIG2Xhc=
-3,-5,r6SR158GKAijZf2Kdlx6gRXerUc=,ZBmQJyo3n2L7+ZL76NvSZXgSWo8=
-4,-5,r6SR158GKAijZf2Kdlx6gRXerUc=,ZBmQJyo3n2L7+ZL76NvSZXgSWo8=
-5,-1,r6SR158GKAijZf2Kdlx6gRXerUc=,Ijh72l47jEpUjdSg91j9jKBmdvM=
-4,-3,r6SR158GKAijZf2Kdlx6gRXerUc=,7m8+jaMQ7UfB4DRS51pKBIG2Xhc=
-12,-16,r6SR158GKAijZf2Kdlx6gRXerUc=,iS4aKwzP2ya57M3tv/mfRd7fYDQ=
-12,-14,r6SR158GKAijZf2Kdlx6gRXerUc=,iS4aKwzP2ya57M3tv/mfRd7fYDQ=
-16,-15,r6SR158GKAijZf2Kdlx6gRXerUc=,MInmjPuEzOuDu/NzbCsZmTrH258=
-16,-16,r6SR158GKAijZf2Kdlx6gRXerUc=,MInmjPuEzOuDu/NzbCsZmTrH258=
-12,-15,r6SR158GKAijZf2Kdlx6gRXerUc=,iS4aKwzP2ya57M3tv/mfRd7fYDQ=
-14,-14,r6SR158GKAijZf2Kdlx6gRXerUc=,MInmjPuEzOuDu/NzbCsZmTrH258=
-13,-14,r6SR158GKAijZf2Kdlx6gRXerUc=,MInmjPuEzOuDu/NzbCsZmTrH258=
-15,-16,r6SR158GKAijZf2Kdlx6gRXerUc=,MInmjPuEzOuDu/NzbCsZmTrH258=
-16,-14,r6SR158GKAijZf2Kdlx6gRXerUc=,MInmjPuEzOuDu/NzbCsZmTrH258=
-13,-16,r6SR158GKAijZf2Kdlx6gRXerUc=,MInmjPuEzOuDu/NzbCsZmTrH258=
-15,-15,r6SR158GKAijZf2Kdlx6gRXerUc=,MInmjPuEzOuDu/NzbCsZmTrH258=
-14,-16,r6SR158GKAijZf2Kdlx6gRXerUc=,MInmjPuEzOuDu/NzbCsZmTrH258=
-15,-14,r6SR158GKAijZf2Kdlx6gRXerUc=,MInmjPuEzOuDu/NzbCsZmTrH258=
-13,-15,r6SR158GKAijZf2Kdlx6gRXerUc=,MInmjPuEzOuDu/NzbCsZmTrH258=
-14,-15,r6SR158GKAijZf2Kdlx6gRXerUc=,MInmjPuEzOuDu/NzbCsZmTrH258=
-13,-12,r6SR158GKAijZf2Kdlx6gRXerUc=,ghVLq0mwR+0beh9bK6FJ/X7gJXw=
-12,-12,r6SR158GKAijZf2Kdlx6gRXerUc=,uVW80gEASXl/ATgXFKEqRFdOjCQ=
-14,-12,r6SR158GKAijZf2Kdlx6gRXerUc=,ghVLq0mwR+0beh9bK6FJ/X7gJXw=
-15,-12,r6SR158GKAijZf2Kdlx6gRXerUc=,ghVLq0mwR+0beh9bK6FJ/X7gJXw=
-16,-11,r6SR158GKAijZf2Kdlx6gRXerUc=,ghVLq0mwR+0beh9bK6FJ/X7gJXw=
-13,-10,r6SR158GKAijZf2Kdlx6gRXerUc=,ghVLq0mwR+0beh9bK6FJ/X7gJXw=
-13,-13,r6SR158GKAijZf2Kdlx6gRXerUc=,MInmjPuEzOuDu/NzbCsZmTrH258=
-15,-11,r6SR158GKAijZf2Kdlx6gRXerUc=,ghVLq0mwR+0beh9bK6FJ/X7gJXw=
-14,-11,r6SR158GKAijZf2Kdlx6gRXerUc=,ghVLq0mwR+0beh9bK6FJ/X7gJXw=
-13,-11,r6SR158GKAijZf2Kdlx6gRXerUc=,ghVLq0mwR+0beh9bK6FJ/X7gJXw=
-16,-10,r6SR158GKAijZf2Kdlx6gRXerUc=,ghVLq0mwR+0beh9bK6FJ/X7gJXw=
-12,-11,r6SR158GKAijZf2Kdlx6gRXerUc=,uVW80gEASXl/ATgXFKEqRFdOjCQ=
-15,-10,r6SR158GKAijZf2Kdlx6gRXerUc=,ghVLq0mwR+0beh9bK6FJ/X7gJXw=
-14,-10,r6SR158GKAijZf2Kdlx6gRXerUc=,ghVLq0mwR+0beh9bK6FJ/X7gJXw=
-15,-9,r6SR158GKAijZf2Kdlx6gRXerUc=,ghVLq0mwR+0beh9bK6FJ/X7gJXw=
-15,-13,r6SR158GKAijZf2Kdlx6gRXerUc=,MInmjPuEzOuDu/NzbCsZmTrH258=
-14,-13,r6SR158GKAijZf2Kdlx6gRXerUc=,MInmjPuEzOuDu/NzbCsZmTrH258=
-16,-9,r6SR158GKAijZf2Kdlx6gRXerUc=,ghVLq0mwR+0beh9bK6FJ/X7gJXw=
-14,-9,r6SR158GKAijZf2Kdlx6gRXerUc=,ghVLq0mwR+0beh9bK6FJ/X7gJXw=
-16,-13,r6SR158GKAijZf2Kdlx6gRXerUc=,MInmjPuEzOuDu/NzbCsZmTrH258=
-16,-8,r6SR158GKAijZf2Kdlx6gRXerUc=,E7NzTFSKARkxOZZzBn2toLZF+2g=
-13,-9,r6SR158GKAijZf2Kdlx6gRXerUc=,ghVLq0mwR+0beh9bK6FJ/X7gJXw=
-16,-12,r6SR158GKAijZf2Kdlx6gRXerUc=,ghVLq0mwR+0beh9bK6FJ/X7gJXw=
-14,-8,r6SR158GKAijZf2Kdlx6gRXerUc=,E7NzTFSKARkxOZZzBn2toLZF+2g=
-12,-10,r6SR158GKAijZf2Kdlx6gRXerUc=,uVW80gEASXl/ATgXFKEqRFdOjCQ=
-15,-8,r6SR158GKAijZf2Kdlx6gRXerUc=,E7NzTFSKARkxOZZzBn2toLZF+2g=
-12,-13,r6SR158GKAijZf2Kdlx6gRXerUc=,iS4aKwzP2ya57M3tv/mfRd7fYDQ=
-12,-9,r6SR158GKAijZf2Kdlx6gRXerUc=,uVW80gEASXl/ATgXFKEqRFdOjCQ=
-13,-8,r6SR158GKAijZf2Kdlx6gRXerUc=,E7NzTFSKARkxOZZzBn2toLZF+2g=
-12,-8,r6SR158GKAijZf2Kdlx6gRXerUc=,mfpvSVJg/M3FtvbVpPEPDAQsPOU=
-15,-19,r6SR158GKAijZf2Kdlx6gRXerUc=,sStqL+4fWkfJLDNnMzxhvL7PwiA=
-14,-18,r6SR158GKAijZf2Kdlx6gRXerUc=,sStqL+4fWkfJLDNnMzxhvL7PwiA=
-15,-18,r6SR158GKAijZf2Kdlx6gRXerUc=,sStqL+4fWkfJLDNnMzxhvL7PwiA=
-14,-19,r6SR158GKAijZf2Kdlx6gRXerUc=,sStqL+4fWkfJLDNnMzxhvL7PwiA=
-10,-26,r6SR158GKAijZf2Kdlx6gRXerUc=,56jvnCUddhktfQvc1N/NfPcuCl4=
-11,-26,r6SR158GKAijZf2Kdlx6gRXerUc=,56jvnCUddhktfQvc1N/NfPcuCl4=
-11,-27,r6SR158GKAijZf2Kdlx6gRXerUc=,56jvnCUddhktfQvc1N/NfPcuCl4=
-10,-27,r6SR158GKAijZf2Kdlx6gRXerUc=,56jvnCUddhktfQvc1N/NfPcuCl4=
-11,-25,r6SR158GKAijZf2Kdlx6gRXerUc=,56jvnCUddhktfQvc1N/NfPcuCl4=
-10,-22,r6SR158GKAijZf2Kdlx6gRXerUc=,7xMA7Ug/inP38X3+udMix52Iwig=
-10,-23,r6SR158GKAijZf2Kdlx6gRXerUc=,7xMA7Ug/inP38X3+udMix52Iwig=
-11,-23,r6SR158GKAijZf2Kdlx6gRXerUc=,7xMA7Ug/inP38X3+udMix52Iwig=
-11,-22,r6SR158GKAijZf2Kdlx6gRXerUc=,7xMA7Ug/inP38X3+udMix52Iwig=
-10,-24,r6SR158GKAijZf2Kdlx6gRXerUc=,7xMA7Ug/inP38X3+udMix52Iwig=
-11,-24,r6SR158GKAijZf2Kdlx6gRXerUc=,7xMA7Ug/inP38X3+udMix52Iwig=
-10,-25,r6SR158GKAijZf2Kdlx6gRXerUc=,56jvnCUddhktfQvc1N/NfPcuCl4=
-15,-23,r6SR158GKAijZf2Kdlx6gRXerUc=,ROgwDmchJhcMpaASnvOdXRk0Mdk=
-14,-20,r6SR158GKAijZf2Kdlx6gRXerUc=,sStqL+4fWkfJLDNnMzxhvL7PwiA=
-15,-20,r6SR158GKAijZf2Kdlx6gRXerUc=,sStqL+4fWkfJLDNnMzxhvL7PwiA=
-14,-21,r6SR158GKAijZf2Kdlx6gRXerUc=,ROgwDmchJhcMpaASnvOdXRk0Mdk=
-15,-21,r6SR158GKAijZf2Kdlx6gRXerUc=,ROgwDmchJhcMpaASnvOdXRk0Mdk=
-12,-22,r6SR158GKAijZf2Kdlx6gRXerUc=,7xMA7Ug/inP38X3+udMix52Iwig=
-14,-22,r6SR158GKAijZf2Kdlx6gRXerUc=,ROgwDmchJhcMpaASnvOdXRk0Mdk=
-15,-22,r6SR158GKAijZf2Kdlx6gRXerUc=,ROgwDmchJhcMpaASnvOdXRk0Mdk=
-13,-22,r6SR158GKAijZf2Kdlx6gRXerUc=,ROgwDmchJhcMpaASnvOdXRk0Mdk=
-12,-23,r6SR158GKAijZf2Kdlx6gRXerUc=,7xMA7Ug/inP38X3+udMix52Iwig=
-13,-23,r6SR158GKAijZf2Kdlx6gRXerUc=,ROgwDmchJhcMpaASnvOdXRk0Mdk=
-14,-23,r6SR158GKAijZf2Kdlx6gRXerUc=,ROgwDmchJhcMpaASnvOdXRk0Mdk=
-12,-21,r6SR158GKAijZf2Kdlx6gRXerUc=,7xMA7Ug/inP38X3+udMix52Iwig=
-13,-20,r6SR158GKAijZf2Kdlx6gRXerUc=,sStqL+4fWkfJLDNnMzxhvL7PwiA=
-10,-18,r6SR158GKAijZf2Kdlx6gRXerUc=,52vRZetVGfE2aMpa2U6HtY18hjQ=
-11,-18,r6SR158GKAijZf2Kdlx6gRXerUc=,52vRZetVGfE2aMpa2U6HtY18hjQ=
-12,-18,r6SR158GKAijZf2Kdlx6gRXerUc=,52vRZetVGfE2aMpa2U6HtY18hjQ=
-13,-21,r6SR158GKAijZf2Kdlx6gRXerUc=,ROgwDmchJhcMpaASnvOdXRk0Mdk=
-10,-19,r6SR158GKAijZf2Kdlx6gRXerUc=,52vRZetVGfE2aMpa2U6HtY18hjQ=
-13,-18,r6SR158GKAijZf2Kdlx6gRXerUc=,sStqL+4fWkfJLDNnMzxhvL7PwiA=
-11,-19,r6SR158GKAijZf2Kdlx6gRXerUc=,52vRZetVGfE2aMpa2U6HtY18hjQ=
-12,-19,r6SR158GKAijZf2Kdlx6gRXerUc=,52vRZetVGfE2aMpa2U6HtY18hjQ=
-10,-20,r6SR158GKAijZf2Kdlx6gRXerUc=,52vRZetVGfE2aMpa2U6HtY18hjQ=
-11,-20,r6SR158GKAijZf2Kdlx6gRXerUc=,52vRZetVGfE2aMpa2U6HtY18hjQ=
-13,-19,r6SR158GKAijZf2Kdlx6gRXerUc=,sStqL+4fWkfJLDNnMzxhvL7PwiA=
-12,-20,r6SR158GKAijZf2Kdlx6gRXerUc=,52vRZetVGfE2aMpa2U6HtY18hjQ=
-10,-21,r6SR158GKAijZf2Kdlx6gRXerUc=,7xMA7Ug/inP38X3+udMix52Iwig=
-11,-21,r6SR158GKAijZf2Kdlx6gRXerUc=,7xMA7Ug/inP38X3+udMix52Iwig=
-15,-27,ZU6iPpkop0bA86kiC+DNAuyVJ/k=,DRXId/BKRV/jvN6HCZ243YvPp70=
-12,-26,ZU6iPpkop0bA86kiC+DNAuyVJ/k=,56jvnCUddhktfQvc1N/NfPcuCl4=
-13,-24,ZU6iPpkop0bA86kiC+DNAuyVJ/k=,ROgwDmchJhcMpaASnvOdXRk0Mdk=
-14,-24,ZU6iPpkop0bA86kiC+DNAuyVJ/k=,ROgwDmchJhcMpaASnvOdXRk0Mdk=
-12,-25,ZU6iPpkop0bA86kiC+DNAuyVJ/k=,56jvnCUddhktfQvc1N/NfPcuCl4=
-15,-24,ZU6iPpkop0bA86kiC+DNAuyVJ/k=,ROgwDmchJhcMpaASnvOdXRk0Mdk=
-14,-25,ZU6iPpkop0bA86kiC+DNAuyVJ/k=,DRXId/BKRV/jvN6HCZ243YvPp70=
-15,-25,ZU6iPpkop0bA86kiC+DNAuyVJ/k=,DRXId/BKRV/jvN6HCZ243YvPp70=
-13,-25,ZU6iPpkop0bA86kiC+DNAuyVJ/k=,DRXId/BKRV/jvN6HCZ243YvPp70=
-12,-27,ZU6iPpkop0bA86kiC+DNAuyVJ/k=,56jvnCUddhktfQvc1N/NfPcuCl4=
-14,-26,ZU6iPpkop0bA86kiC+DNAuyVJ/k=,DRXId/BKRV/jvN6HCZ243YvPp70=
-15,-26,ZU6iPpkop0bA86kiC+DNAuyVJ/k=,DRXId/BKRV/jvN6HCZ243YvPp70=
-12,-24,ZU6iPpkop0bA86kiC+DNAuyVJ/k=,7xMA7Ug/inP38X3+udMix52Iwig=
-13,-27,ZU6iPpkop0bA86kiC+DNAuyVJ/k=,DRXId/BKRV/jvN6HCZ243YvPp70=
-14,-27,ZU6iPpkop0bA86kiC+DNAuyVJ/k=,DRXId/BKRV/jvN6HCZ243YvPp70=
-13,-26,ZU6iPpkop0bA86kiC+DNAuyVJ/k=,DRXId/BKRV/jvN6HCZ243YvPp70=
-8,-19,ZU6iPpkop0bA86kiC+DNAuyVJ/k=,OScVzHoDgQ65OnvPeUqYPKDby88=
-6,-19,ZU6iPpkop0bA86kiC+DNAuyVJ/k=,OScVzHoDgQ65OnvPeUqYPKDby88=
-9,-18,ZU6iPpkop0bA86kiC+DNAuyVJ/k=,52vRZetVGfE2aMpa2U6HtY18hjQ=
-9,-19,ZU6iPpkop0bA86kiC+DNAuyVJ/k=,52vRZetVGfE2aMpa2U6HtY18hjQ=
-7,-19,ZU6iPpkop0bA86kiC+DNAuyVJ/k=,OScVzHoDgQ65OnvPeUqYPKDby88=
-6,-18,ZU6iPpkop0bA86kiC+DNAuyVJ/k=,OScVzHoDgQ65OnvPeUqYPKDby88=
-15,-29,ZU6iPpkop0bA86kiC+DNAuyVJ/k=,iYGIM2DoAvqaUXXLewTiON+eGWU=
-14,-30,ZU6iPpkop0bA86kiC+DNAuyVJ/k=,iYGIM2DoAvqaUXXLewTiON+eGWU=
-15,-30,ZU6iPpkop0bA86kiC+DNAuyVJ/k=,iYGIM2DoAvqaUXXLewTiON+eGWU=
-14,-29,ZU6iPpkop0bA86kiC+DNAuyVJ/k=,iYGIM2DoAvqaUXXLewTiON+eGWU=
-14,-28,ZU6iPpkop0bA86kiC+DNAuyVJ/k=,DRXId/BKRV/jvN6HCZ243YvPp70=
-7,-18,ZU6iPpkop0bA86kiC+DNAuyVJ/k=,OScVzHoDgQ65OnvPeUqYPKDby88=
-15,-31,ZU6iPpkop0bA86kiC+DNAuyVJ/k=,iYGIM2DoAvqaUXXLewTiON+eGWU=
-15,-28,ZU6iPpkop0bA86kiC+DNAuyVJ/k=,DRXId/BKRV/jvN6HCZ243YvPp70=
-14,-31,ZU6iPpkop0bA86kiC+DNAuyVJ/k=,iYGIM2DoAvqaUXXLewTiON+eGWU=
-8,-20,ZU6iPpkop0bA86kiC+DNAuyVJ/k=,OScVzHoDgQ65OnvPeUqYPKDby88=
-7,-20,ZU6iPpkop0bA86kiC+DNAuyVJ/k=,OScVzHoDgQ65OnvPeUqYPKDby88=
-8,-18,ZU6iPpkop0bA86kiC+DNAuyVJ/k=,OScVzHoDgQ65OnvPeUqYPKDby88=
-9,-21,ZU6iPpkop0bA86kiC+DNAuyVJ/k=,7xMA7Ug/inP38X3+udMix52Iwig=
-9,-20,ZU6iPpkop0bA86kiC+DNAuyVJ/k=,52vRZetVGfE2aMpa2U6HtY18hjQ=
-6,-20,ZU6iPpkop0bA86kiC+DNAuyVJ/k=,OScVzHoDgQ65OnvPeUqYPKDby88=
-9,-23,ZU6iPpkop0bA86kiC+DNAuyVJ/k=,7xMA7Ug/inP38X3+udMix52Iwig=
-9,-22,ZU6iPpkop0bA86kiC+DNAuyVJ/k=,7xMA7Ug/inP38X3+udMix52Iwig=
-3,-26,ZU6iPpkop0bA86kiC+DNAuyVJ/k=,DYuQNjw9P52XECh1t5abw/XhKP0=
-2,-27,ZU6iPpkop0bA86kiC+DNAuyVJ/k=,DYuQNjw9P52XECh1t5abw/XhKP0=
-3,-27,ZU6iPpkop0bA86kiC+DNAuyVJ/k=,DYuQNjw9P52XECh1t5abw/XhKP0=
-2,-26,ZU6iPpkop0bA86kiC+DNAuyVJ/k=,DYuQNjw9P52XECh1t5abw/XhKP0=
-9,-25,ZU6iPpkop0bA86kiC+DNAuyVJ/k=,56jvnCUddhktfQvc1N/NfPcuCl4=
-9,-24,ZU6iPpkop0bA86kiC+DNAuyVJ/k=,7xMA7Ug/inP38X3+udMix52Iwig=
-9,-27,ZU6iPpkop0bA86kiC+DNAuyVJ/k=,56jvnCUddhktfQvc1N/NfPcuCl4=
-9,-26,ZU6iPpkop0bA86kiC+DNAuyVJ/k=,56jvnCUddhktfQvc1N/NfPcuCl4=
-4,-27,ZU6iPpkop0bA86kiC+DNAuyVJ/k=,DYuQNjw9P52XECh1t5abw/XhKP0=
-4,-26,ZU6iPpkop0bA86kiC+DNAuyVJ/k=,DYuQNjw9P52XECh1t5abw/XhKP0=
-3,-29,ZU6iPpkop0bA86kiC+DNAuyVJ/k=,mkcx39kEXX97IoKamRXuLVwt7nU=
-2,-28,ZU6iPpkop0bA86kiC+DNAuyVJ/k=,DYuQNjw9P52XECh1t5abw/XhKP0=
-4,-30,ZU6iPpkop0bA86kiC+DNAuyVJ/k=,mkcx39kEXX97IoKamRXuLVwt7nU=
-4,-29,ZU6iPpkop0bA86kiC+DNAuyVJ/k=,mkcx39kEXX97IoKamRXuLVwt7nU=
-3,-28,ZU6iPpkop0bA86kiC+DNAuyVJ/k=,DYuQNjw9P52XECh1t5abw/XhKP0=
-2,-29,ZU6iPpkop0bA86kiC+DNAuyVJ/k=,mkcx39kEXX97IoKamRXuLVwt7nU=
-4,-28,ZU6iPpkop0bA86kiC+DNAuyVJ/k=,DYuQNjw9P52XECh1t5abw/XhKP0=
-2,-30,ZU6iPpkop0bA86kiC+DNAuyVJ/k=,mkcx39kEXX97IoKamRXuLVwt7nU=
-2,-31,ZU6iPpkop0bA86kiC+DNAuyVJ/k=,mkcx39kEXX97IoKamRXuLVwt7nU=
-3,-31,ZU6iPpkop0bA86kiC+DNAuyVJ/k=,mkcx39kEXX97IoKamRXuLVwt7nU=
-4,-31,ZU6iPpkop0bA86kiC+DNAuyVJ/k=,mkcx39kEXX97IoKamRXuLVwt7nU=
-3,-30,ZU6iPpkop0bA86kiC+DNAuyVJ/k=,mkcx39kEXX97IoKamRXuLVwt7nU=
-1,-30,ZU6iPpkop0bA86kiC+DNAuyVJ/k=,mkcx39kEXX97IoKamRXuLVwt7nU=
-1,-31,ZU6iPpkop0bA86kiC+DNAuyVJ/k=,mkcx39kEXX97IoKamRXuLVwt7nU=
-1,-26,ZU6iPpkop0bA86kiC+DNAuyVJ/k=,DYuQNjw9P52XECh1t5abw/XhKP0=
-1,-29,ZU6iPpkop0bA86kiC+DNAuyVJ/k=,mkcx39kEXX97IoKamRXuLVwt7nU=
-1,-28,ZU6iPpkop0bA86kiC+DNAuyVJ/k=,DYuQNjw9P52XECh1t5abw/XhKP0=
-1,-27,ZU6iPpkop0bA86kiC+DNAuyVJ/k=,DYuQNjw9P52XECh1t5abw/XhKP0=
-11,-17,ZU6iPpkop0bA86kiC+DNAuyVJ/k=,52vRZetVGfE2aMpa2U6HtY18hjQ=
-10,-17,ZU6iPpkop0bA86kiC+DNAuyVJ/k=,52vRZetVGfE2aMpa2U6HtY18hjQ=
-4,-19,ZU6iPpkop0bA86kiC+DNAuyVJ/k=,wFLuxtcA2wmF0sDHiyYmFXbTo1Y=
-1,-18,ZU6iPpkop0bA86kiC+DNAuyVJ/k=,wFLuxtcA2wmF0sDHiyYmFXbTo1Y=
-1,-19,ZU6iPpkop0bA86kiC+DNAuyVJ/k=,wFLuxtcA2wmF0sDHiyYmFXbTo1Y=
-4,-18,ZU6iPpkop0bA86kiC+DNAuyVJ/k=,wFLuxtcA2wmF0sDHiyYmFXbTo1Y=
-3,-18,ZU6iPpkop0bA86kiC+DNAuyVJ/k=,wFLuxtcA2wmF0sDHiyYmFXbTo1Y=
-5,-19,ZU6iPpkop0bA86kiC+DNAuyVJ/k=,OScVzHoDgQ65OnvPeUqYPKDby88=
-3,-19,ZU6iPpkop0bA86kiC+DNAuyVJ/k=,wFLuxtcA2wmF0sDHiyYmFXbTo1Y=
-2,-19,ZU6iPpkop0bA86kiC+DNAuyVJ/k=,wFLuxtcA2wmF0sDHiyYmFXbTo1Y=
-2,-18,ZU6iPpkop0bA86kiC+DNAuyVJ/k=,wFLuxtcA2wmF0sDHiyYmFXbTo1Y=
-3,-17,ZU6iPpkop0bA86kiC+DNAuyVJ/k=,wFLuxtcA2wmF0sDHiyYmFXbTo1Y=
-13,-29,ZU6iPpkop0bA86kiC+DNAuyVJ/k=,iYGIM2DoAvqaUXXLewTiON+eGWU=
-10,-28,ZU6iPpkop0bA86kiC+DNAuyVJ/k=,56jvnCUddhktfQvc1N/NfPcuCl4=
-5,-18,ZU6iPpkop0bA86kiC+DNAuyVJ/k=,OScVzHoDgQ65OnvPeUqYPKDby88=
-13,-30,ZU6iPpkop0bA86kiC+DNAuyVJ/k=,iYGIM2DoAvqaUXXLewTiON+eGWU=
-9,-28,ZU6iPpkop0bA86kiC+DNAuyVJ/k=,56jvnCUddhktfQvc1N/NfPcuCl4=
-11,-28,ZU6iPpkop0bA86kiC+DNAuyVJ/k=,56jvnCUddhktfQvc1N/NfPcuCl4=
-13,-31,ZU6iPpkop0bA86kiC+DNAuyVJ/k=,iYGIM2DoAvqaUXXLewTiON+eGWU=
-12,-28,ZU6iPpkop0bA86kiC+DNAuyVJ/k=,56jvnCUddhktfQvc1N/NfPcuCl4=
-13,-28,ZU6iPpkop0bA86kiC+DNAuyVJ/k=,DRXId/BKRV/jvN6HCZ243YvPp70=
-16,-23,ZU6iPpkop0bA86kiC+DNAuyVJ/k=,ROgwDmchJhcMpaASnvOdXRk0Mdk=
-2,-17,ZU6iPpkop0bA86kiC+DNAuyVJ/k=,wFLuxtcA2wmF0sDHiyYmFXbTo1Y=
-16,-22,ZU6iPpkop0bA86kiC+DNAuyVJ/k=,ROgwDmchJhcMpaASnvOdXRk0Mdk=
-9,-17,ZU6iPpkop0bA86kiC+DNAuyVJ/k=,52vRZetVGfE2aMpa2U6HtY18hjQ=
-8,-17,ZU6iPpkop0bA86kiC+DNAuyVJ/k=,OScVzHoDgQ65OnvPeUqYPKDby88=
-1,-17,ZU6iPpkop0bA86kiC+DNAuyVJ/k=,wFLuxtcA2wmF0sDHiyYmFXbTo1Y=
-7,-17,ZU6iPpkop0bA86kiC+DNAuyVJ/k=,OScVzHoDgQ65OnvPeUqYPKDby88=
-4,-17,ZU6iPpkop0bA86kiC+DNAuyVJ/k=,wFLuxtcA2wmF0sDHiyYmFXbTo1Y=
-6,-17,ZU6iPpkop0bA86kiC+DNAuyVJ/k=,OScVzHoDgQ65OnvPeUqYPKDby88=
-14,-32,ZU6iPpkop0bA86kiC+DNAuyVJ/k=,iYGIM2DoAvqaUXXLewTiON+eGWU=
-5,-17,ZU6iPpkop0bA86kiC+DNAuyVJ/k=,OScVzHoDgQ65OnvPeUqYPKDby88=
-16,-27,ZU6iPpkop0bA86kiC+DNAuyVJ/k=,DRXId/BKRV/jvN6HCZ243YvPp70=
-15,-32,ZU6iPpkop0bA86kiC+DNAuyVJ/k=,iYGIM2DoAvqaUXXLewTiON+eGWU=
-16,-26,ZU6iPpkop0bA86kiC+DNAuyVJ/k=,DRXId/BKRV/jvN6HCZ243YvPp70=
-16,-25,ZU6iPpkop0bA86kiC+DNAuyVJ/k=,DRXId/BKRV/jvN6HCZ243YvPp70=
-16,-24,ZU6iPpkop0bA86kiC+DNAuyVJ/k=,ROgwDmchJhcMpaASnvOdXRk0Mdk=
-12,-17,ZU6iPpkop0bA86kiC+DNAuyVJ/k=,52vRZetVGfE2aMpa2U6HtY18hjQ=
-16,-29,ZU6iPpkop0bA86kiC+DNAuyVJ/k=,iYGIM2DoAvqaUXXLewTiON+eGWU=
-15,-17,ZU6iPpkop0bA86kiC+DNAuyVJ/k=,sStqL+4fWkfJLDNnMzxhvL7PwiA=
-14,-17,ZU6iPpkop0bA86kiC+DNAuyVJ/k=,sStqL+4fWkfJLDNnMzxhvL7PwiA=
-13,-17,ZU6iPpkop0bA86kiC+DNAuyVJ/k=,sStqL+4fWkfJLDNnMzxhvL7PwiA=
-16,-32,ZU6iPpkop0bA86kiC+DNAuyVJ/k=,iYGIM2DoAvqaUXXLewTiON+eGWU=
-16,-31,ZU6iPpkop0bA86kiC+DNAuyVJ/k=,iYGIM2DoAvqaUXXLewTiON+eGWU=
-16,-30,ZU6iPpkop0bA86kiC+DNAuyVJ/k=,iYGIM2DoAvqaUXXLewTiON+eGWU=
-16,-19,ZU6iPpkop0bA86kiC+DNAuyVJ/k=,sStqL+4fWkfJLDNnMzxhvL7PwiA=
-16,-28,ZU6iPpkop0bA86kiC+DNAuyVJ/k=,DRXId/BKRV/jvN6HCZ243YvPp70=
-16,-18,ZU6iPpkop0bA86kiC+DNAuyVJ/k=,sStqL+4fWkfJLDNnMzxhvL7PwiA=
-16,-21,ZU6iPpkop0bA86kiC+DNAuyVJ/k=,ROgwDmchJhcMpaASnvOdXRk0Mdk=
-16,-17,ZU6iPpkop0bA86kiC+DNAuyVJ/k=,sStqL+4fWkfJLDNnMzxhvL7PwiA=
-16,-20,ZU6iPpkop0bA86kiC+DNAuyVJ/k=,sStqL+4fWkfJLDNnMzxhvL7PwiA=
-13,-32,ZU6iPpkop0bA86kiC+DNAuyVJ/k=,iYGIM2DoAvqaUXXLewTiON+eGWU=
-4,-32,ZU6iPpkop0bA86kiC+DNAuyVJ/k=,mkcx39kEXX97IoKamRXuLVwt7nU=
-3,-32,ZU6iPpkop0bA86kiC+DNAuyVJ/k=,mkcx39kEXX97IoKamRXuLVwt7nU=
-2,-32,ZU6iPpkop0bA86kiC+DNAuyVJ/k=,mkcx39kEXX97IoKamRXuLVwt7nU=
-1,-32,ZU6iPpkop0bA86kiC+DNAuyVJ/k=,mkcx39kEXX97IoKamRXuLVwt7nU=
-5,-20,ZU6iPpkop0bA86kiC+DNAuyVJ/k=,OScVzHoDgQ65OnvPeUqYPKDby88=
-2,-20,ZU6iPpkop0bA86kiC+DNAuyVJ/k=,wFLuxtcA2wmF0sDHiyYmFXbTo1Y=
-4,-23,ZU6iPpkop0bA86kiC+DNAuyVJ/k=,tRLl44S7axks8F/02lxma4aq8xc=
-3,-23,ZU6iPpkop0bA86kiC+DNAuyVJ/k=,tRLl44S7axks8F/02lxma4aq8xc=
-1,-24,ZU6iPpkop0bA86kiC+DNAuyVJ/k=,tRLl44S7axks8F/02lxma4aq8xc=
-1,-21,ZU6iPpkop0bA86kiC+DNAuyVJ/k=,tRLl44S7axks8F/02lxma4aq8xc=
-4,-24,ZU6iPpkop0bA86kiC+DNAuyVJ/k=,tRLl44S7axks8F/02lxma4aq8xc=
-2,-23,ZU6iPpkop0bA86kiC+DNAuyVJ/k=,tRLl44S7axks8F/02lxma4aq8xc=
-4,-25,ZU6iPpkop0bA86kiC+DNAuyVJ/k=,DYuQNjw9P52XECh1t5abw/XhKP0=
-3,-25,ZU6iPpkop0bA86kiC+DNAuyVJ/k=,DYuQNjw9P52XECh1t5abw/XhKP0=
-4,-20,ZU6iPpkop0bA86kiC+DNAuyVJ/k=,wFLuxtcA2wmF0sDHiyYmFXbTo1Y=
-2,-24,ZU6iPpkop0bA86kiC+DNAuyVJ/k=,tRLl44S7axks8F/02lxma4aq8xc=
-3,-21,ZU6iPpkop0bA86kiC+DNAuyVJ/k=,tRLl44S7axks8F/02lxma4aq8xc=
-3,-24,ZU6iPpkop0bA86kiC+DNAuyVJ/k=,tRLl44S7axks8F/02lxma4aq8xc=
-1,-20,ZU6iPpkop0bA86kiC+DNAuyVJ/k=,wFLuxtcA2wmF0sDHiyYmFXbTo1Y=
-1,-22,ZU6iPpkop0bA86kiC+DNAuyVJ/k=,tRLl44S7axks8F/02lxma4aq8xc=
-3,-20,ZU6iPpkop0bA86kiC+DNAuyVJ/k=,wFLuxtcA2wmF0sDHiyYmFXbTo1Y=
-2,-21,ZU6iPpkop0bA86kiC+DNAuyVJ/k=,tRLl44S7axks8F/02lxma4aq8xc=
-2,-22,ZU6iPpkop0bA86kiC+DNAuyVJ/k=,tRLl44S7axks8F/02lxma4aq8xc=
-2,-25,ZU6iPpkop0bA86kiC+DNAuyVJ/k=,DYuQNjw9P52XECh1t5abw/XhKP0=
-1,-23,ZU6iPpkop0bA86kiC+DNAuyVJ/k=,tRLl44S7axks8F/02lxma4aq8xc=
-4,-22,ZU6iPpkop0bA86kiC+DNAuyVJ/k=,tRLl44S7axks8F/02lxma4aq8xc=
-1,-25,ZU6iPpkop0bA86kiC+DNAuyVJ/k=,DYuQNjw9P52XECh1t5abw/XhKP0=
-3,-22,ZU6iPpkop0bA86kiC+DNAuyVJ/k=,tRLl44S7axks8F/02lxma4aq8xc=
-4,-21,ZU6iPpkop0bA86kiC+DNAuyVJ/k=,tRLl44S7axks8F/02lxma4aq8xc=
-18,-18,h3vjD0AfOgN2uhkcb0ITnm+WhzY=,pfzRVFlRs1TKOQ5jQaknfCRLNow=
-19,-18,h3vjD0AfOgN2uhkcb0ITnm+WhzY=,pfzRVFlRs1TKOQ5jQaknfCRLNow=
-18,-19,h3vjD0AfOgN2uhkcb0ITnm+WhzY=,pfzRVFlRs1TKOQ5jQaknfCRLNow=
-19,-19,h3vjD0AfOgN2uhkcb0ITnm+WhzY=,pfzRVFlRs1TKOQ5jQaknfCRLNow=
-20,-18,h3vjD0AfOgN2uhkcb0ITnm+WhzY=,pfzRVFlRs1TKOQ5jQaknfCRLNow=
-20,-19,h3vjD0AfOgN2uhkcb0ITnm+WhzY=,pfzRVFlRs1TKOQ5jQaknfCRLNow=
-17,-18,h3vjD0AfOgN2uhkcb0ITnm+WhzY=,pfzRVFlRs1TKOQ5jQaknfCRLNow=
-17,-19,h3vjD0AfOgN2uhkcb0ITnm+WhzY=,pfzRVFlRs1TKOQ5jQaknfCRLNow=
-19,-17,h3vjD0AfOgN2uhkcb0ITnm+WhzY=,pfzRVFlRs1TKOQ5jQaknfCRLNow=
-18,-17,h3vjD0AfOgN2uhkcb0ITnm+WhzY=,pfzRVFlRs1TKOQ5jQaknfCRLNow=
-17,-17,h3vjD0AfOgN2uhkcb0ITnm+WhzY=,pfzRVFlRs1TKOQ5jQaknfCRLNow=
-20,-17,h3vjD0AfOgN2uhkcb0ITnm+WhzY=,pfzRVFlRs1TKOQ5jQaknfCRLNow=
-17,-23,h3vjD0AfOgN2uhkcb0ITnm+WhzY=,SnGP83iCcfPttrBGlr4wBu8hJF4=
-20,-22,h3vjD0AfOgN2uhkcb0ITnm+WhzY=,SnGP83iCcfPttrBGlr4wBu8hJF4=
-20,-21,h3vjD0AfOgN2uhkcb0ITnm+WhzY=,SnGP83iCcfPttrBGlr4wBu8hJF4=
-17,-22,h3vjD0AfOgN2uhkcb0ITnm+WhzY=,SnGP83iCcfPttrBGlr4wBu8hJF4=
-17,-21,h3vjD0AfOgN2uhkcb0ITnm+WhzY=,SnGP83iCcfPttrBGlr4wBu8hJF4=
-20,-23,h3vjD0AfOgN2uhkcb0ITnm+WhzY=,SnGP83iCcfPttrBGlr4wBu8hJF4=
-17,-20,h3vjD0AfOgN2uhkcb0ITnm+WhzY=,pfzRVFlRs1TKOQ5jQaknfCRLNow=
-18,-23,h3vjD0AfOgN2uhkcb0ITnm+WhzY=,SnGP83iCcfPttrBGlr4wBu8hJF4=
-19,-23,h3vjD0AfOgN2uhkcb0ITnm+WhzY=,SnGP83iCcfPttrBGlr4wBu8hJF4=
-18,-20,h3vjD0AfOgN2uhkcb0ITnm+WhzY=,pfzRVFlRs1TKOQ5jQaknfCRLNow=
-18,-22,h3vjD0AfOgN2uhkcb0ITnm+WhzY=,SnGP83iCcfPttrBGlr4wBu8hJF4=
-20,-20,h3vjD0AfOgN2uhkcb0ITnm+WhzY=,pfzRVFlRs1TKOQ5jQaknfCRLNow=
-19,-20,h3vjD0AfOgN2uhkcb0ITnm+WhzY=,pfzRVFlRs1TKOQ5jQaknfCRLNow=
-18,-21,h3vjD0AfOgN2uhkcb0ITnm+WhzY=,SnGP83iCcfPttrBGlr4wBu8hJF4=
-19,-21,h3vjD0AfOgN2uhkcb0ITnm+WhzY=,SnGP83iCcfPttrBGlr4wBu8hJF4=
-19,-22,h3vjD0AfOgN2uhkcb0ITnm+WhzY=,SnGP83iCcfPttrBGlr4wBu8hJF4=
-17,-27,h3vjD0AfOgN2uhkcb0ITnm+WhzY=,QJyzXdOu5/VApUnWOEEE+qcjo5g=
-20,-27,h3vjD0AfOgN2uhkcb0ITnm+WhzY=,QJyzXdOu5/VApUnWOEEE+qcjo5g=
-20,-24,h3vjD0AfOgN2uhkcb0ITnm+WhzY=,SnGP83iCcfPttrBGlr4wBu8hJF4=
-18,-27,h3vjD0AfOgN2uhkcb0ITnm+WhzY=,QJyzXdOu5/VApUnWOEEE+qcjo5g=
-17,-25,h3vjD0AfOgN2uhkcb0ITnm+WhzY=,QJyzXdOu5/VApUnWOEEE+qcjo5g=
-18,-26,h3vjD0AfOgN2uhkcb0ITnm+WhzY=,QJyzXdOu5/VApUnWOEEE+qcjo5g=
-18,-25,h3vjD0AfOgN2uhkcb0ITnm+WhzY=,QJyzXdOu5/VApUnWOEEE+qcjo5g=
-17,-26,h3vjD0AfOgN2uhkcb0ITnm+WhzY=,QJyzXdOu5/VApUnWOEEE+qcjo5g=
-19,-26,h3vjD0AfOgN2uhkcb0ITnm+WhzY=,QJyzXdOu5/VApUnWOEEE+qcjo5g=
-19,-24,h3vjD0AfOgN2uhkcb0ITnm+WhzY=,SnGP83iCcfPttrBGlr4wBu8hJF4=
-20,-26,h3vjD0AfOgN2uhkcb0ITnm+WhzY=,QJyzXdOu5/VApUnWOEEE+qcjo5g=
-20,-25,h3vjD0AfOgN2uhkcb0ITnm+WhzY=,QJyzXdOu5/VApUnWOEEE+qcjo5g=
-17,-24,h3vjD0AfOgN2uhkcb0ITnm+WhzY=,SnGP83iCcfPttrBGlr4wBu8hJF4=
-18,-24,h3vjD0AfOgN2uhkcb0ITnm+WhzY=,SnGP83iCcfPttrBGlr4wBu8hJF4=
-19,-27,h3vjD0AfOgN2uhkcb0ITnm+WhzY=,QJyzXdOu5/VApUnWOEEE+qcjo5g=
-19,-25,h3vjD0AfOgN2uhkcb0ITnm+WhzY=,QJyzXdOu5/VApUnWOEEE+qcjo5g=
-20,-29,h3vjD0AfOgN2uhkcb0ITnm+WhzY=,pIU7NkyEODtxnBsdnnDo2Aze9Ow=
-20,-28,h3vjD0AfOgN2uhkcb0ITnm+WhzY=,QJyzXdOu5/VApUnWOEEE+qcjo5g=
-17,-28,h3vjD0AfOgN2uhkcb0ITnm+WhzY=,QJyzXdOu5/VApUnWOEEE+qcjo5g=
-19,-30,h3vjD0AfOgN2uhkcb0ITnm+WhzY=,pIU7NkyEODtxnBsdnnDo2Aze9Ow=
-20,-30,h3vjD0AfOgN2uhkcb0ITnm+WhzY=,pIU7NkyEODtxnBsdnnDo2Aze9Ow=
-20,-31,h3vjD0AfOgN2uhkcb0ITnm+WhzY=,pIU7NkyEODtxnBsdnnDo2Aze9Ow=
-19,-31,h3vjD0AfOgN2uhkcb0ITnm+WhzY=,pIU7NkyEODtxnBsdnnDo2Aze9Ow=
-18,-30,h3vjD0AfOgN2uhkcb0ITnm+WhzY=,pIU7NkyEODtxnBsdnnDo2Aze9Ow=
-17,-32,h3vjD0AfOgN2uhkcb0ITnm+WhzY=,pIU7NkyEODtxnBsdnnDo2Aze9Ow=
-18,-28,h3vjD0AfOgN2uhkcb0ITnm+WhzY=,QJyzXdOu5/VApUnWOEEE+qcjo5g=
-19,-28,h3vjD0AfOgN2uhkcb0ITnm+WhzY=,QJyzXdOu5/VApUnWOEEE+qcjo5g=
-17,-30,h3vjD0AfOgN2uhkcb0ITnm+WhzY=,pIU7NkyEODtxnBsdnnDo2Aze9Ow=
-18,-32,h3vjD0AfOgN2uhkcb0ITnm+WhzY=,pIU7NkyEODtxnBsdnnDo2Aze9Ow=
-20,-32,h3vjD0AfOgN2uhkcb0ITnm+WhzY=,pIU7NkyEODtxnBsdnnDo2Aze9Ow=
-18,-29,h3vjD0AfOgN2uhkcb0ITnm+WhzY=,pIU7NkyEODtxnBsdnnDo2Aze9Ow=
-19,-29,h3vjD0AfOgN2uhkcb0ITnm+WhzY=,pIU7NkyEODtxnBsdnnDo2Aze9Ow=
-19,-32,h3vjD0AfOgN2uhkcb0ITnm+WhzY=,pIU7NkyEODtxnBsdnnDo2Aze9Ow=
-18,-31,h3vjD0AfOgN2uhkcb0ITnm+WhzY=,pIU7NkyEODtxnBsdnnDo2Aze9Ow=
-17,-29,h3vjD0AfOgN2uhkcb0ITnm+WhzY=,pIU7NkyEODtxnBsdnnDo2Aze9Ow=
-17,-31,h3vjD0AfOgN2uhkcb0ITnm+WhzY=,pIU7NkyEODtxnBsdnnDo2Aze9Ow=
-19,-6,h3vjD0AfOgN2uhkcb0ITnm+WhzY=,0gggY8uIDrtbTwcIzq7oNEVe1+M=
-19,-7,h3vjD0AfOgN2uhkcb0ITnm+WhzY=,0gggY8uIDrtbTwcIzq7oNEVe1+M=
-18,-7,h3vjD0AfOgN2uhkcb0ITnm+WhzY=,0gggY8uIDrtbTwcIzq7oNEVe1+M=
-18,-6,h3vjD0AfOgN2uhkcb0ITnm+WhzY=,0gggY8uIDrtbTwcIzq7oNEVe1+M=
-19,-11,h3vjD0AfOgN2uhkcb0ITnm+WhzY=,2qRQ+00lBarCsPccgPR6cLVjbus=
-18,-10,h3vjD0AfOgN2uhkcb0ITnm+WhzY=,2qRQ+00lBarCsPccgPR6cLVjbus=
-19,-10,h3vjD0AfOgN2uhkcb0ITnm+WhzY=,2qRQ+00lBarCsPccgPR6cLVjbus=
-18,-9,h3vjD0AfOgN2uhkcb0ITnm+WhzY=,2qRQ+00lBarCsPccgPR6cLVjbus=
-18,-8,h3vjD0AfOgN2uhkcb0ITnm+WhzY=,0gggY8uIDrtbTwcIzq7oNEVe1+M=
-18,-11,h3vjD0AfOgN2uhkcb0ITnm+WhzY=,2qRQ+00lBarCsPccgPR6cLVjbus=
-19,-9,h3vjD0AfOgN2uhkcb0ITnm+WhzY=,2qRQ+00lBarCsPccgPR6cLVjbus=
-19,-8,h3vjD0AfOgN2uhkcb0ITnm+WhzY=,0gggY8uIDrtbTwcIzq7oNEVe1+M=
-20,-6,h3vjD0AfOgN2uhkcb0ITnm+WhzY=,0gggY8uIDrtbTwcIzq7oNEVe1+M=
-20,-7,h3vjD0AfOgN2uhkcb0ITnm+WhzY=,0gggY8uIDrtbTwcIzq7oNEVe1+M=
-21,-6,h3vjD0AfOgN2uhkcb0ITnm+WhzY=,Vw4pi7v89Jj9/EUForQQzyLw2zc=
-22,-6,h3vjD0AfOgN2uhkcb0ITnm+WhzY=,Vw4pi7v89Jj9/EUForQQzyLw2zc=
-23,-6,h3vjD0AfOgN2uhkcb0ITnm+WhzY=,Vw4pi7v89Jj9/EUForQQzyLw2zc=
-21,-7,h3vjD0AfOgN2uhkcb0ITnm+WhzY=,Vw4pi7v89Jj9/EUForQQzyLw2zc=
-22,-7,h3vjD0AfOgN2uhkcb0ITnm+WhzY=,Vw4pi7v89Jj9/EUForQQzyLw2zc=
-23,-7,h3vjD0AfOgN2uhkcb0ITnm+WhzY=,Vw4pi7v89Jj9/EUForQQzyLw2zc=
-19,-15,bW+ODztfuWs1fTt2uEhDJ07KMRk=,OLoun1TrBEZkCAm+c9UhhG83gds=
-19,-12,bW+ODztfuWs1fTt2uEhDJ07KMRk=,2qRQ+00lBarCsPccgPR6cLVjbus=
-19,-14,bW+ODztfuWs1fTt2uEhDJ07KMRk=,OLoun1TrBEZkCAm+c9UhhG83gds=
-18,-13,bW+ODztfuWs1fTt2uEhDJ07KMRk=,OLoun1TrBEZkCAm+c9UhhG83gds=
-19,-13,bW+ODztfuWs1fTt2uEhDJ07KMRk=,OLoun1TrBEZkCAm+c9UhhG83gds=
-18,-14,bW+ODztfuWs1fTt2uEhDJ07KMRk=,OLoun1TrBEZkCAm+c9UhhG83gds=
-18,-12,bW+ODztfuWs1fTt2uEhDJ07KMRk=,2qRQ+00lBarCsPccgPR6cLVjbus=
-18,-15,bW+ODztfuWs1fTt2uEhDJ07KMRk=,OLoun1TrBEZkCAm+c9UhhG83gds=
-27,-3,bW+ODztfuWs1fTt2uEhDJ07KMRk=,dyydu7PhfFyGFWw7NDkH836n/cE=
-26,-3,bW+ODztfuWs1fTt2uEhDJ07KMRk=,dyydu7PhfFyGFWw7NDkH836n/cE=
-27,-2,bW+ODztfuWs1fTt2uEhDJ07KMRk=,dyydu7PhfFyGFWw7NDkH836n/cE=
-26,-2,bW+ODztfuWs1fTt2uEhDJ07KMRk=,dyydu7PhfFyGFWw7NDkH836n/cE=
-27,-4,bW+ODztfuWs1fTt2uEhDJ07KMRk=,dyydu7PhfFyGFWw7NDkH836n/cE=
-26,-4,bW+ODztfuWs1fTt2uEhDJ07KMRk=,dyydu7PhfFyGFWw7NDkH836n/cE=
-24,-7,bW+ODztfuWs1fTt2uEhDJ07KMRk=,Vw4pi7v89Jj9/EUForQQzyLw2zc=
-24,-6,bW+ODztfuWs1fTt2uEhDJ07KMRk=,Vw4pi7v89Jj9/EUForQQzyLw2zc=
-31,-3,bW+ODztfuWs1fTt2uEhDJ07KMRk=,HkAxtRsvfwrihIoM0DOLe2ECugQ=
-29,-4,bW+ODztfuWs1fTt2uEhDJ07KMRk=,HkAxtRsvfwrihIoM0DOLe2ECugQ=
-30,-4,bW+ODztfuWs1fTt2uEhDJ07KMRk=,HkAxtRsvfwrihIoM0DOLe2ECugQ=
-28,-2,bW+ODztfuWs1fTt2uEhDJ07KMRk=,dyydu7PhfFyGFWw7NDkH836n/cE=
-31,-4,bW+ODztfuWs1fTt2uEhDJ07KMRk=,HkAxtRsvfwrihIoM0DOLe2ECugQ=
-28,-3,bW+ODztfuWs1fTt2uEhDJ07KMRk=,dyydu7PhfFyGFWw7NDkH836n/cE=
-28,-4,bW+ODztfuWs1fTt2uEhDJ07KMRk=,dyydu7PhfFyGFWw7NDkH836n/cE=
-29,-2,bW+ODztfuWs1fTt2uEhDJ07KMRk=,HkAxtRsvfwrihIoM0DOLe2ECugQ=
-30,-2,bW+ODztfuWs1fTt2uEhDJ07KMRk=,HkAxtRsvfwrihIoM0DOLe2ECugQ=
-31,-2,bW+ODztfuWs1fTt2uEhDJ07KMRk=,HkAxtRsvfwrihIoM0DOLe2ECugQ=
-29,-3,bW+ODztfuWs1fTt2uEhDJ07KMRk=,HkAxtRsvfwrihIoM0DOLe2ECugQ=
-30,-3,bW+ODztfuWs1fTt2uEhDJ07KMRk=,HkAxtRsvfwrihIoM0DOLe2ECugQ=
-31,-1,bW+ODztfuWs1fTt2uEhDJ07KMRk=,HkAxtRsvfwrihIoM0DOLe2ECugQ=
-30,-1,bW+ODztfuWs1fTt2uEhDJ07KMRk=,HkAxtRsvfwrihIoM0DOLe2ECugQ=
-17,-6,bW+ODztfuWs1fTt2uEhDJ07KMRk=,0gggY8uIDrtbTwcIzq7oNEVe1+M=
-17,-7,bW+ODztfuWs1fTt2uEhDJ07KMRk=,0gggY8uIDrtbTwcIzq7oNEVe1+M=
-28,-1,bW+ODztfuWs1fTt2uEhDJ07KMRk=,dyydu7PhfFyGFWw7NDkH836n/cE=
-29,-1,bW+ODztfuWs1fTt2uEhDJ07KMRk=,HkAxtRsvfwrihIoM0DOLe2ECugQ=
-27,-1,bW+ODztfuWs1fTt2uEhDJ07KMRk=,dyydu7PhfFyGFWw7NDkH836n/cE=
-26,-1,bW+ODztfuWs1fTt2uEhDJ07KMRk=,dyydu7PhfFyGFWw7NDkH836n/cE=
-17,-15,bW+ODztfuWs1fTt2uEhDJ07KMRk=,OLoun1TrBEZkCAm+c9UhhG83gds=
-17,-14,bW+ODztfuWs1fTt2uEhDJ07KMRk=,OLoun1TrBEZkCAm+c9UhhG83gds=
-17,-11,bW+ODztfuWs1fTt2uEhDJ07KMRk=,2qRQ+00lBarCsPccgPR6cLVjbus=
-17,-9,bW+ODztfuWs1fTt2uEhDJ07KMRk=,2qRQ+00lBarCsPccgPR6cLVjbus=
-17,-8,bW+ODztfuWs1fTt2uEhDJ07KMRk=,0gggY8uIDrtbTwcIzq7oNEVe1+M=
-17,-10,bW+ODztfuWs1fTt2uEhDJ07KMRk=,2qRQ+00lBarCsPccgPR6cLVjbus=
-17,-13,bW+ODztfuWs1fTt2uEhDJ07KMRk=,OLoun1TrBEZkCAm+c9UhhG83gds=
-17,-12,bW+ODztfuWs1fTt2uEhDJ07KMRk=,2qRQ+00lBarCsPccgPR6cLVjbus=
-20,-15,bW+ODztfuWs1fTt2uEhDJ07KMRk=,OLoun1TrBEZkCAm+c9UhhG83gds=
-20,-14,bW+ODztfuWs1fTt2uEhDJ07KMRk=,OLoun1TrBEZkCAm+c9UhhG83gds=
-20,-16,bW+ODztfuWs1fTt2uEhDJ07KMRk=,OLoun1TrBEZkCAm+c9UhhG83gds=
-17,-16,bW+ODztfuWs1fTt2uEhDJ07KMRk=,OLoun1TrBEZkCAm+c9UhhG83gds=
-18,-16,bW+ODztfuWs1fTt2uEhDJ07KMRk=,OLoun1TrBEZkCAm+c9UhhG83gds=
-19,-16,bW+ODztfuWs1fTt2uEhDJ07KMRk=,OLoun1TrBEZkCAm+c9UhhG83gds=
-32,-3,bW+ODztfuWs1fTt2uEhDJ07KMRk=,HkAxtRsvfwrihIoM0DOLe2ECugQ=
-32,-4,bW+ODztfuWs1fTt2uEhDJ07KMRk=,HkAxtRsvfwrihIoM0DOLe2ECugQ=
-32,-2,bW+ODztfuWs1fTt2uEhDJ07KMRk=,HkAxtRsvfwrihIoM0DOLe2ECugQ=
-20,-11,bW+ODztfuWs1fTt2uEhDJ07KMRk=,2qRQ+00lBarCsPccgPR6cLVjbus=
-20,-8,bW+ODztfuWs1fTt2uEhDJ07KMRk=,0gggY8uIDrtbTwcIzq7oNEVe1+M=
-20,-9,bW+ODztfuWs1fTt2uEhDJ07KMRk=,2qRQ+00lBarCsPccgPR6cLVjbus=
-24,-8,bW+ODztfuWs1fTt2uEhDJ07KMRk=,Vw4pi7v89Jj9/EUForQQzyLw2zc=
-20,-10,bW+ODztfuWs1fTt2uEhDJ07KMRk=,2qRQ+00lBarCsPccgPR6cLVjbus=
-20,-13,bW+ODztfuWs1fTt2uEhDJ07KMRk=,OLoun1TrBEZkCAm+c9UhhG83gds=
-20,-12,bW+ODztfuWs1fTt2uEhDJ07KMRk=,2qRQ+00lBarCsPccgPR6cLVjbus=
-23,-8,bW+ODztfuWs1fTt2uEhDJ07KMRk=,Vw4pi7v89Jj9/EUForQQzyLw2zc=
-22,-8,bW+ODztfuWs1fTt2uEhDJ07KMRk=,Vw4pi7v89Jj9/EUForQQzyLw2zc=
-21,-8,bW+ODztfuWs1fTt2uEhDJ07KMRk=,Vw4pi7v89Jj9/EUForQQzyLw2zc=
-32,-1,bW+ODztfuWs1fTt2uEhDJ07KMRk=,HkAxtRsvfwrihIoM0DOLe2ECugQ=
-32,-11,bW+ODztfuWs1fTt2uEhDJ07KMRk=,g/uOiaMxWlILYQCsl0nmXVdkkh8=
-31,-11,bW+ODztfuWs1fTt2uEhDJ07KMRk=,g/uOiaMxWlILYQCsl0nmXVdkkh8=
-30,-11,bW+ODztfuWs1fTt2uEhDJ07KMRk=,g/uOiaMxWlILYQCsl0nmXVdkkh8=
-29,-12,bW+ODztfuWs1fTt2uEhDJ07KMRk=,g/uOiaMxWlILYQCsl0nmXVdkkh8=
-29,-9,bW+ODztfuWs1fTt2uEhDJ07KMRk=,g/uOiaMxWlILYQCsl0nmXVdkkh8=
-30,-12,bW+ODztfuWs1fTt2uEhDJ07KMRk=,g/uOiaMxWlILYQCsl0nmXVdkkh8=
-31,-12,bW+ODztfuWs1fTt2uEhDJ07KMRk=,g/uOiaMxWlILYQCsl0nmXVdkkh8=
-30,-9,bW+ODztfuWs1fTt2uEhDJ07KMRk=,g/uOiaMxWlILYQCsl0nmXVdkkh8=
-31,-9,bW+ODztfuWs1fTt2uEhDJ07KMRk=,g/uOiaMxWlILYQCsl0nmXVdkkh8=
-32,-9,bW+ODztfuWs1fTt2uEhDJ07KMRk=,g/uOiaMxWlILYQCsl0nmXVdkkh8=
-32,-12,bW+ODztfuWs1fTt2uEhDJ07KMRk=,g/uOiaMxWlILYQCsl0nmXVdkkh8=
-29,-10,bW+ODztfuWs1fTt2uEhDJ07KMRk=,g/uOiaMxWlILYQCsl0nmXVdkkh8=
-30,-10,bW+ODztfuWs1fTt2uEhDJ07KMRk=,g/uOiaMxWlILYQCsl0nmXVdkkh8=
-31,-10,bW+ODztfuWs1fTt2uEhDJ07KMRk=,g/uOiaMxWlILYQCsl0nmXVdkkh8=
-32,-10,bW+ODztfuWs1fTt2uEhDJ07KMRk=,g/uOiaMxWlILYQCsl0nmXVdkkh8=
-29,-11,bW+ODztfuWs1fTt2uEhDJ07KMRk=,g/uOiaMxWlILYQCsl0nmXVdkkh8=
-24,-5,bW+ODztfuWs1fTt2uEhDJ07KMRk=,Vw4pi7v89Jj9/EUForQQzyLw2zc=
-23,-5,bW+ODztfuWs1fTt2uEhDJ07KMRk=,Vw4pi7v89Jj9/EUForQQzyLw2zc=
-24,-1,bW+ODztfuWs1fTt2uEhDJ07KMRk=,c1F3i3xu6JDm6pTGD/oGccs7fOU=
-23,-1,bW+ODztfuWs1fTt2uEhDJ07KMRk=,c1F3i3xu6JDm6pTGD/oGccs7fOU=
-22,-5,bW+ODztfuWs1fTt2uEhDJ07KMRk=,Vw4pi7v89Jj9/EUForQQzyLw2zc=
-22,-1,bW+ODztfuWs1fTt2uEhDJ07KMRk=,c1F3i3xu6JDm6pTGD/oGccs7fOU=
-25,-2,bW+ODztfuWs1fTt2uEhDJ07KMRk=,dyydu7PhfFyGFWw7NDkH836n/cE=
-22,-2,bW+ODztfuWs1fTt2uEhDJ07KMRk=,c1F3i3xu6JDm6pTGD/oGccs7fOU=
-23,-2,bW+ODztfuWs1fTt2uEhDJ07KMRk=,c1F3i3xu6JDm6pTGD/oGccs7fOU=
-24,-2,bW+ODztfuWs1fTt2uEhDJ07KMRk=,c1F3i3xu6JDm6pTGD/oGccs7fOU=
-25,-3,bW+ODztfuWs1fTt2uEhDJ07KMRk=,dyydu7PhfFyGFWw7NDkH836n/cE=
-22,-3,bW+ODztfuWs1fTt2uEhDJ07KMRk=,c1F3i3xu6JDm6pTGD/oGccs7fOU=
-23,-3,bW+ODztfuWs1fTt2uEhDJ07KMRk=,c1F3i3xu6JDm6pTGD/oGccs7fOU=
-24,-3,bW+ODztfuWs1fTt2uEhDJ07KMRk=,c1F3i3xu6JDm6pTGD/oGccs7fOU=
-25,-4,bW+ODztfuWs1fTt2uEhDJ07KMRk=,dyydu7PhfFyGFWw7NDkH836n/cE=
-22,-4,bW+ODztfuWs1fTt2uEhDJ07KMRk=,c1F3i3xu6JDm6pTGD/oGccs7fOU=
-23,-4,bW+ODztfuWs1fTt2uEhDJ07KMRk=,c1F3i3xu6JDm6pTGD/oGccs7fOU=
-24,-4,bW+ODztfuWs1fTt2uEhDJ07KMRk=,c1F3i3xu6JDm6pTGD/oGccs7fOU=
-25,-1,bW+ODztfuWs1fTt2uEhDJ07KMRk=,dyydu7PhfFyGFWw7NDkH836n/cE=
-20,-5,C8VPfkXp9RreY1TXqsAGA33MNN4=,0gggY8uIDrtbTwcIzq7oNEVe1+M=
-19,-5,C8VPfkXp9RreY1TXqsAGA33MNN4=,0gggY8uIDrtbTwcIzq7oNEVe1+M=
-17,-4,C8VPfkXp9RreY1TXqsAGA33MNN4=,cF88kMF0UtEt8ETBJ+tZCqICD0M=
-21,-2,C8VPfkXp9RreY1TXqsAGA33MNN4=,c1F3i3xu6JDm6pTGD/oGccs7fOU=
-19,-3,C8VPfkXp9RreY1TXqsAGA33MNN4=,cF88kMF0UtEt8ETBJ+tZCqICD0M=
-19,-1,C8VPfkXp9RreY1TXqsAGA33MNN4=,cF88kMF0UtEt8ETBJ+tZCqICD0M=
-19,-2,C8VPfkXp9RreY1TXqsAGA33MNN4=,cF88kMF0UtEt8ETBJ+tZCqICD0M=
-20,-2,C8VPfkXp9RreY1TXqsAGA33MNN4=,cF88kMF0UtEt8ETBJ+tZCqICD0M=
-20,-4,C8VPfkXp9RreY1TXqsAGA33MNN4=,cF88kMF0UtEt8ETBJ+tZCqICD0M=
-21,-3,C8VPfkXp9RreY1TXqsAGA33MNN4=,c1F3i3xu6JDm6pTGD/oGccs7fOU=
-20,-3,C8VPfkXp9RreY1TXqsAGA33MNN4=,cF88kMF0UtEt8ETBJ+tZCqICD0M=
-21,-4,C8VPfkXp9RreY1TXqsAGA33MNN4=,c1F3i3xu6JDm6pTGD/oGccs7fOU=
-17,-3,C8VPfkXp9RreY1TXqsAGA33MNN4=,cF88kMF0UtEt8ETBJ+tZCqICD0M=
-20,-1,C8VPfkXp9RreY1TXqsAGA33MNN4=,cF88kMF0UtEt8ETBJ+tZCqICD0M=
-18,-3,C8VPfkXp9RreY1TXqsAGA33MNN4=,cF88kMF0UtEt8ETBJ+tZCqICD0M=
-17,-2,C8VPfkXp9RreY1TXqsAGA33MNN4=,cF88kMF0UtEt8ETBJ+tZCqICD0M=
-18,-4,C8VPfkXp9RreY1TXqsAGA33MNN4=,cF88kMF0UtEt8ETBJ+tZCqICD0M=
-21,-1,C8VPfkXp9RreY1TXqsAGA33MNN4=,c1F3i3xu6JDm6pTGD/oGccs7fOU=
-17,-5,C8VPfkXp9RreY1TXqsAGA33MNN4=,0gggY8uIDrtbTwcIzq7oNEVe1+M=
-18,-5,C8VPfkXp9RreY1TXqsAGA33MNN4=,0gggY8uIDrtbTwcIzq7oNEVe1+M=
-21,-5,C8VPfkXp9RreY1TXqsAGA33MNN4=,Vw4pi7v89Jj9/EUForQQzyLw2zc=
-18,-2,C8VPfkXp9RreY1TXqsAGA33MNN4=,cF88kMF0UtEt8ETBJ+tZCqICD0M=
-17,-1,C8VPfkXp9RreY1TXqsAGA33MNN4=,cF88kMF0UtEt8ETBJ+tZCqICD0M=
-18,-1,C8VPfkXp9RreY1TXqsAGA33MNN4=,cF88kMF0UtEt8ETBJ+tZCqICD0M=
-19,-4,C8VPfkXp9RreY1TXqsAGA33MNN4=,cF88kMF0UtEt8ETBJ+tZCqICD0M=
