-19,5,OAacGvyvOFySmZh9qI93mX1wyFQ=,6cUy7reaoEP+iVrz9DxMnDW5lNc=
-18,5,OAacGvyvOFySmZh9qI93mX1wyFQ=,6cUy7reaoEP+iVrz9DxMnDW5lNc=
-18,6,OAacGvyvOFySmZh9qI93mX1wyFQ=,6cUy7reaoEP+iVrz9DxMnDW5lNc=
-19,6,OAacGvyvOFySmZh9qI93mX1wyFQ=,6cUy7reaoEP+iVrz9DxMnDW5lNc=
-23,1,jnTYrdu3zDwmknhifX5rvq03ezY=,hvlALgEWOp1GxnKwvMiPBgZzqRs=
-22,2,jnTYrdu3zDwmknhifX5rvq03ezY=,hvlALgEWOp1GxnKwvMiPBgZzqRs=
-23,2,jnTYrdu3zDwmknhifX5rvq03ezY=,hvlALgEWOp1GxnKwvMiPBgZzqRs=
-22,1,jnTYrdu3zDwmknhifX5rvq03ezY=,hvlALgEWOp1GxnKwvMiPBgZzqRs=
-23,3,jnTYrdu3zDwmknhifX5rvq03ezY=,hvlALgEWOp1GxnKwvMiPBgZzqRs=
-20,6,jnTYrdu3zDwmknhifX5rvq03ezY=,6cUy7reaoEP+iVrz9DxMnDW5lNc=
-22,4,jnTYrdu3zDwmknhifX5rvq03ezY=,O4zDBMVbzt7eDMWP3ZlAsy1cR5g=
-21,6,jnTYrdu3zDwmknhifX5rvq03ezY=,O4zDBMVbzt7eDMWP3ZlAsy1cR5g=
-22,6,jnTYrdu3zDwmknhifX5rvq03ezY=,O4zDBMVbzt7eDMWP3ZlAsy1cR5g=
-23,6,jnTYrdu3zDwmknhifX5rvq03ezY=,O4zDBMVbzt7eDMWP3ZlAsy1cR5g=
-23,4,jnTYrdu3zDwmknhifX5rvq03ezY=,O4zDBMVbzt7eDMWP3ZlAsy1cR5g=
-21,5,jnTYrdu3zDwmknhifX5rvq03ezY=,O4zDBMVbzt7eDMWP3ZlAsy1cR5g=
-20,5,jnTYrdu3zDwmknhifX5rvq03ezY=,6cUy7reaoEP+iVrz9DxMnDW5lNc=
-22,5,jnTYrdu3zDwmknhifX5rvq03ezY=,O4zDBMVbzt7eDMWP3ZlAsy1cR5g=
-22,3,jnTYrdu3zDwmknhifX5rvq03ezY=,hvlALgEWOp1GxnKwvMiPBgZzqRs=
-23,5,jnTYrdu3zDwmknhifX5rvq03ezY=,O4zDBMVbzt7eDMWP3ZlAsy1cR5g=
-20,1,jnTYrdu3zDwmknhifX5rvq03ezY=,JLm2/iGP22hd46stqfoCzqMwIao=
-20,3,jnTYrdu3zDwmknhifX5rvq03ezY=,JLm2/iGP22hd46stqfoCzqMwIao=
-21,1,jnTYrdu3zDwmknhifX5rvq03ezY=,hvlALgEWOp1GxnKwvMiPBgZzqRs=
-19,1,jnTYrdu3zDwmknhifX5rvq03ezY=,JLm2/iGP22hd46stqfoCzqMwIao=
-18,1,jnTYrdu3zDwmknhifX5rvq03ezY=,JLm2/iGP22hd46stqfoCzqMwIao=
-21,2,jnTYrdu3zDwmknhifX5rvq03ezY=,hvlALgEWOp1GxnKwvMiPBgZzqRs=
-19,3,jnTYrdu3zDwmknhifX5rvq03ezY=,JLm2/iGP22hd46stqfoCzqMwIao=
-20,2,jnTYrdu3zDwmknhifX5rvq03ezY=,JLm2/iGP22hd46stqfoCzqMwIao=
-19,2,jnTYrdu3zDwmknhifX5rvq03ezY=,JLm2/iGP22hd46stqfoCzqMwIao=
-21,4,jnTYrdu3zDwmknhifX5rvq03ezY=,O4zDBMVbzt7eDMWP3ZlAsy1cR5g=
-18,3,jnTYrdu3zDwmknhifX5rvq03ezY=,JLm2/iGP22hd46stqfoCzqMwIao=
-18,4,jnTYrdu3zDwmknhifX5rvq03ezY=,6cUy7reaoEP+iVrz9DxMnDW5lNc=
-19,4,jnTYrdu3zDwmknhifX5rvq03ezY=,6cUy7reaoEP+iVrz9DxMnDW5lNc=
-20,4,jnTYrdu3zDwmknhifX5rvq03ezY=,6cUy7reaoEP+iVrz9DxMnDW5lNc=
-18,2,jnTYrdu3zDwmknhifX5rvq03ezY=,JLm2/iGP22hd46stqfoCzqMwIao=
-21,3,jnTYrdu3zDwmknhifX5rvq03ezY=,hvlALgEWOp1GxnKwvMiPBgZzqRs=
-19,9,1WsIOu/k45O65ZaRVtlftlEtFNA=,OIH2SKKIAijyQUyDXsrsylQ22J4=
-18,9,1WsIOu/k45O65ZaRVtlftlEtFNA=,OIH2SKKIAijyQUyDXsrsylQ22J4=
-19,10,1WsIOu/k45O65ZaRVtlftlEtFNA=,OIH2SKKIAijyQUyDXsrsylQ22J4=
-18,10,1WsIOu/k45O65ZaRVtlftlEtFNA=,OIH2SKKIAijyQUyDXsrsylQ22J4=
-18,8,1WsIOu/k45O65ZaRVtlftlEtFNA=,OIH2SKKIAijyQUyDXsrsylQ22J4=
-19,8,1WsIOu/k45O65ZaRVtlftlEtFNA=,OIH2SKKIAijyQUyDXsrsylQ22J4=
-18,7,1WsIOu/k45O65ZaRVtlftlEtFNA=,6cUy7reaoEP+iVrz9DxMnDW5lNc=
-19,7,1WsIOu/k45O65ZaRVtlftlEtFNA=,6cUy7reaoEP+iVrz9DxMnDW5lNc=
-22,14,1WsIOu/k45O65ZaRVtlftlEtFNA=,e3nOTO4uc1Zf1BnGdPO3KUKeiVY=
-23,14,1WsIOu/k45O65ZaRVtlftlEtFNA=,e3nOTO4uc1Zf1BnGdPO3KUKeiVY=
-22,13,1WsIOu/k45O65ZaRVtlftlEtFNA=,e3nOTO4uc1Zf1BnGdPO3KUKeiVY=
-23,13,1WsIOu/k45O65ZaRVtlftlEtFNA=,e3nOTO4uc1Zf1BnGdPO3KUKeiVY=
-19,12,jzL1hNkLUQJctaVn80AMpCwjAcw=,l36x2wzj60mDah0lPZjNIMBkLSY=
-18,12,jzL1hNkLUQJctaVn80AMpCwjAcw=,l36x2wzj60mDah0lPZjNIMBkLSY=
-21,13,jzL1hNkLUQJctaVn80AMpCwjAcw=,e3nOTO4uc1Zf1BnGdPO3KUKeiVY=
-18,11,jzL1hNkLUQJctaVn80AMpCwjAcw=,OIH2SKKIAijyQUyDXsrsylQ22J4=
-18,14,jzL1hNkLUQJctaVn80AMpCwjAcw=,l36x2wzj60mDah0lPZjNIMBkLSY=
-19,11,jzL1hNkLUQJctaVn80AMpCwjAcw=,OIH2SKKIAijyQUyDXsrsylQ22J4=
-19,14,jzL1hNkLUQJctaVn80AMpCwjAcw=,l36x2wzj60mDah0lPZjNIMBkLSY=
-20,14,jzL1hNkLUQJctaVn80AMpCwjAcw=,l36x2wzj60mDah0lPZjNIMBkLSY=
-18,13,jzL1hNkLUQJctaVn80AMpCwjAcw=,l36x2wzj60mDah0lPZjNIMBkLSY=
-19,13,jzL1hNkLUQJctaVn80AMpCwjAcw=,l36x2wzj60mDah0lPZjNIMBkLSY=
-20,13,jzL1hNkLUQJctaVn80AMpCwjAcw=,l36x2wzj60mDah0lPZjNIMBkLSY=
-21,14,jzL1hNkLUQJctaVn80AMpCwjAcw=,e3nOTO4uc1Zf1BnGdPO3KUKeiVY=
-20,9,jzL1hNkLUQJctaVn80AMpCwjAcw=,OIH2SKKIAijyQUyDXsrsylQ22J4=
-23,12,jzL1hNkLUQJctaVn80AMpCwjAcw=,e3nOTO4uc1Zf1BnGdPO3KUKeiVY=
-23,8,jzL1hNkLUQJctaVn80AMpCwjAcw=,CqkW1YzXBBrTO9kUGAAIVf5HS/U=
-23,10,jzL1hNkLUQJctaVn80AMpCwjAcw=,CqkW1YzXBBrTO9kUGAAIVf5HS/U=
-21,11,jzL1hNkLUQJctaVn80AMpCwjAcw=,CqkW1YzXBBrTO9kUGAAIVf5HS/U=
-20,11,jzL1hNkLUQJctaVn80AMpCwjAcw=,OIH2SKKIAijyQUyDXsrsylQ22J4=
-21,9,jzL1hNkLUQJctaVn80AMpCwjAcw=,CqkW1YzXBBrTO9kUGAAIVf5HS/U=
-22,9,jzL1hNkLUQJctaVn80AMpCwjAcw=,CqkW1YzXBBrTO9kUGAAIVf5HS/U=
-22,11,jzL1hNkLUQJctaVn80AMpCwjAcw=,CqkW1YzXBBrTO9kUGAAIVf5HS/U=
-23,9,jzL1hNkLUQJctaVn80AMpCwjAcw=,CqkW1YzXBBrTO9kUGAAIVf5HS/U=
-21,12,jzL1hNkLUQJctaVn80AMpCwjAcw=,e3nOTO4uc1Zf1BnGdPO3KUKeiVY=
-20,10,jzL1hNkLUQJctaVn80AMpCwjAcw=,OIH2SKKIAijyQUyDXsrsylQ22J4=
-21,8,jzL1hNkLUQJctaVn80AMpCwjAcw=,CqkW1YzXBBrTO9kUGAAIVf5HS/U=
-22,8,jzL1hNkLUQJctaVn80AMpCwjAcw=,CqkW1YzXBBrTO9kUGAAIVf5HS/U=
-22,12,jzL1hNkLUQJctaVn80AMpCwjAcw=,e3nOTO4uc1Zf1BnGdPO3KUKeiVY=
-20,12,jzL1hNkLUQJctaVn80AMpCwjAcw=,l36x2wzj60mDah0lPZjNIMBkLSY=
-20,8,jzL1hNkLUQJctaVn80AMpCwjAcw=,OIH2SKKIAijyQUyDXsrsylQ22J4=
-21,7,jzL1hNkLUQJctaVn80AMpCwjAcw=,O4zDBMVbzt7eDMWP3ZlAsy1cR5g=
-21,10,jzL1hNkLUQJctaVn80AMpCwjAcw=,CqkW1YzXBBrTO9kUGAAIVf5HS/U=
-20,7,jzL1hNkLUQJctaVn80AMpCwjAcw=,6cUy7reaoEP+iVrz9DxMnDW5lNc=
-22,7,jzL1hNkLUQJctaVn80AMpCwjAcw=,O4zDBMVbzt7eDMWP3ZlAsy1cR5g=
-22,10,jzL1hNkLUQJctaVn80AMpCwjAcw=,CqkW1YzXBBrTO9kUGAAIVf5HS/U=
-23,7,jzL1hNkLUQJctaVn80AMpCwjAcw=,O4zDBMVbzt7eDMWP3ZlAsy1cR5g=
-23,11,jzL1hNkLUQJctaVn80AMpCwjAcw=,CqkW1YzXBBrTO9kUGAAIVf5HS/U=
-26,14,jzL1hNkLUQJctaVn80AMpCwjAcw=,lSqNQmkOaIuVL9OVo/c2SWtBIR4=
-24,14,jzL1hNkLUQJctaVn80AMpCwjAcw=,e3nOTO4uc1Zf1BnGdPO3KUKeiVY=
-26,13,jzL1hNkLUQJctaVn80AMpCwjAcw=,lSqNQmkOaIuVL9OVo/c2SWtBIR4=
-27,14,jzL1hNkLUQJctaVn80AMpCwjAcw=,lSqNQmkOaIuVL9OVo/c2SWtBIR4=
-27,13,jzL1hNkLUQJctaVn80AMpCwjAcw=,lSqNQmkOaIuVL9OVo/c2SWtBIR4=
-24,13,jzL1hNkLUQJctaVn80AMpCwjAcw=,e3nOTO4uc1Zf1BnGdPO3KUKeiVY=
-25,13,jzL1hNkLUQJctaVn80AMpCwjAcw=,lSqNQmkOaIuVL9OVo/c2SWtBIR4=
-25,14,jzL1hNkLUQJctaVn80AMpCwjAcw=,lSqNQmkOaIuVL9OVo/c2SWtBIR4=
-27,9,jzL1hNkLUQJctaVn80AMpCwjAcw=,njklme/qZ2RXLY6FSmt135EDUKg=
-24,12,jzL1hNkLUQJctaVn80AMpCwjAcw=,e3nOTO4uc1Zf1BnGdPO3KUKeiVY=
-25,11,jzL1hNkLUQJctaVn80AMpCwjAcw=,njklme/qZ2RXLY6FSmt135EDUKg=
-26,11,jzL1hNkLUQJctaVn80AMpCwjAcw=,njklme/qZ2RXLY6FSmt135EDUKg=
-27,11,jzL1hNkLUQJctaVn80AMpCwjAcw=,njklme/qZ2RXLY6FSmt135EDUKg=
-25,12,jzL1hNkLUQJctaVn80AMpCwjAcw=,lSqNQmkOaIuVL9OVo/c2SWtBIR4=
-24,10,jzL1hNkLUQJctaVn80AMpCwjAcw=,CqkW1YzXBBrTO9kUGAAIVf5HS/U=
-25,10,jzL1hNkLUQJctaVn80AMpCwjAcw=,njklme/qZ2RXLY6FSmt135EDUKg=
-26,10,jzL1hNkLUQJctaVn80AMpCwjAcw=,njklme/qZ2RXLY6FSmt135EDUKg=
-26,12,jzL1hNkLUQJctaVn80AMpCwjAcw=,lSqNQmkOaIuVL9OVo/c2SWtBIR4=
-27,12,jzL1hNkLUQJctaVn80AMpCwjAcw=,lSqNQmkOaIuVL9OVo/c2SWtBIR4=
-27,10,jzL1hNkLUQJctaVn80AMpCwjAcw=,njklme/qZ2RXLY6FSmt135EDUKg=
-25,9,jzL1hNkLUQJctaVn80AMpCwjAcw=,njklme/qZ2RXLY6FSmt135EDUKg=
-24,9,jzL1hNkLUQJctaVn80AMpCwjAcw=,CqkW1YzXBBrTO9kUGAAIVf5HS/U=
-26,9,jzL1hNkLUQJctaVn80AMpCwjAcw=,njklme/qZ2RXLY6FSmt135EDUKg=
-24,11,jzL1hNkLUQJctaVn80AMpCwjAcw=,CqkW1YzXBBrTO9kUGAAIVf5HS/U=
-24,7,jzL1hNkLUQJctaVn80AMpCwjAcw=,O4zDBMVbzt7eDMWP3ZlAsy1cR5g=
-26,2,jzL1hNkLUQJctaVn80AMpCwjAcw=,QoASdnWbhY/MCLVY2NR6G1zuwhY=
-26,8,jzL1hNkLUQJctaVn80AMpCwjAcw=,njklme/qZ2RXLY6FSmt135EDUKg=
-25,8,jzL1hNkLUQJctaVn80AMpCwjAcw=,njklme/qZ2RXLY6FSmt135EDUKg=
-27,8,jzL1hNkLUQJctaVn80AMpCwjAcw=,njklme/qZ2RXLY6FSmt135EDUKg=
-24,8,jzL1hNkLUQJctaVn80AMpCwjAcw=,CqkW1YzXBBrTO9kUGAAIVf5HS/U=
-25,7,jzL1hNkLUQJctaVn80AMpCwjAcw=,MiyVXWnEN1CFPqB0zsBcDbv5PAU=
-26,7,jzL1hNkLUQJctaVn80AMpCwjAcw=,MiyVXWnEN1CFPqB0zsBcDbv5PAU=
-27,5,jzL1hNkLUQJctaVn80AMpCwjAcw=,MiyVXWnEN1CFPqB0zsBcDbv5PAU=
-26,4,jzL1hNkLUQJctaVn80AMpCwjAcw=,MiyVXWnEN1CFPqB0zsBcDbv5PAU=
-26,5,jzL1hNkLUQJctaVn80AMpCwjAcw=,MiyVXWnEN1CFPqB0zsBcDbv5PAU=
-25,5,jzL1hNkLUQJctaVn80AMpCwjAcw=,MiyVXWnEN1CFPqB0zsBcDbv5PAU=
-24,6,jzL1hNkLUQJctaVn80AMpCwjAcw=,O4zDBMVbzt7eDMWP3ZlAsy1cR5g=
-25,4,jzL1hNkLUQJctaVn80AMpCwjAcw=,MiyVXWnEN1CFPqB0zsBcDbv5PAU=
-27,6,jzL1hNkLUQJctaVn80AMpCwjAcw=,MiyVXWnEN1CFPqB0zsBcDbv5PAU=
-24,1,jzL1hNkLUQJctaVn80AMpCwjAcw=,hvlALgEWOp1GxnKwvMiPBgZzqRs=
-24,5,jzL1hNkLUQJctaVn80AMpCwjAcw=,O4zDBMVbzt7eDMWP3ZlAsy1cR5g=
-26,6,jzL1hNkLUQJctaVn80AMpCwjAcw=,MiyVXWnEN1CFPqB0zsBcDbv5PAU=
-27,7,jzL1hNkLUQJctaVn80AMpCwjAcw=,MiyVXWnEN1CFPqB0zsBcDbv5PAU=
-25,6,jzL1hNkLUQJctaVn80AMpCwjAcw=,MiyVXWnEN1CFPqB0zsBcDbv5PAU=
-25,2,jzL1hNkLUQJctaVn80AMpCwjAcw=,QoASdnWbhY/MCLVY2NR6G1zuwhY=
-27,3,jzL1hNkLUQJctaVn80AMpCwjAcw=,QoASdnWbhY/MCLVY2NR6G1zuwhY=
-26,3,jzL1hNkLUQJctaVn80AMpCwjAcw=,QoASdnWbhY/MCLVY2NR6G1zuwhY=
-27,1,jzL1hNkLUQJctaVn80AMpCwjAcw=,QoASdnWbhY/MCLVY2NR6G1zuwhY=
-25,3,jzL1hNkLUQJctaVn80AMpCwjAcw=,QoASdnWbhY/MCLVY2NR6G1zuwhY=
-24,2,jzL1hNkLUQJctaVn80AMpCwjAcw=,hvlALgEWOp1GxnKwvMiPBgZzqRs=
-24,3,jzL1hNkLUQJctaVn80AMpCwjAcw=,hvlALgEWOp1GxnKwvMiPBgZzqRs=
-25,1,jzL1hNkLUQJctaVn80AMpCwjAcw=,QoASdnWbhY/MCLVY2NR6G1zuwhY=
-26,1,jzL1hNkLUQJctaVn80AMpCwjAcw=,QoASdnWbhY/MCLVY2NR6G1zuwhY=
-24,4,jzL1hNkLUQJctaVn80AMpCwjAcw=,O4zDBMVbzt7eDMWP3ZlAsy1cR5g=
-27,2,jzL1hNkLUQJctaVn80AMpCwjAcw=,QoASdnWbhY/MCLVY2NR6G1zuwhY=
-27,4,jzL1hNkLUQJctaVn80AMpCwjAcw=,MiyVXWnEN1CFPqB0zsBcDbv5PAU=
-30,14,jzL1hNkLUQJctaVn80AMpCwjAcw=,8w+khWM+g2zzZSjHzMYsKzDsK6Q=
-29,14,jzL1hNkLUQJctaVn80AMpCwjAcw=,8w+khWM+g2zzZSjHzMYsKzDsK6Q=
-28,13,jzL1hNkLUQJctaVn80AMpCwjAcw=,lSqNQmkOaIuVL9OVo/c2SWtBIR4=
-31,14,jzL1hNkLUQJctaVn80AMpCwjAcw=,8w+khWM+g2zzZSjHzMYsKzDsK6Q=
-31,13,jzL1hNkLUQJctaVn80AMpCwjAcw=,8w+khWM+g2zzZSjHzMYsKzDsK6Q=
-30,13,jzL1hNkLUQJctaVn80AMpCwjAcw=,8w+khWM+g2zzZSjHzMYsKzDsK6Q=
-28,14,jzL1hNkLUQJctaVn80AMpCwjAcw=,lSqNQmkOaIuVL9OVo/c2SWtBIR4=
-29,13,jzL1hNkLUQJctaVn80AMpCwjAcw=,8w+khWM+g2zzZSjHzMYsKzDsK6Q=
-26,0,jzL1hNkLUQJctaVn80AMpCwjAcw=,QoASdnWbhY/MCLVY2NR6G1zuwhY=
-27,0,jzL1hNkLUQJctaVn80AMpCwjAcw=,QoASdnWbhY/MCLVY2NR6G1zuwhY=
-32,13,jzL1hNkLUQJctaVn80AMpCwjAcw=,8w+khWM+g2zzZSjHzMYsKzDsK6Q=
-32,14,jzL1hNkLUQJctaVn80AMpCwjAcw=,8w+khWM+g2zzZSjHzMYsKzDsK6Q=
-17,1,jzL1hNkLUQJctaVn80AMpCwjAcw=,JLm2/iGP22hd46stqfoCzqMwIao=
-17,2,jzL1hNkLUQJctaVn80AMpCwjAcw=,JLm2/iGP22hd46stqfoCzqMwIao=
-32,0,jzL1hNkLUQJctaVn80AMpCwjAcw=,Fyb47qyBlzK3wTpzJ6bhN3VO4ac=
-32,2,jzL1hNkLUQJctaVn80AMpCwjAcw=,Fyb47qyBlzK3wTpzJ6bhN3VO4ac=
-32,1,jzL1hNkLUQJctaVn80AMpCwjAcw=,Fyb47qyBlzK3wTpzJ6bhN3VO4ac=
-28,1,jzL1hNkLUQJctaVn80AMpCwjAcw=,QoASdnWbhY/MCLVY2NR6G1zuwhY=
-31,0,jzL1hNkLUQJctaVn80AMpCwjAcw=,Fyb47qyBlzK3wTpzJ6bhN3VO4ac=
-30,1,jzL1hNkLUQJctaVn80AMpCwjAcw=,Fyb47qyBlzK3wTpzJ6bhN3VO4ac=
-31,2,jzL1hNkLUQJctaVn80AMpCwjAcw=,Fyb47qyBlzK3wTpzJ6bhN3VO4ac=
-31,1,jzL1hNkLUQJctaVn80AMpCwjAcw=,Fyb47qyBlzK3wTpzJ6bhN3VO4ac=
-30,2,jzL1hNkLUQJctaVn80AMpCwjAcw=,Fyb47qyBlzK3wTpzJ6bhN3VO4ac=
-30,0,jzL1hNkLUQJctaVn80AMpCwjAcw=,Fyb47qyBlzK3wTpzJ6bhN3VO4ac=
-29,2,jzL1hNkLUQJctaVn80AMpCwjAcw=,Fyb47qyBlzK3wTpzJ6bhN3VO4ac=
-28,2,jzL1hNkLUQJctaVn80AMpCwjAcw=,QoASdnWbhY/MCLVY2NR6G1zuwhY=
-29,0,jzL1hNkLUQJctaVn80AMpCwjAcw=,Fyb47qyBlzK3wTpzJ6bhN3VO4ac=
-29,1,jzL1hNkLUQJctaVn80AMpCwjAcw=,Fyb47qyBlzK3wTpzJ6bhN3VO4ac=
-28,0,jzL1hNkLUQJctaVn80AMpCwjAcw=,QoASdnWbhY/MCLVY2NR6G1zuwhY=
-17,9,jzL1hNkLUQJctaVn80AMpCwjAcw=,OIH2SKKIAijyQUyDXsrsylQ22J4=
-17,10,jzL1hNkLUQJctaVn80AMpCwjAcw=,OIH2SKKIAijyQUyDXsrsylQ22J4=
-17,8,jzL1hNkLUQJctaVn80AMpCwjAcw=,OIH2SKKIAijyQUyDXsrsylQ22J4=
-17,7,h3vjD0AfOgN2uhkcb0ITnm+WhzY=,6cUy7reaoEP+iVrz9DxMnDW5lNc=
-17,6,h3vjD0AfOgN2uhkcb0ITnm+WhzY=,6cUy7reaoEP+iVrz9DxMnDW5lNc=
-17,3,h3vjD0AfOgN2uhkcb0ITnm+WhzY=,JLm2/iGP22hd46stqfoCzqMwIao=
-17,5,h3vjD0AfOgN2uhkcb0ITnm+WhzY=,6cUy7reaoEP+iVrz9DxMnDW5lNc=
-17,4,h3vjD0AfOgN2uhkcb0ITnm+WhzY=,6cUy7reaoEP+iVrz9DxMnDW5lNc=
-17,12,h3vjD0AfOgN2uhkcb0ITnm+WhzY=,l36x2wzj60mDah0lPZjNIMBkLSY=
-17,14,h3vjD0AfOgN2uhkcb0ITnm+WhzY=,l36x2wzj60mDah0lPZjNIMBkLSY=
-17,11,h3vjD0AfOgN2uhkcb0ITnm+WhzY=,OIH2SKKIAijyQUyDXsrsylQ22J4=
-23,15,h3vjD0AfOgN2uhkcb0ITnm+WhzY=,e3nOTO4uc1Zf1BnGdPO3KUKeiVY=
-22,15,h3vjD0AfOgN2uhkcb0ITnm+WhzY=,e3nOTO4uc1Zf1BnGdPO3KUKeiVY=
-17,13,h3vjD0AfOgN2uhkcb0ITnm+WhzY=,l36x2wzj60mDah0lPZjNIMBkLSY=
-20,15,h3vjD0AfOgN2uhkcb0ITnm+WhzY=,l36x2wzj60mDah0lPZjNIMBkLSY=
-19,15,h3vjD0AfOgN2uhkcb0ITnm+WhzY=,l36x2wzj60mDah0lPZjNIMBkLSY=
-18,15,h3vjD0AfOgN2uhkcb0ITnm+WhzY=,l36x2wzj60mDah0lPZjNIMBkLSY=
-17,15,h3vjD0AfOgN2uhkcb0ITnm+WhzY=,l36x2wzj60mDah0lPZjNIMBkLSY=
-21,15,h3vjD0AfOgN2uhkcb0ITnm+WhzY=,e3nOTO4uc1Zf1BnGdPO3KUKeiVY=
-19,0,h3vjD0AfOgN2uhkcb0ITnm+WhzY=,JLm2/iGP22hd46stqfoCzqMwIao=
-18,0,h3vjD0AfOgN2uhkcb0ITnm+WhzY=,JLm2/iGP22hd46stqfoCzqMwIao=
-25,0,h3vjD0AfOgN2uhkcb0ITnm+WhzY=,QoASdnWbhY/MCLVY2NR6G1zuwhY=
-22,0,h3vjD0AfOgN2uhkcb0ITnm+WhzY=,hvlALgEWOp1GxnKwvMiPBgZzqRs=
-21,0,h3vjD0AfOgN2uhkcb0ITnm+WhzY=,hvlALgEWOp1GxnKwvMiPBgZzqRs=
-23,0,h3vjD0AfOgN2uhkcb0ITnm+WhzY=,hvlALgEWOp1GxnKwvMiPBgZzqRs=
-31,15,h3vjD0AfOgN2uhkcb0ITnm+WhzY=,8w+khWM+g2zzZSjHzMYsKzDsK6Q=
-30,15,h3vjD0AfOgN2uhkcb0ITnm+WhzY=,8w+khWM+g2zzZSjHzMYsKzDsK6Q=
-20,0,h3vjD0AfOgN2uhkcb0ITnm+WhzY=,JLm2/iGP22hd46stqfoCzqMwIao=
-28,15,h3vjD0AfOgN2uhkcb0ITnm+WhzY=,lSqNQmkOaIuVL9OVo/c2SWtBIR4=
-24,15,h3vjD0AfOgN2uhkcb0ITnm+WhzY=,e3nOTO4uc1Zf1BnGdPO3KUKeiVY=
-27,15,h3vjD0AfOgN2uhkcb0ITnm+WhzY=,lSqNQmkOaIuVL9OVo/c2SWtBIR4=
-24,0,h3vjD0AfOgN2uhkcb0ITnm+WhzY=,hvlALgEWOp1GxnKwvMiPBgZzqRs=
-26,15,h3vjD0AfOgN2uhkcb0ITnm+WhzY=,lSqNQmkOaIuVL9OVo/c2SWtBIR4=
-29,15,h3vjD0AfOgN2uhkcb0ITnm+WhzY=,8w+khWM+g2zzZSjHzMYsKzDsK6Q=
-32,15,h3vjD0AfOgN2uhkcb0ITnm+WhzY=,8w+khWM+g2zzZSjHzMYsKzDsK6Q=
-25,15,h3vjD0AfOgN2uhkcb0ITnm+WhzY=,lSqNQmkOaIuVL9OVo/c2SWtBIR4=
-17,0,h3vjD0AfOgN2uhkcb0ITnm+WhzY=,JLm2/iGP22hd46stqfoCzqMwIao=
-31,12,h3vjD0AfOgN2uhkcb0ITnm+WhzY=,8w+khWM+g2zzZSjHzMYsKzDsK6Q=
-32,9,h3vjD0AfOgN2uhkcb0ITnm+WhzY=,JaM3M+D1MOvb6MRdkUz/VSTeOFA=
-31,9,h3vjD0AfOgN2uhkcb0ITnm+WhzY=,JaM3M+D1MOvb6MRdkUz/VSTeOFA=
-30,12,h3vjD0AfOgN2uhkcb0ITnm+WhzY=,8w+khWM+g2zzZSjHzMYsKzDsK6Q=
-32,12,h3vjD0AfOgN2uhkcb0ITnm+WhzY=,8w+khWM+g2zzZSjHzMYsKzDsK6Q=
-28,9,h3vjD0AfOgN2uhkcb0ITnm+WhzY=,njklme/qZ2RXLY6FSmt135EDUKg=
-29,12,h3vjD0AfOgN2uhkcb0ITnm+WhzY=,8w+khWM+g2zzZSjHzMYsKzDsK6Q=
-29,11,h3vjD0AfOgN2uhkcb0ITnm+WhzY=,JaM3M+D1MOvb6MRdkUz/VSTeOFA=
-30,9,h3vjD0AfOgN2uhkcb0ITnm+WhzY=,JaM3M+D1MOvb6MRdkUz/VSTeOFA=
-28,12,h3vjD0AfOgN2uhkcb0ITnm+WhzY=,lSqNQmkOaIuVL9OVo/c2SWtBIR4=
-29,9,h3vjD0AfOgN2uhkcb0ITnm+WhzY=,JaM3M+D1MOvb6MRdkUz/VSTeOFA=
-32,10,h3vjD0AfOgN2uhkcb0ITnm+WhzY=,JaM3M+D1MOvb6MRdkUz/VSTeOFA=
-28,10,h3vjD0AfOgN2uhkcb0ITnm+WhzY=,njklme/qZ2RXLY6FSmt135EDUKg=
-31,10,h3vjD0AfOgN2uhkcb0ITnm+WhzY=,JaM3M+D1MOvb6MRdkUz/VSTeOFA=
-30,10,h3vjD0AfOgN2uhkcb0ITnm+WhzY=,JaM3M+D1MOvb6MRdkUz/VSTeOFA=
-29,10,h3vjD0AfOgN2uhkcb0ITnm+WhzY=,JaM3M+D1MOvb6MRdkUz/VSTeOFA=
-32,11,h3vjD0AfOgN2uhkcb0ITnm+WhzY=,JaM3M+D1MOvb6MRdkUz/VSTeOFA=
-31,11,h3vjD0AfOgN2uhkcb0ITnm+WhzY=,JaM3M+D1MOvb6MRdkUz/VSTeOFA=
-28,11,h3vjD0AfOgN2uhkcb0ITnm+WhzY=,njklme/qZ2RXLY6FSmt135EDUKg=
-30,11,h3vjD0AfOgN2uhkcb0ITnm+WhzY=,JaM3M+D1MOvb6MRdkUz/VSTeOFA=
-29,8,h3vjD0AfOgN2uhkcb0ITnm+WhzY=,JaM3M+D1MOvb6MRdkUz/VSTeOFA=
-28,5,h3vjD0AfOgN2uhkcb0ITnm+WhzY=,MiyVXWnEN1CFPqB0zsBcDbv5PAU=
-29,4,h3vjD0AfOgN2uhkcb0ITnm+WhzY=,R4FqijTDSgcQvPZL7G/2HEHHpuY=
-32,5,h3vjD0AfOgN2uhkcb0ITnm+WhzY=,R4FqijTDSgcQvPZL7G/2HEHHpuY=
-28,3,h3vjD0AfOgN2uhkcb0ITnm+WhzY=,QoASdnWbhY/MCLVY2NR6G1zuwhY=
-31,5,h3vjD0AfOgN2uhkcb0ITnm+WhzY=,R4FqijTDSgcQvPZL7G/2HEHHpuY=
-32,7,h3vjD0AfOgN2uhkcb0ITnm+WhzY=,R4FqijTDSgcQvPZL7G/2HEHHpuY=
-30,4,h3vjD0AfOgN2uhkcb0ITnm+WhzY=,R4FqijTDSgcQvPZL7G/2HEHHpuY=
-28,8,h3vjD0AfOgN2uhkcb0ITnm+WhzY=,njklme/qZ2RXLY6FSmt135EDUKg=
-28,4,h3vjD0AfOgN2uhkcb0ITnm+WhzY=,MiyVXWnEN1CFPqB0zsBcDbv5PAU=
-29,7,h3vjD0AfOgN2uhkcb0ITnm+WhzY=,R4FqijTDSgcQvPZL7G/2HEHHpuY=
-31,4,h3vjD0AfOgN2uhkcb0ITnm+WhzY=,R4FqijTDSgcQvPZL7G/2HEHHpuY=
-30,6,h3vjD0AfOgN2uhkcb0ITnm+WhzY=,R4FqijTDSgcQvPZL7G/2HEHHpuY=
-30,8,h3vjD0AfOgN2uhkcb0ITnm+WhzY=,JaM3M+D1MOvb6MRdkUz/VSTeOFA=
-29,6,h3vjD0AfOgN2uhkcb0ITnm+WhzY=,R4FqijTDSgcQvPZL7G/2HEHHpuY=
-29,5,h3vjD0AfOgN2uhkcb0ITnm+WhzY=,R4FqijTDSgcQvPZL7G/2HEHHpuY=
-28,7,h3vjD0AfOgN2uhkcb0ITnm+WhzY=,MiyVXWnEN1CFPqB0zsBcDbv5PAU=
-31,8,h3vjD0AfOgN2uhkcb0ITnm+WhzY=,JaM3M+D1MOvb6MRdkUz/VSTeOFA=
-32,8,h3vjD0AfOgN2uhkcb0ITnm+WhzY=,JaM3M+D1MOvb6MRdkUz/VSTeOFA=
-30,7,h3vjD0AfOgN2uhkcb0ITnm+WhzY=,R4FqijTDSgcQvPZL7G/2HEHHpuY=
-31,6,h3vjD0AfOgN2uhkcb0ITnm+WhzY=,R4FqijTDSgcQvPZL7G/2HEHHpuY=
-31,3,h3vjD0AfOgN2uhkcb0ITnm+WhzY=,Fyb47qyBlzK3wTpzJ6bhN3VO4ac=
-32,3,h3vjD0AfOgN2uhkcb0ITnm+WhzY=,Fyb47qyBlzK3wTpzJ6bhN3VO4ac=
-31,7,h3vjD0AfOgN2uhkcb0ITnm+WhzY=,R4FqijTDSgcQvPZL7G/2HEHHpuY=
-32,4,h3vjD0AfOgN2uhkcb0ITnm+WhzY=,R4FqijTDSgcQvPZL7G/2HEHHpuY=
-32,6,h3vjD0AfOgN2uhkcb0ITnm+WhzY=,R4FqijTDSgcQvPZL7G/2HEHHpuY=
-29,3,h3vjD0AfOgN2uhkcb0ITnm+WhzY=,Fyb47qyBlzK3wTpzJ6bhN3VO4ac=
-30,3,h3vjD0AfOgN2uhkcb0ITnm+WhzY=,Fyb47qyBlzK3wTpzJ6bhN3VO4ac=
-28,6,h3vjD0AfOgN2uhkcb0ITnm+WhzY=,MiyVXWnEN1CFPqB0zsBcDbv5PAU=
-30,5,h3vjD0AfOgN2uhkcb0ITnm+WhzY=,R4FqijTDSgcQvPZL7G/2HEHHpuY=
-23,29,YwawgUBQ1sWpd4DCXnIFqXbrsKc=,44mp0MlicPY5PRh7byv0y+hbio4=
-23,30,YwawgUBQ1sWpd4DCXnIFqXbrsKc=,44mp0MlicPY5PRh7byv0y+hbio4=
-22,29,YwawgUBQ1sWpd4DCXnIFqXbrsKc=,44mp0MlicPY5PRh7byv0y+hbio4=
-22,30,YwawgUBQ1sWpd4DCXnIFqXbrsKc=,44mp0MlicPY5PRh7byv0y+hbio4=
-19,29,YwawgUBQ1sWpd4DCXnIFqXbrsKc=,tiFrHo/RVZfwQZDuhq/F5BK+p/4=
-18,29,YwawgUBQ1sWpd4DCXnIFqXbrsKc=,tiFrHo/RVZfwQZDuhq/F5BK+p/4=
-20,29,YwawgUBQ1sWpd4DCXnIFqXbrsKc=,tiFrHo/RVZfwQZDuhq/F5BK+p/4=
-18,30,YwawgUBQ1sWpd4DCXnIFqXbrsKc=,tiFrHo/RVZfwQZDuhq/F5BK+p/4=
-19,30,YwawgUBQ1sWpd4DCXnIFqXbrsKc=,tiFrHo/RVZfwQZDuhq/F5BK+p/4=
-21,29,YwawgUBQ1sWpd4DCXnIFqXbrsKc=,44mp0MlicPY5PRh7byv0y+hbio4=
-21,30,YwawgUBQ1sWpd4DCXnIFqXbrsKc=,44mp0MlicPY5PRh7byv0y+hbio4=
-20,30,YwawgUBQ1sWpd4DCXnIFqXbrsKc=,tiFrHo/RVZfwQZDuhq/F5BK+p/4=
-22,21,YwawgUBQ1sWpd4DCXnIFqXbrsKc=,unKyimNK0JNmrycgLgO7OfPR6GQ=
-23,22,YwawgUBQ1sWpd4DCXnIFqXbrsKc=,unKyimNK0JNmrycgLgO7OfPR6GQ=
-22,22,YwawgUBQ1sWpd4DCXnIFqXbrsKc=,unKyimNK0JNmrycgLgO7OfPR6GQ=
-23,21,YwawgUBQ1sWpd4DCXnIFqXbrsKc=,unKyimNK0JNmrycgLgO7OfPR6GQ=
-23,23,YwawgUBQ1sWpd4DCXnIFqXbrsKc=,unKyimNK0JNmrycgLgO7OfPR6GQ=
-23,26,YwawgUBQ1sWpd4DCXnIFqXbrsKc=,lOkTCsff+CbILu3LChi90oHdmzY=
-22,28,YwawgUBQ1sWpd4DCXnIFqXbrsKc=,44mp0MlicPY5PRh7byv0y+hbio4=
-22,25,YwawgUBQ1sWpd4DCXnIFqXbrsKc=,lOkTCsff+CbILu3LChi90oHdmzY=
-23,25,YwawgUBQ1sWpd4DCXnIFqXbrsKc=,lOkTCsff+CbILu3LChi90oHdmzY=
-22,27,YwawgUBQ1sWpd4DCXnIFqXbrsKc=,lOkTCsff+CbILu3LChi90oHdmzY=
-23,27,YwawgUBQ1sWpd4DCXnIFqXbrsKc=,lOkTCsff+CbILu3LChi90oHdmzY=
-23,24,YwawgUBQ1sWpd4DCXnIFqXbrsKc=,lOkTCsff+CbILu3LChi90oHdmzY=
-23,28,YwawgUBQ1sWpd4DCXnIFqXbrsKc=,44mp0MlicPY5PRh7byv0y+hbio4=
-22,24,YwawgUBQ1sWpd4DCXnIFqXbrsKc=,lOkTCsff+CbILu3LChi90oHdmzY=
-22,26,YwawgUBQ1sWpd4DCXnIFqXbrsKc=,lOkTCsff+CbILu3LChi90oHdmzY=
-22,23,YwawgUBQ1sWpd4DCXnIFqXbrsKc=,unKyimNK0JNmrycgLgO7OfPR6GQ=
-23,20,YwawgUBQ1sWpd4DCXnIFqXbrsKc=,unKyimNK0JNmrycgLgO7OfPR6GQ=
-22,20,YwawgUBQ1sWpd4DCXnIFqXbrsKc=,unKyimNK0JNmrycgLgO7OfPR6GQ=
-17,29,9PfU/NMD4m0FKcuTWYFAX0YRaP0=,tiFrHo/RVZfwQZDuhq/F5BK+p/4=
-17,30,9PfU/NMD4m0FKcuTWYFAX0YRaP0=,tiFrHo/RVZfwQZDuhq/F5BK+p/4=
-24,22,9PfU/NMD4m0FKcuTWYFAX0YRaP0=,unKyimNK0JNmrycgLgO7OfPR6GQ=
-24,21,9PfU/NMD4m0FKcuTWYFAX0YRaP0=,unKyimNK0JNmrycgLgO7OfPR6GQ=
-24,24,9PfU/NMD4m0FKcuTWYFAX0YRaP0=,lOkTCsff+CbILu3LChi90oHdmzY=
-24,25,9PfU/NMD4m0FKcuTWYFAX0YRaP0=,lOkTCsff+CbILu3LChi90oHdmzY=
-24,26,9PfU/NMD4m0FKcuTWYFAX0YRaP0=,lOkTCsff+CbILu3LChi90oHdmzY=
-24,23,9PfU/NMD4m0FKcuTWYFAX0YRaP0=,unKyimNK0JNmrycgLgO7OfPR6GQ=
-19,31,9PfU/NMD4m0FKcuTWYFAX0YRaP0=,tiFrHo/RVZfwQZDuhq/F5BK+p/4=
-18,31,9PfU/NMD4m0FKcuTWYFAX0YRaP0=,tiFrHo/RVZfwQZDuhq/F5BK+p/4=
-17,31,9PfU/NMD4m0FKcuTWYFAX0YRaP0=,tiFrHo/RVZfwQZDuhq/F5BK+p/4=
-24,28,9PfU/NMD4m0FKcuTWYFAX0YRaP0=,44mp0MlicPY5PRh7byv0y+hbio4=
-24,27,9PfU/NMD4m0FKcuTWYFAX0YRaP0=,lOkTCsff+CbILu3LChi90oHdmzY=
-24,29,9PfU/NMD4m0FKcuTWYFAX0YRaP0=,44mp0MlicPY5PRh7byv0y+hbio4=
-22,31,9PfU/NMD4m0FKcuTWYFAX0YRaP0=,44mp0MlicPY5PRh7byv0y+hbio4=
-20,31,9PfU/NMD4m0FKcuTWYFAX0YRaP0=,tiFrHo/RVZfwQZDuhq/F5BK+p/4=
-21,31,9PfU/NMD4m0FKcuTWYFAX0YRaP0=,44mp0MlicPY5PRh7byv0y+hbio4=
-23,31,9PfU/NMD4m0FKcuTWYFAX0YRaP0=,44mp0MlicPY5PRh7byv0y+hbio4=
-24,20,9PfU/NMD4m0FKcuTWYFAX0YRaP0=,unKyimNK0JNmrycgLgO7OfPR6GQ=
-24,31,9PfU/NMD4m0FKcuTWYFAX0YRaP0=,44mp0MlicPY5PRh7byv0y+hbio4=
-24,30,9PfU/NMD4m0FKcuTWYFAX0YRaP0=,44mp0MlicPY5PRh7byv0y+hbio4=
-21,21,9PfU/NMD4m0FKcuTWYFAX0YRaP0=,unKyimNK0JNmrycgLgO7OfPR6GQ=
-20,21,9PfU/NMD4m0FKcuTWYFAX0YRaP0=,BeyfXOinDwPRlCGhXtCj1IvQfAQ=
-20,25,9PfU/NMD4m0FKcuTWYFAX0YRaP0=,2YHl5U1FaeeZ8vKbDVTDOkGhxmU=
-20,23,9PfU/NMD4m0FKcuTWYFAX0YRaP0=,BeyfXOinDwPRlCGhXtCj1IvQfAQ=
-20,27,9PfU/NMD4m0FKcuTWYFAX0YRaP0=,2YHl5U1FaeeZ8vKbDVTDOkGhxmU=
-21,23,9PfU/NMD4m0FKcuTWYFAX0YRaP0=,unKyimNK0JNmrycgLgO7OfPR6GQ=
-19,27,9PfU/NMD4m0FKcuTWYFAX0YRaP0=,2YHl5U1FaeeZ8vKbDVTDOkGhxmU=
-19,25,9PfU/NMD4m0FKcuTWYFAX0YRaP0=,2YHl5U1FaeeZ8vKbDVTDOkGhxmU=
-20,28,9PfU/NMD4m0FKcuTWYFAX0YRaP0=,tiFrHo/RVZfwQZDuhq/F5BK+p/4=
-18,25,9PfU/NMD4m0FKcuTWYFAX0YRaP0=,2YHl5U1FaeeZ8vKbDVTDOkGhxmU=
-17,25,9PfU/NMD4m0FKcuTWYFAX0YRaP0=,2YHl5U1FaeeZ8vKbDVTDOkGhxmU=
-21,24,9PfU/NMD4m0FKcuTWYFAX0YRaP0=,lOkTCsff+CbILu3LChi90oHdmzY=
-19,23,9PfU/NMD4m0FKcuTWYFAX0YRaP0=,BeyfXOinDwPRlCGhXtCj1IvQfAQ=
-19,28,9PfU/NMD4m0FKcuTWYFAX0YRaP0=,tiFrHo/RVZfwQZDuhq/F5BK+p/4=
-21,25,9PfU/NMD4m0FKcuTWYFAX0YRaP0=,lOkTCsff+CbILu3LChi90oHdmzY=
-19,22,9PfU/NMD4m0FKcuTWYFAX0YRaP0=,BeyfXOinDwPRlCGhXtCj1IvQfAQ=
-20,26,9PfU/NMD4m0FKcuTWYFAX0YRaP0=,2YHl5U1FaeeZ8vKbDVTDOkGhxmU=
-19,26,9PfU/NMD4m0FKcuTWYFAX0YRaP0=,2YHl5U1FaeeZ8vKbDVTDOkGhxmU=
-18,26,9PfU/NMD4m0FKcuTWYFAX0YRaP0=,2YHl5U1FaeeZ8vKbDVTDOkGhxmU=
-18,23,9PfU/NMD4m0FKcuTWYFAX0YRaP0=,BeyfXOinDwPRlCGhXtCj1IvQfAQ=
-17,26,9PfU/NMD4m0FKcuTWYFAX0YRaP0=,2YHl5U1FaeeZ8vKbDVTDOkGhxmU=
-18,28,9PfU/NMD4m0FKcuTWYFAX0YRaP0=,tiFrHo/RVZfwQZDuhq/F5BK+p/4=
-18,27,9PfU/NMD4m0FKcuTWYFAX0YRaP0=,2YHl5U1FaeeZ8vKbDVTDOkGhxmU=
-17,23,9PfU/NMD4m0FKcuTWYFAX0YRaP0=,BeyfXOinDwPRlCGhXtCj1IvQfAQ=
-20,24,9PfU/NMD4m0FKcuTWYFAX0YRaP0=,2YHl5U1FaeeZ8vKbDVTDOkGhxmU=
-19,24,9PfU/NMD4m0FKcuTWYFAX0YRaP0=,2YHl5U1FaeeZ8vKbDVTDOkGhxmU=
-21,27,9PfU/NMD4m0FKcuTWYFAX0YRaP0=,lOkTCsff+CbILu3LChi90oHdmzY=
-21,28,9PfU/NMD4m0FKcuTWYFAX0YRaP0=,44mp0MlicPY5PRh7byv0y+hbio4=
-18,24,9PfU/NMD4m0FKcuTWYFAX0YRaP0=,2YHl5U1FaeeZ8vKbDVTDOkGhxmU=
-20,22,9PfU/NMD4m0FKcuTWYFAX0YRaP0=,BeyfXOinDwPRlCGhXtCj1IvQfAQ=
-17,27,9PfU/NMD4m0FKcuTWYFAX0YRaP0=,2YHl5U1FaeeZ8vKbDVTDOkGhxmU=
-21,26,9PfU/NMD4m0FKcuTWYFAX0YRaP0=,lOkTCsff+CbILu3LChi90oHdmzY=
-17,24,9PfU/NMD4m0FKcuTWYFAX0YRaP0=,2YHl5U1FaeeZ8vKbDVTDOkGhxmU=
-17,28,9PfU/NMD4m0FKcuTWYFAX0YRaP0=,tiFrHo/RVZfwQZDuhq/F5BK+p/4=
-17,22,9PfU/NMD4m0FKcuTWYFAX0YRaP0=,BeyfXOinDwPRlCGhXtCj1IvQfAQ=
-21,22,9PfU/NMD4m0FKcuTWYFAX0YRaP0=,unKyimNK0JNmrycgLgO7OfPR6GQ=
-17,21,9PfU/NMD4m0FKcuTWYFAX0YRaP0=,BeyfXOinDwPRlCGhXtCj1IvQfAQ=
-18,21,9PfU/NMD4m0FKcuTWYFAX0YRaP0=,BeyfXOinDwPRlCGhXtCj1IvQfAQ=
-19,21,9PfU/NMD4m0FKcuTWYFAX0YRaP0=,BeyfXOinDwPRlCGhXtCj1IvQfAQ=
-18,22,9PfU/NMD4m0FKcuTWYFAX0YRaP0=,BeyfXOinDwPRlCGhXtCj1IvQfAQ=
-17,18,9PfU/NMD4m0FKcuTWYFAX0YRaP0=,o1KD2OhVSMv2DXmSgsKJz8B5D78=
-20,19,9PfU/NMD4m0FKcuTWYFAX0YRaP0=,o1KD2OhVSMv2DXmSgsKJz8B5D78=
-19,18,9PfU/NMD4m0FKcuTWYFAX0YRaP0=,o1KD2OhVSMv2DXmSgsKJz8B5D78=
-20,18,9PfU/NMD4m0FKcuTWYFAX0YRaP0=,o1KD2OhVSMv2DXmSgsKJz8B5D78=
-19,19,9PfU/NMD4m0FKcuTWYFAX0YRaP0=,o1KD2OhVSMv2DXmSgsKJz8B5D78=
-18,19,9PfU/NMD4m0FKcuTWYFAX0YRaP0=,o1KD2OhVSMv2DXmSgsKJz8B5D78=
-20,20,9PfU/NMD4m0FKcuTWYFAX0YRaP0=,BeyfXOinDwPRlCGhXtCj1IvQfAQ=
-17,17,9PfU/NMD4m0FKcuTWYFAX0YRaP0=,o1KD2OhVSMv2DXmSgsKJz8B5D78=
-21,20,9PfU/NMD4m0FKcuTWYFAX0YRaP0=,unKyimNK0JNmrycgLgO7OfPR6GQ=
-19,20,9PfU/NMD4m0FKcuTWYFAX0YRaP0=,BeyfXOinDwPRlCGhXtCj1IvQfAQ=
-17,19,9PfU/NMD4m0FKcuTWYFAX0YRaP0=,o1KD2OhVSMv2DXmSgsKJz8B5D78=
-18,17,9PfU/NMD4m0FKcuTWYFAX0YRaP0=,o1KD2OhVSMv2DXmSgsKJz8B5D78=
-18,20,9PfU/NMD4m0FKcuTWYFAX0YRaP0=,BeyfXOinDwPRlCGhXtCj1IvQfAQ=
-17,20,9PfU/NMD4m0FKcuTWYFAX0YRaP0=,BeyfXOinDwPRlCGhXtCj1IvQfAQ=
-20,16,9PfU/NMD4m0FKcuTWYFAX0YRaP0=,o1KD2OhVSMv2DXmSgsKJz8B5D78=
-19,16,9PfU/NMD4m0FKcuTWYFAX0YRaP0=,o1KD2OhVSMv2DXmSgsKJz8B5D78=
-19,17,9PfU/NMD4m0FKcuTWYFAX0YRaP0=,o1KD2OhVSMv2DXmSgsKJz8B5D78=
-20,17,9PfU/NMD4m0FKcuTWYFAX0YRaP0=,o1KD2OhVSMv2DXmSgsKJz8B5D78=
-17,16,9PfU/NMD4m0FKcuTWYFAX0YRaP0=,o1KD2OhVSMv2DXmSgsKJz8B5D78=
-18,18,9PfU/NMD4m0FKcuTWYFAX0YRaP0=,o1KD2OhVSMv2DXmSgsKJz8B5D78=
-18,16,9PfU/NMD4m0FKcuTWYFAX0YRaP0=,o1KD2OhVSMv2DXmSgsKJz8B5D78=
-15,29,eYUsKG8aPbUTqyndso7ik3vGWag=,/irmZqxlj2RairB2eqC4rilre/A=
-14,29,eYUsKG8aPbUTqyndso7ik3vGWag=,/irmZqxlj2RairB2eqC4rilre/A=
-14,30,eYUsKG8aPbUTqyndso7ik3vGWag=,/irmZqxlj2RairB2eqC4rilre/A=
-15,30,eYUsKG8aPbUTqyndso7ik3vGWag=,/irmZqxlj2RairB2eqC4rilre/A=
-11,25,eYUsKG8aPbUTqyndso7ik3vGWag=,5Uicfrn/y4XHMSKNziB7CqMFlm4=
-10,25,eYUsKG8aPbUTqyndso7ik3vGWag=,5Uicfrn/y4XHMSKNziB7CqMFlm4=
-11,26,eYUsKG8aPbUTqyndso7ik3vGWag=,5Uicfrn/y4XHMSKNziB7CqMFlm4=
-10,26,eYUsKG8aPbUTqyndso7ik3vGWag=,5Uicfrn/y4XHMSKNziB7CqMFlm4=
-11,21,eYUsKG8aPbUTqyndso7ik3vGWag=,U+MIfzsF1YamAPcECZmZ4RikgpE=
-10,21,eYUsKG8aPbUTqyndso7ik3vGWag=,U+MIfzsF1YamAPcECZmZ4RikgpE=
-11,23,eYUsKG8aPbUTqyndso7ik3vGWag=,U+MIfzsF1YamAPcECZmZ4RikgpE=
-11,22,eYUsKG8aPbUTqyndso7ik3vGWag=,U+MIfzsF1YamAPcECZmZ4RikgpE=
-10,23,eYUsKG8aPbUTqyndso7ik3vGWag=,U+MIfzsF1YamAPcECZmZ4RikgpE=
-11,24,eYUsKG8aPbUTqyndso7ik3vGWag=,5Uicfrn/y4XHMSKNziB7CqMFlm4=
-10,24,eYUsKG8aPbUTqyndso7ik3vGWag=,5Uicfrn/y4XHMSKNziB7CqMFlm4=
-10,22,eYUsKG8aPbUTqyndso7ik3vGWag=,U+MIfzsF1YamAPcECZmZ4RikgpE=
-12,22,91aMc1ScNR/umPZJuVovN0dBUEU=,U+MIfzsF1YamAPcECZmZ4RikgpE=
-12,21,91aMc1ScNR/umPZJuVovN0dBUEU=,U+MIfzsF1YamAPcECZmZ4RikgpE=
-13,22,91aMc1ScNR/umPZJuVovN0dBUEU=,bsS47hrOXULXss/fbIC3Gn+LcRE=
-15,21,91aMc1ScNR/umPZJuVovN0dBUEU=,bsS47hrOXULXss/fbIC3Gn+LcRE=
-15,22,91aMc1ScNR/umPZJuVovN0dBUEU=,bsS47hrOXULXss/fbIC3Gn+LcRE=
-14,22,91aMc1ScNR/umPZJuVovN0dBUEU=,bsS47hrOXULXss/fbIC3Gn+LcRE=
-13,21,91aMc1ScNR/umPZJuVovN0dBUEU=,bsS47hrOXULXss/fbIC3Gn+LcRE=
-14,21,91aMc1ScNR/umPZJuVovN0dBUEU=,bsS47hrOXULXss/fbIC3Gn+LcRE=
-13,26,91aMc1ScNR/umPZJuVovN0dBUEU=,TcZr0dwfy2c0I2jgja/p4fftcgE=
-15,23,91aMc1ScNR/umPZJuVovN0dBUEU=,bsS47hrOXULXss/fbIC3Gn+LcRE=
-15,24,91aMc1ScNR/umPZJuVovN0dBUEU=,TcZr0dwfy2c0I2jgja/p4fftcgE=
-14,28,91aMc1ScNR/umPZJuVovN0dBUEU=,/irmZqxlj2RairB2eqC4rilre/A=
-12,26,91aMc1ScNR/umPZJuVovN0dBUEU=,5Uicfrn/y4XHMSKNziB7CqMFlm4=
-12,23,91aMc1ScNR/umPZJuVovN0dBUEU=,U+MIfzsF1YamAPcECZmZ4RikgpE=
-13,24,91aMc1ScNR/umPZJuVovN0dBUEU=,TcZr0dwfy2c0I2jgja/p4fftcgE=
-14,26,91aMc1ScNR/umPZJuVovN0dBUEU=,TcZr0dwfy2c0I2jgja/p4fftcgE=
-15,28,91aMc1ScNR/umPZJuVovN0dBUEU=,/irmZqxlj2RairB2eqC4rilre/A=
-13,23,91aMc1ScNR/umPZJuVovN0dBUEU=,bsS47hrOXULXss/fbIC3Gn+LcRE=
-15,26,91aMc1ScNR/umPZJuVovN0dBUEU=,TcZr0dwfy2c0I2jgja/p4fftcgE=
-12,24,91aMc1ScNR/umPZJuVovN0dBUEU=,5Uicfrn/y4XHMSKNziB7CqMFlm4=
-14,27,91aMc1ScNR/umPZJuVovN0dBUEU=,TcZr0dwfy2c0I2jgja/p4fftcgE=
-14,25,91aMc1ScNR/umPZJuVovN0dBUEU=,TcZr0dwfy2c0I2jgja/p4fftcgE=
-14,24,91aMc1ScNR/umPZJuVovN0dBUEU=,TcZr0dwfy2c0I2jgja/p4fftcgE=
-13,25,91aMc1ScNR/umPZJuVovN0dBUEU=,TcZr0dwfy2c0I2jgja/p4fftcgE=
-15,27,91aMc1ScNR/umPZJuVovN0dBUEU=,TcZr0dwfy2c0I2jgja/p4fftcgE=
-12,25,91aMc1ScNR/umPZJuVovN0dBUEU=,5Uicfrn/y4XHMSKNziB7CqMFlm4=
-15,25,91aMc1ScNR/umPZJuVovN0dBUEU=,TcZr0dwfy2c0I2jgja/p4fftcgE=
-14,23,91aMc1ScNR/umPZJuVovN0dBUEU=,bsS47hrOXULXss/fbIC3Gn+LcRE=
-15,19,qOQ8273XNoQGOG1p1I2X5hQGJDw=,3SwXjcpIEu5dGAP9/MSpaQ0hkTo=
-14,17,qOQ8273XNoQGOG1p1I2X5hQGJDw=,3SwXjcpIEu5dGAP9/MSpaQ0hkTo=
-15,17,qOQ8273XNoQGOG1p1I2X5hQGJDw=,3SwXjcpIEu5dGAP9/MSpaQ0hkTo=
-14,18,qOQ8273XNoQGOG1p1I2X5hQGJDw=,3SwXjcpIEu5dGAP9/MSpaQ0hkTo=
-14,20,qOQ8273XNoQGOG1p1I2X5hQGJDw=,bsS47hrOXULXss/fbIC3Gn+LcRE=
-15,20,qOQ8273XNoQGOG1p1I2X5hQGJDw=,bsS47hrOXULXss/fbIC3Gn+LcRE=
-15,18,qOQ8273XNoQGOG1p1I2X5hQGJDw=,3SwXjcpIEu5dGAP9/MSpaQ0hkTo=
-14,19,qOQ8273XNoQGOG1p1I2X5hQGJDw=,3SwXjcpIEu5dGAP9/MSpaQ0hkTo=
-9,21,qOQ8273XNoQGOG1p1I2X5hQGJDw=,U+MIfzsF1YamAPcECZmZ4RikgpE=
-6,22,qOQ8273XNoQGOG1p1I2X5hQGJDw=,mGjoudVtBsccb4UQO9nL7thp0AM=
-7,22,qOQ8273XNoQGOG1p1I2X5hQGJDw=,mGjoudVtBsccb4UQO9nL7thp0AM=
-8,22,qOQ8273XNoQGOG1p1I2X5hQGJDw=,mGjoudVtBsccb4UQO9nL7thp0AM=
-7,21,qOQ8273XNoQGOG1p1I2X5hQGJDw=,mGjoudVtBsccb4UQO9nL7thp0AM=
-6,21,qOQ8273XNoQGOG1p1I2X5hQGJDw=,mGjoudVtBsccb4UQO9nL7thp0AM=
-9,22,qOQ8273XNoQGOG1p1I2X5hQGJDw=,U+MIfzsF1YamAPcECZmZ4RikgpE=
-8,21,qOQ8273XNoQGOG1p1I2X5hQGJDw=,mGjoudVtBsccb4UQO9nL7thp0AM=
-12,19,qOQ8273XNoQGOG1p1I2X5hQGJDw=,GecUOS36da3ChBsJbyZE67YtFUc=
-13,19,qOQ8273XNoQGOG1p1I2X5hQGJDw=,3SwXjcpIEu5dGAP9/MSpaQ0hkTo=
-13,17,qOQ8273XNoQGOG1p1I2X5hQGJDw=,3SwXjcpIEu5dGAP9/MSpaQ0hkTo=
-11,17,qOQ8273XNoQGOG1p1I2X5hQGJDw=,GecUOS36da3ChBsJbyZE67YtFUc=
-11,19,qOQ8273XNoQGOG1p1I2X5hQGJDw=,GecUOS36da3ChBsJbyZE67YtFUc=
-10,17,qOQ8273XNoQGOG1p1I2X5hQGJDw=,GecUOS36da3ChBsJbyZE67YtFUc=
-13,20,qOQ8273XNoQGOG1p1I2X5hQGJDw=,bsS47hrOXULXss/fbIC3Gn+LcRE=
-10,20,qOQ8273XNoQGOG1p1I2X5hQGJDw=,U+MIfzsF1YamAPcECZmZ4RikgpE=
-11,20,qOQ8273XNoQGOG1p1I2X5hQGJDw=,U+MIfzsF1YamAPcECZmZ4RikgpE=
-12,17,qOQ8273XNoQGOG1p1I2X5hQGJDw=,GecUOS36da3ChBsJbyZE67YtFUc=
-12,20,qOQ8273XNoQGOG1p1I2X5hQGJDw=,U+MIfzsF1YamAPcECZmZ4RikgpE=
-13,18,qOQ8273XNoQGOG1p1I2X5hQGJDw=,3SwXjcpIEu5dGAP9/MSpaQ0hkTo=
-10,18,qOQ8273XNoQGOG1p1I2X5hQGJDw=,GecUOS36da3ChBsJbyZE67YtFUc=
-11,18,qOQ8273XNoQGOG1p1I2X5hQGJDw=,GecUOS36da3ChBsJbyZE67YtFUc=
-12,18,qOQ8273XNoQGOG1p1I2X5hQGJDw=,GecUOS36da3ChBsJbyZE67YtFUc=
-10,19,qOQ8273XNoQGOG1p1I2X5hQGJDw=,GecUOS36da3ChBsJbyZE67YtFUc=
-4,21,qOQ8273XNoQGOG1p1I2X5hQGJDw=,r016ucmTP+Ou6hl+iNlZUhH2g6Y=
-3,21,35vQSLxoAE1LhJ9ssXbxmhQkheQ=,r016ucmTP+Ou6hl+iNlZUhH2g6Y=
-5,22,35vQSLxoAE1LhJ9ssXbxmhQkheQ=,mGjoudVtBsccb4UQO9nL7thp0AM=
-5,21,35vQSLxoAE1LhJ9ssXbxmhQkheQ=,mGjoudVtBsccb4UQO9nL7thp0AM=
-2,22,35vQSLxoAE1LhJ9ssXbxmhQkheQ=,r016ucmTP+Ou6hl+iNlZUhH2g6Y=
-3,22,35vQSLxoAE1LhJ9ssXbxmhQkheQ=,r016ucmTP+Ou6hl+iNlZUhH2g6Y=
-2,21,35vQSLxoAE1LhJ9ssXbxmhQkheQ=,r016ucmTP+Ou6hl+iNlZUhH2g6Y=
-4,22,35vQSLxoAE1LhJ9ssXbxmhQkheQ=,r016ucmTP+Ou6hl+iNlZUhH2g6Y=
-3,25,35vQSLxoAE1LhJ9ssXbxmhQkheQ=,VFLqj1PYbV8NJi46nP82PcRlc3A=
-2,24,35vQSLxoAE1LhJ9ssXbxmhQkheQ=,VFLqj1PYbV8NJi46nP82PcRlc3A=
-2,26,35vQSLxoAE1LhJ9ssXbxmhQkheQ=,VFLqj1PYbV8NJi46nP82PcRlc3A=
-2,23,35vQSLxoAE1LhJ9ssXbxmhQkheQ=,r016ucmTP+Ou6hl+iNlZUhH2g6Y=
-3,24,35vQSLxoAE1LhJ9ssXbxmhQkheQ=,VFLqj1PYbV8NJi46nP82PcRlc3A=
-3,23,35vQSLxoAE1LhJ9ssXbxmhQkheQ=,r016ucmTP+Ou6hl+iNlZUhH2g6Y=
-3,26,35vQSLxoAE1LhJ9ssXbxmhQkheQ=,VFLqj1PYbV8NJi46nP82PcRlc3A=
-2,25,35vQSLxoAE1LhJ9ssXbxmhQkheQ=,VFLqj1PYbV8NJi46nP82PcRlc3A=
-7,29,35vQSLxoAE1LhJ9ssXbxmhQkheQ=,BxTYQEfFhw2Zo7t9W9z8SubWBkI=
-6,30,35vQSLxoAE1LhJ9ssXbxmhQkheQ=,BxTYQEfFhw2Zo7t9W9z8SubWBkI=
-7,30,35vQSLxoAE1LhJ9ssXbxmhQkheQ=,BxTYQEfFhw2Zo7t9W9z8SubWBkI=
-6,29,35vQSLxoAE1LhJ9ssXbxmhQkheQ=,BxTYQEfFhw2Zo7t9W9z8SubWBkI=
-8,23,35vQSLxoAE1LhJ9ssXbxmhQkheQ=,mGjoudVtBsccb4UQO9nL7thp0AM=
-5,26,35vQSLxoAE1LhJ9ssXbxmhQkheQ=,+WPvdPpNNrwvv06bh/jcNJbxIKQ=
-6,26,35vQSLxoAE1LhJ9ssXbxmhQkheQ=,+WPvdPpNNrwvv06bh/jcNJbxIKQ=
-9,26,35vQSLxoAE1LhJ9ssXbxmhQkheQ=,5Uicfrn/y4XHMSKNziB7CqMFlm4=
-9,24,35vQSLxoAE1LhJ9ssXbxmhQkheQ=,5Uicfrn/y4XHMSKNziB7CqMFlm4=
-4,24,35vQSLxoAE1LhJ9ssXbxmhQkheQ=,VFLqj1PYbV8NJi46nP82PcRlc3A=
-7,26,35vQSLxoAE1LhJ9ssXbxmhQkheQ=,+WPvdPpNNrwvv06bh/jcNJbxIKQ=
-9,25,35vQSLxoAE1LhJ9ssXbxmhQkheQ=,5Uicfrn/y4XHMSKNziB7CqMFlm4=
-5,25,35vQSLxoAE1LhJ9ssXbxmhQkheQ=,+WPvdPpNNrwvv06bh/jcNJbxIKQ=
-7,25,35vQSLxoAE1LhJ9ssXbxmhQkheQ=,+WPvdPpNNrwvv06bh/jcNJbxIKQ=
-9,23,35vQSLxoAE1LhJ9ssXbxmhQkheQ=,U+MIfzsF1YamAPcECZmZ4RikgpE=
-8,26,35vQSLxoAE1LhJ9ssXbxmhQkheQ=,+WPvdPpNNrwvv06bh/jcNJbxIKQ=
-6,25,35vQSLxoAE1LhJ9ssXbxmhQkheQ=,+WPvdPpNNrwvv06bh/jcNJbxIKQ=
-5,24,35vQSLxoAE1LhJ9ssXbxmhQkheQ=,+WPvdPpNNrwvv06bh/jcNJbxIKQ=
-6,24,35vQSLxoAE1LhJ9ssXbxmhQkheQ=,+WPvdPpNNrwvv06bh/jcNJbxIKQ=
-7,24,35vQSLxoAE1LhJ9ssXbxmhQkheQ=,+WPvdPpNNrwvv06bh/jcNJbxIKQ=
-8,25,35vQSLxoAE1LhJ9ssXbxmhQkheQ=,+WPvdPpNNrwvv06bh/jcNJbxIKQ=
-8,24,35vQSLxoAE1LhJ9ssXbxmhQkheQ=,+WPvdPpNNrwvv06bh/jcNJbxIKQ=
-4,26,35vQSLxoAE1LhJ9ssXbxmhQkheQ=,VFLqj1PYbV8NJi46nP82PcRlc3A=
-5,23,35vQSLxoAE1LhJ9ssXbxmhQkheQ=,mGjoudVtBsccb4UQO9nL7thp0AM=
-4,23,35vQSLxoAE1LhJ9ssXbxmhQkheQ=,r016ucmTP+Ou6hl+iNlZUhH2g6Y=
-6,28,35vQSLxoAE1LhJ9ssXbxmhQkheQ=,BxTYQEfFhw2Zo7t9W9z8SubWBkI=
-6,23,35vQSLxoAE1LhJ9ssXbxmhQkheQ=,mGjoudVtBsccb4UQO9nL7thp0AM=
-7,28,35vQSLxoAE1LhJ9ssXbxmhQkheQ=,BxTYQEfFhw2Zo7t9W9z8SubWBkI=
-6,27,35vQSLxoAE1LhJ9ssXbxmhQkheQ=,+WPvdPpNNrwvv06bh/jcNJbxIKQ=
-4,25,35vQSLxoAE1LhJ9ssXbxmhQkheQ=,VFLqj1PYbV8NJi46nP82PcRlc3A=
-7,27,35vQSLxoAE1LhJ9ssXbxmhQkheQ=,+WPvdPpNNrwvv06bh/jcNJbxIKQ=
-7,23,35vQSLxoAE1LhJ9ssXbxmhQkheQ=,mGjoudVtBsccb4UQO9nL7thp0AM=
-8,19,35vQSLxoAE1LhJ9ssXbxmhQkheQ=,KeQ7dy4gmtcpSYmOh5cTN8E8NT4=
-9,18,35vQSLxoAE1LhJ9ssXbxmhQkheQ=,GecUOS36da3ChBsJbyZE67YtFUc=
-6,18,35vQSLxoAE1LhJ9ssXbxmhQkheQ=,KeQ7dy4gmtcpSYmOh5cTN8E8NT4=
-6,16,35vQSLxoAE1LhJ9ssXbxmhQkheQ=,KeQ7dy4gmtcpSYmOh5cTN8E8NT4=
-7,16,35vQSLxoAE1LhJ9ssXbxmhQkheQ=,KeQ7dy4gmtcpSYmOh5cTN8E8NT4=
-6,20,35vQSLxoAE1LhJ9ssXbxmhQkheQ=,mGjoudVtBsccb4UQO9nL7thp0AM=
-7,18,35vQSLxoAE1LhJ9ssXbxmhQkheQ=,KeQ7dy4gmtcpSYmOh5cTN8E8NT4=
-7,20,35vQSLxoAE1LhJ9ssXbxmhQkheQ=,mGjoudVtBsccb4UQO9nL7thp0AM=
-8,18,35vQSLxoAE1LhJ9ssXbxmhQkheQ=,KeQ7dy4gmtcpSYmOh5cTN8E8NT4=
-8,20,35vQSLxoAE1LhJ9ssXbxmhQkheQ=,mGjoudVtBsccb4UQO9nL7thp0AM=
-9,20,35vQSLxoAE1LhJ9ssXbxmhQkheQ=,U+MIfzsF1YamAPcECZmZ4RikgpE=
-9,19,35vQSLxoAE1LhJ9ssXbxmhQkheQ=,GecUOS36da3ChBsJbyZE67YtFUc=
-6,17,35vQSLxoAE1LhJ9ssXbxmhQkheQ=,KeQ7dy4gmtcpSYmOh5cTN8E8NT4=
-7,17,35vQSLxoAE1LhJ9ssXbxmhQkheQ=,KeQ7dy4gmtcpSYmOh5cTN8E8NT4=
-6,19,35vQSLxoAE1LhJ9ssXbxmhQkheQ=,KeQ7dy4gmtcpSYmOh5cTN8E8NT4=
-8,17,35vQSLxoAE1LhJ9ssXbxmhQkheQ=,KeQ7dy4gmtcpSYmOh5cTN8E8NT4=
-9,17,35vQSLxoAE1LhJ9ssXbxmhQkheQ=,GecUOS36da3ChBsJbyZE67YtFUc=
-7,19,35vQSLxoAE1LhJ9ssXbxmhQkheQ=,KeQ7dy4gmtcpSYmOh5cTN8E8NT4=
-1,21,35vQSLxoAE1LhJ9ssXbxmhQkheQ=,r016ucmTP+Ou6hl+iNlZUhH2g6Y=
-1,22,35vQSLxoAE1LhJ9ssXbxmhQkheQ=,r016ucmTP+Ou6hl+iNlZUhH2g6Y=
-1,25,35vQSLxoAE1LhJ9ssXbxmhQkheQ=,VFLqj1PYbV8NJi46nP82PcRlc3A=
-1,23,35vQSLxoAE1LhJ9ssXbxmhQkheQ=,r016ucmTP+Ou6hl+iNlZUhH2g6Y=
-1,26,35vQSLxoAE1LhJ9ssXbxmhQkheQ=,VFLqj1PYbV8NJi46nP82PcRlc3A=
-1,24,35vQSLxoAE1LhJ9ssXbxmhQkheQ=,VFLqj1PYbV8NJi46nP82PcRlc3A=
-7,31,35vQSLxoAE1LhJ9ssXbxmhQkheQ=,BxTYQEfFhw2Zo7t9W9z8SubWBkI=
-6,31,35vQSLxoAE1LhJ9ssXbxmhQkheQ=,BxTYQEfFhw2Zo7t9W9z8SubWBkI=
-13,28,35vQSLxoAE1LhJ9ssXbxmhQkheQ=,/irmZqxlj2RairB2eqC4rilre/A=
-13,30,35vQSLxoAE1LhJ9ssXbxmhQkheQ=,/irmZqxlj2RairB2eqC4rilre/A=
-8,27,35vQSLxoAE1LhJ9ssXbxmhQkheQ=,+WPvdPpNNrwvv06bh/jcNJbxIKQ=
-13,27,35vQSLxoAE1LhJ9ssXbxmhQkheQ=,TcZr0dwfy2c0I2jgja/p4fftcgE=
-12,27,35vQSLxoAE1LhJ9ssXbxmhQkheQ=,5Uicfrn/y4XHMSKNziB7CqMFlm4=
-8,28,35vQSLxoAE1LhJ9ssXbxmhQkheQ=,BxTYQEfFhw2Zo7t9W9z8SubWBkI=
-11,27,35vQSLxoAE1LhJ9ssXbxmhQkheQ=,5Uicfrn/y4XHMSKNziB7CqMFlm4=
-8,29,35vQSLxoAE1LhJ9ssXbxmhQkheQ=,BxTYQEfFhw2Zo7t9W9z8SubWBkI=
-13,29,35vQSLxoAE1LhJ9ssXbxmhQkheQ=,/irmZqxlj2RairB2eqC4rilre/A=
-10,27,35vQSLxoAE1LhJ9ssXbxmhQkheQ=,5Uicfrn/y4XHMSKNziB7CqMFlm4=
-9,27,35vQSLxoAE1LhJ9ssXbxmhQkheQ=,5Uicfrn/y4XHMSKNziB7CqMFlm4=
-8,30,35vQSLxoAE1LhJ9ssXbxmhQkheQ=,BxTYQEfFhw2Zo7t9W9z8SubWBkI=
-16,21,35vQSLxoAE1LhJ9ssXbxmhQkheQ=,bsS47hrOXULXss/fbIC3Gn+LcRE=
-16,22,35vQSLxoAE1LhJ9ssXbxmhQkheQ=,bsS47hrOXULXss/fbIC3Gn+LcRE=
-16,20,35vQSLxoAE1LhJ9ssXbxmhQkheQ=,bsS47hrOXULXss/fbIC3Gn+LcRE=
-16,17,35vQSLxoAE1LhJ9ssXbxmhQkheQ=,3SwXjcpIEu5dGAP9/MSpaQ0hkTo=
-16,18,35vQSLxoAE1LhJ9ssXbxmhQkheQ=,3SwXjcpIEu5dGAP9/MSpaQ0hkTo=
-16,19,35vQSLxoAE1LhJ9ssXbxmhQkheQ=,3SwXjcpIEu5dGAP9/MSpaQ0hkTo=
-14,16,35vQSLxoAE1LhJ9ssXbxmhQkheQ=,3SwXjcpIEu5dGAP9/MSpaQ0hkTo=
-15,16,35vQSLxoAE1LhJ9ssXbxmhQkheQ=,3SwXjcpIEu5dGAP9/MSpaQ0hkTo=
-4,19,35vQSLxoAE1LhJ9ssXbxmhQkheQ=,tY+5X3eDJqRRu2Dt3oi5CkUHAr0=
-13,16,35vQSLxoAE1LhJ9ssXbxmhQkheQ=,3SwXjcpIEu5dGAP9/MSpaQ0hkTo=
-8,16,35vQSLxoAE1LhJ9ssXbxmhQkheQ=,KeQ7dy4gmtcpSYmOh5cTN8E8NT4=
-3,19,35vQSLxoAE1LhJ9ssXbxmhQkheQ=,tY+5X3eDJqRRu2Dt3oi5CkUHAr0=
-9,16,35vQSLxoAE1LhJ9ssXbxmhQkheQ=,GecUOS36da3ChBsJbyZE67YtFUc=
-12,16,35vQSLxoAE1LhJ9ssXbxmhQkheQ=,GecUOS36da3ChBsJbyZE67YtFUc=
-4,16,35vQSLxoAE1LhJ9ssXbxmhQkheQ=,tY+5X3eDJqRRu2Dt3oi5CkUHAr0=
-10,16,35vQSLxoAE1LhJ9ssXbxmhQkheQ=,GecUOS36da3ChBsJbyZE67YtFUc=
-11,16,35vQSLxoAE1LhJ9ssXbxmhQkheQ=,GecUOS36da3ChBsJbyZE67YtFUc=
-16,16,35vQSLxoAE1LhJ9ssXbxmhQkheQ=,3SwXjcpIEu5dGAP9/MSpaQ0hkTo=
-5,17,35vQSLxoAE1LhJ9ssXbxmhQkheQ=,KeQ7dy4gmtcpSYmOh5cTN8E8NT4=
-3,16,35vQSLxoAE1LhJ9ssXbxmhQkheQ=,tY+5X3eDJqRRu2Dt3oi5CkUHAr0=
-5,19,35vQSLxoAE1LhJ9ssXbxmhQkheQ=,KeQ7dy4gmtcpSYmOh5cTN8E8NT4=
-2,16,35vQSLxoAE1LhJ9ssXbxmhQkheQ=,tY+5X3eDJqRRu2Dt3oi5CkUHAr0=
-1,16,35vQSLxoAE1LhJ9ssXbxmhQkheQ=,tY+5X3eDJqRRu2Dt3oi5CkUHAr0=
-5,20,35vQSLxoAE1LhJ9ssXbxmhQkheQ=,mGjoudVtBsccb4UQO9nL7thp0AM=
-1,20,35vQSLxoAE1LhJ9ssXbxmhQkheQ=,r016ucmTP+Ou6hl+iNlZUhH2g6Y=
-2,20,35vQSLxoAE1LhJ9ssXbxmhQkheQ=,r016ucmTP+Ou6hl+iNlZUhH2g6Y=
-3,20,35vQSLxoAE1LhJ9ssXbxmhQkheQ=,r016ucmTP+Ou6hl+iNlZUhH2g6Y=
-1,18,35vQSLxoAE1LhJ9ssXbxmhQkheQ=,tY+5X3eDJqRRu2Dt3oi5CkUHAr0=
-5,16,35vQSLxoAE1LhJ9ssXbxmhQkheQ=,KeQ7dy4gmtcpSYmOh5cTN8E8NT4=
-5,18,35vQSLxoAE1LhJ9ssXbxmhQkheQ=,KeQ7dy4gmtcpSYmOh5cTN8E8NT4=
-3,18,35vQSLxoAE1LhJ9ssXbxmhQkheQ=,tY+5X3eDJqRRu2Dt3oi5CkUHAr0=
-4,20,35vQSLxoAE1LhJ9ssXbxmhQkheQ=,r016ucmTP+Ou6hl+iNlZUhH2g6Y=
-2,18,35vQSLxoAE1LhJ9ssXbxmhQkheQ=,tY+5X3eDJqRRu2Dt3oi5CkUHAr0=
-4,18,35vQSLxoAE1LhJ9ssXbxmhQkheQ=,tY+5X3eDJqRRu2Dt3oi5CkUHAr0=
-1,17,35vQSLxoAE1LhJ9ssXbxmhQkheQ=,tY+5X3eDJqRRu2Dt3oi5CkUHAr0=
-2,17,35vQSLxoAE1LhJ9ssXbxmhQkheQ=,tY+5X3eDJqRRu2Dt3oi5CkUHAr0=
-3,17,35vQSLxoAE1LhJ9ssXbxmhQkheQ=,tY+5X3eDJqRRu2Dt3oi5CkUHAr0=
-1,19,35vQSLxoAE1LhJ9ssXbxmhQkheQ=,tY+5X3eDJqRRu2Dt3oi5CkUHAr0=
-4,17,35vQSLxoAE1LhJ9ssXbxmhQkheQ=,tY+5X3eDJqRRu2Dt3oi5CkUHAr0=
-2,19,35vQSLxoAE1LhJ9ssXbxmhQkheQ=,tY+5X3eDJqRRu2Dt3oi5CkUHAr0=
-16,29,35vQSLxoAE1LhJ9ssXbxmhQkheQ=,/irmZqxlj2RairB2eqC4rilre/A=
-16,30,35vQSLxoAE1LhJ9ssXbxmhQkheQ=,/irmZqxlj2RairB2eqC4rilre/A=
-8,31,35vQSLxoAE1LhJ9ssXbxmhQkheQ=,BxTYQEfFhw2Zo7t9W9z8SubWBkI=
-13,31,35vQSLxoAE1LhJ9ssXbxmhQkheQ=,/irmZqxlj2RairB2eqC4rilre/A=
-16,31,35vQSLxoAE1LhJ9ssXbxmhQkheQ=,/irmZqxlj2RairB2eqC4rilre/A=
-15,31,35vQSLxoAE1LhJ9ssXbxmhQkheQ=,/irmZqxlj2RairB2eqC4rilre/A=
-14,31,35vQSLxoAE1LhJ9ssXbxmhQkheQ=,/irmZqxlj2RairB2eqC4rilre/A=
-16,27,35vQSLxoAE1LhJ9ssXbxmhQkheQ=,TcZr0dwfy2c0I2jgja/p4fftcgE=
-16,25,35vQSLxoAE1LhJ9ssXbxmhQkheQ=,TcZr0dwfy2c0I2jgja/p4fftcgE=
-16,23,35vQSLxoAE1LhJ9ssXbxmhQkheQ=,bsS47hrOXULXss/fbIC3Gn+LcRE=
-16,28,35vQSLxoAE1LhJ9ssXbxmhQkheQ=,/irmZqxlj2RairB2eqC4rilre/A=
-16,24,35vQSLxoAE1LhJ9ssXbxmhQkheQ=,TcZr0dwfy2c0I2jgja/p4fftcgE=
-5,27,35vQSLxoAE1LhJ9ssXbxmhQkheQ=,+WPvdPpNNrwvv06bh/jcNJbxIKQ=
-16,26,35vQSLxoAE1LhJ9ssXbxmhQkheQ=,TcZr0dwfy2c0I2jgja/p4fftcgE=
-4,31,35vQSLxoAE1LhJ9ssXbxmhQkheQ=,vS1+0UhgpESQ5XxEKyGrqqX/s/o=
-5,28,35vQSLxoAE1LhJ9ssXbxmhQkheQ=,BxTYQEfFhw2Zo7t9W9z8SubWBkI=
-5,31,35vQSLxoAE1LhJ9ssXbxmhQkheQ=,BxTYQEfFhw2Zo7t9W9z8SubWBkI=
-4,28,35vQSLxoAE1LhJ9ssXbxmhQkheQ=,vS1+0UhgpESQ5XxEKyGrqqX/s/o=
-3,28,35vQSLxoAE1LhJ9ssXbxmhQkheQ=,vS1+0UhgpESQ5XxEKyGrqqX/s/o=
-5,29,35vQSLxoAE1LhJ9ssXbxmhQkheQ=,BxTYQEfFhw2Zo7t9W9z8SubWBkI=
-3,31,35vQSLxoAE1LhJ9ssXbxmhQkheQ=,vS1+0UhgpESQ5XxEKyGrqqX/s/o=
-2,28,35vQSLxoAE1LhJ9ssXbxmhQkheQ=,vS1+0UhgpESQ5XxEKyGrqqX/s/o=
-1,28,35vQSLxoAE1LhJ9ssXbxmhQkheQ=,vS1+0UhgpESQ5XxEKyGrqqX/s/o=
-4,29,35vQSLxoAE1LhJ9ssXbxmhQkheQ=,vS1+0UhgpESQ5XxEKyGrqqX/s/o=
-3,29,35vQSLxoAE1LhJ9ssXbxmhQkheQ=,vS1+0UhgpESQ5XxEKyGrqqX/s/o=
-4,27,35vQSLxoAE1LhJ9ssXbxmhQkheQ=,VFLqj1PYbV8NJi46nP82PcRlc3A=
-2,29,35vQSLxoAE1LhJ9ssXbxmhQkheQ=,vS1+0UhgpESQ5XxEKyGrqqX/s/o=
-1,29,35vQSLxoAE1LhJ9ssXbxmhQkheQ=,vS1+0UhgpESQ5XxEKyGrqqX/s/o=
-4,30,35vQSLxoAE1LhJ9ssXbxmhQkheQ=,vS1+0UhgpESQ5XxEKyGrqqX/s/o=
-3,27,35vQSLxoAE1LhJ9ssXbxmhQkheQ=,VFLqj1PYbV8NJi46nP82PcRlc3A=
-5,30,35vQSLxoAE1LhJ9ssXbxmhQkheQ=,BxTYQEfFhw2Zo7t9W9z8SubWBkI=
-2,31,35vQSLxoAE1LhJ9ssXbxmhQkheQ=,vS1+0UhgpESQ5XxEKyGrqqX/s/o=
-3,30,35vQSLxoAE1LhJ9ssXbxmhQkheQ=,vS1+0UhgpESQ5XxEKyGrqqX/s/o=
-1,31,35vQSLxoAE1LhJ9ssXbxmhQkheQ=,vS1+0UhgpESQ5XxEKyGrqqX/s/o=
-2,27,35vQSLxoAE1LhJ9ssXbxmhQkheQ=,VFLqj1PYbV8NJi46nP82PcRlc3A=
-2,30,35vQSLxoAE1LhJ9ssXbxmhQkheQ=,vS1+0UhgpESQ5XxEKyGrqqX/s/o=
-1,27,35vQSLxoAE1LhJ9ssXbxmhQkheQ=,VFLqj1PYbV8NJi46nP82PcRlc3A=
-1,30,35vQSLxoAE1LhJ9ssXbxmhQkheQ=,vS1+0UhgpESQ5XxEKyGrqqX/s/o=
-3,5,7fb1HdHqsMV19cLF6S8ELyZmwus=,mxx0zO0VADYONu5Xh917ft62q3A=
-2,6,7fb1HdHqsMV19cLF6S8ELyZmwus=,mxx0zO0VADYONu5Xh917ft62q3A=
-3,6,7fb1HdHqsMV19cLF6S8ELyZmwus=,mxx0zO0VADYONu5Xh917ft62q3A=
-2,5,7fb1HdHqsMV19cLF6S8ELyZmwus=,mxx0zO0VADYONu5Xh917ft62q3A=
-3,9,7fb1HdHqsMV19cLF6S8ELyZmwus=,+ngrdf+d6i6Ht5AaTw1RaOs+ZME=
-2,9,7fb1HdHqsMV19cLF6S8ELyZmwus=,+ngrdf+d6i6Ht5AaTw1RaOs+ZME=
-3,10,7fb1HdHqsMV19cLF6S8ELyZmwus=,+ngrdf+d6i6Ht5AaTw1RaOs+ZME=
-2,10,7fb1HdHqsMV19cLF6S8ELyZmwus=,+ngrdf+d6i6Ht5AaTw1RaOs+ZME=
-3,8,7fb1HdHqsMV19cLF6S8ELyZmwus=,+ngrdf+d6i6Ht5AaTw1RaOs+ZME=
-2,8,7fb1HdHqsMV19cLF6S8ELyZmwus=,+ngrdf+d6i6Ht5AaTw1RaOs+ZME=
-3,7,7fb1HdHqsMV19cLF6S8ELyZmwus=,mxx0zO0VADYONu5Xh917ft62q3A=
-2,7,7fb1HdHqsMV19cLF6S8ELyZmwus=,mxx0zO0VADYONu5Xh917ft62q3A=
-4,5,7fb1HdHqsMV19cLF6S8ELyZmwus=,mxx0zO0VADYONu5Xh917ft62q3A=
-4,6,7fb1HdHqsMV19cLF6S8ELyZmwus=,mxx0zO0VADYONu5Xh917ft62q3A=
-7,5,7fb1HdHqsMV19cLF6S8ELyZmwus=,R0vS7sMM5PnzLgOm7Esbwl191xg=
-6,5,7fb1HdHqsMV19cLF6S8ELyZmwus=,R0vS7sMM5PnzLgOm7Esbwl191xg=
-5,5,7fb1HdHqsMV19cLF6S8ELyZmwus=,R0vS7sMM5PnzLgOm7Esbwl191xg=
-5,6,7fb1HdHqsMV19cLF6S8ELyZmwus=,R0vS7sMM5PnzLgOm7Esbwl191xg=
-6,6,7fb1HdHqsMV19cLF6S8ELyZmwus=,R0vS7sMM5PnzLgOm7Esbwl191xg=
-7,6,7fb1HdHqsMV19cLF6S8ELyZmwus=,R0vS7sMM5PnzLgOm7Esbwl191xg=
-4,9,7fb1HdHqsMV19cLF6S8ELyZmwus=,+ngrdf+d6i6Ht5AaTw1RaOs+ZME=
-5,10,7fb1HdHqsMV19cLF6S8ELyZmwus=,my+7kx4uGeeZQVUzNmDQtqbekQ4=
-6,10,7fb1HdHqsMV19cLF6S8ELyZmwus=,my+7kx4uGeeZQVUzNmDQtqbekQ4=
-7,10,7fb1HdHqsMV19cLF6S8ELyZmwus=,my+7kx4uGeeZQVUzNmDQtqbekQ4=
-5,9,7fb1HdHqsMV19cLF6S8ELyZmwus=,my+7kx4uGeeZQVUzNmDQtqbekQ4=
-4,8,7fb1HdHqsMV19cLF6S8ELyZmwus=,+ngrdf+d6i6Ht5AaTw1RaOs+ZME=
-7,9,7fb1HdHqsMV19cLF6S8ELyZmwus=,my+7kx4uGeeZQVUzNmDQtqbekQ4=
-6,8,7fb1HdHqsMV19cLF6S8ELyZmwus=,my+7kx4uGeeZQVUzNmDQtqbekQ4=
-5,8,7fb1HdHqsMV19cLF6S8ELyZmwus=,my+7kx4uGeeZQVUzNmDQtqbekQ4=
-4,10,7fb1HdHqsMV19cLF6S8ELyZmwus=,+ngrdf+d6i6Ht5AaTw1RaOs+ZME=
-7,8,7fb1HdHqsMV19cLF6S8ELyZmwus=,my+7kx4uGeeZQVUzNmDQtqbekQ4=
-5,7,7fb1HdHqsMV19cLF6S8ELyZmwus=,R0vS7sMM5PnzLgOm7Esbwl191xg=
-6,7,7fb1HdHqsMV19cLF6S8ELyZmwus=,R0vS7sMM5PnzLgOm7Esbwl191xg=
-4,7,7fb1HdHqsMV19cLF6S8ELyZmwus=,mxx0zO0VADYONu5Xh917ft62q3A=
-7,7,7fb1HdHqsMV19cLF6S8ELyZmwus=,R0vS7sMM5PnzLgOm7Esbwl191xg=
-6,9,7fb1HdHqsMV19cLF6S8ELyZmwus=,my+7kx4uGeeZQVUzNmDQtqbekQ4=
-11,9,g4fvB4nXNGIdID8Mv20OuWE/RrY=,D92TR2laYrBT6mZVW5qLM8WZRlc=
-10,9,g4fvB4nXNGIdID8Mv20OuWE/RrY=,D92TR2laYrBT6mZVW5qLM8WZRlc=
-8,10,g4fvB4nXNGIdID8Mv20OuWE/RrY=,my+7kx4uGeeZQVUzNmDQtqbekQ4=
-9,10,g4fvB4nXNGIdID8Mv20OuWE/RrY=,D92TR2laYrBT6mZVW5qLM8WZRlc=
-10,10,g4fvB4nXNGIdID8Mv20OuWE/RrY=,D92TR2laYrBT6mZVW5qLM8WZRlc=
-9,9,g4fvB4nXNGIdID8Mv20OuWE/RrY=,D92TR2laYrBT6mZVW5qLM8WZRlc=
-11,10,g4fvB4nXNGIdID8Mv20OuWE/RrY=,D92TR2laYrBT6mZVW5qLM8WZRlc=
-8,9,g4fvB4nXNGIdID8Mv20OuWE/RrY=,my+7kx4uGeeZQVUzNmDQtqbekQ4=
-11,12,g4fvB4nXNGIdID8Mv20OuWE/RrY=,rkNO/hHk33WkV2OGUS6RpBQtPk0=
-10,12,g4fvB4nXNGIdID8Mv20OuWE/RrY=,rkNO/hHk33WkV2OGUS6RpBQtPk0=
-11,13,g4fvB4nXNGIdID8Mv20OuWE/RrY=,rkNO/hHk33WkV2OGUS6RpBQtPk0=
-11,11,g4fvB4nXNGIdID8Mv20OuWE/RrY=,D92TR2laYrBT6mZVW5qLM8WZRlc=
-10,11,g4fvB4nXNGIdID8Mv20OuWE/RrY=,D92TR2laYrBT6mZVW5qLM8WZRlc=
-10,13,g4fvB4nXNGIdID8Mv20OuWE/RrY=,rkNO/hHk33WkV2OGUS6RpBQtPk0=
-10,14,g4fvB4nXNGIdID8Mv20OuWE/RrY=,rkNO/hHk33WkV2OGUS6RpBQtPk0=
-11,14,g4fvB4nXNGIdID8Mv20OuWE/RrY=,rkNO/hHk33WkV2OGUS6RpBQtPk0=
-3,13,KJR/HBuUWhH8tpqySSDERbNGybE=,tuLm9nggbfU2DJjZjNqiHYueRHI=
-2,12,KJR/HBuUWhH8tpqySSDERbNGybE=,tuLm9nggbfU2DJjZjNqiHYueRHI=
-2,14,KJR/HBuUWhH8tpqySSDERbNGybE=,tuLm9nggbfU2DJjZjNqiHYueRHI=
-3,14,KJR/HBuUWhH8tpqySSDERbNGybE=,tuLm9nggbfU2DJjZjNqiHYueRHI=
-3,12,KJR/HBuUWhH8tpqySSDERbNGybE=,tuLm9nggbfU2DJjZjNqiHYueRHI=
-2,11,KJR/HBuUWhH8tpqySSDERbNGybE=,+ngrdf+d6i6Ht5AaTw1RaOs+ZME=
-3,11,KJR/HBuUWhH8tpqySSDERbNGybE=,+ngrdf+d6i6Ht5AaTw1RaOs+ZME=
-2,13,KJR/HBuUWhH8tpqySSDERbNGybE=,tuLm9nggbfU2DJjZjNqiHYueRHI=
-4,11,KJR/HBuUWhH8tpqySSDERbNGybE=,+ngrdf+d6i6Ht5AaTw1RaOs+ZME=
-5,12,KJR/HBuUWhH8tpqySSDERbNGybE=,n4ApoCzI4OIDgC3MLWcEdoF+50Q=
-6,12,KJR/HBuUWhH8tpqySSDERbNGybE=,n4ApoCzI4OIDgC3MLWcEdoF+50Q=
-7,12,KJR/HBuUWhH8tpqySSDERbNGybE=,n4ApoCzI4OIDgC3MLWcEdoF+50Q=
-9,14,KJR/HBuUWhH8tpqySSDERbNGybE=,rkNO/hHk33WkV2OGUS6RpBQtPk0=
-9,13,KJR/HBuUWhH8tpqySSDERbNGybE=,rkNO/hHk33WkV2OGUS6RpBQtPk0=
-8,12,KJR/HBuUWhH8tpqySSDERbNGybE=,n4ApoCzI4OIDgC3MLWcEdoF+50Q=
-4,12,KJR/HBuUWhH8tpqySSDERbNGybE=,tuLm9nggbfU2DJjZjNqiHYueRHI=
-5,14,KJR/HBuUWhH8tpqySSDERbNGybE=,n4ApoCzI4OIDgC3MLWcEdoF+50Q=
-5,11,KJR/HBuUWhH8tpqySSDERbNGybE=,my+7kx4uGeeZQVUzNmDQtqbekQ4=
-9,11,KJR/HBuUWhH8tpqySSDERbNGybE=,D92TR2laYrBT6mZVW5qLM8WZRlc=
-6,14,KJR/HBuUWhH8tpqySSDERbNGybE=,n4ApoCzI4OIDgC3MLWcEdoF+50Q=
-8,14,KJR/HBuUWhH8tpqySSDERbNGybE=,n4ApoCzI4OIDgC3MLWcEdoF+50Q=
-4,14,KJR/HBuUWhH8tpqySSDERbNGybE=,tuLm9nggbfU2DJjZjNqiHYueRHI=
-7,14,KJR/HBuUWhH8tpqySSDERbNGybE=,n4ApoCzI4OIDgC3MLWcEdoF+50Q=
-9,12,KJR/HBuUWhH8tpqySSDERbNGybE=,rkNO/hHk33WkV2OGUS6RpBQtPk0=
-5,13,KJR/HBuUWhH8tpqySSDERbNGybE=,n4ApoCzI4OIDgC3MLWcEdoF+50Q=
-6,11,KJR/HBuUWhH8tpqySSDERbNGybE=,my+7kx4uGeeZQVUzNmDQtqbekQ4=
-7,11,KJR/HBuUWhH8tpqySSDERbNGybE=,my+7kx4uGeeZQVUzNmDQtqbekQ4=
-7,13,KJR/HBuUWhH8tpqySSDERbNGybE=,n4ApoCzI4OIDgC3MLWcEdoF+50Q=
-8,11,KJR/HBuUWhH8tpqySSDERbNGybE=,my+7kx4uGeeZQVUzNmDQtqbekQ4=
-6,13,KJR/HBuUWhH8tpqySSDERbNGybE=,n4ApoCzI4OIDgC3MLWcEdoF+50Q=
-4,13,KJR/HBuUWhH8tpqySSDERbNGybE=,tuLm9nggbfU2DJjZjNqiHYueRHI=
-8,13,KJR/HBuUWhH8tpqySSDERbNGybE=,n4ApoCzI4OIDgC3MLWcEdoF+50Q=
-12,13,KJR/HBuUWhH8tpqySSDERbNGybE=,rkNO/hHk33WkV2OGUS6RpBQtPk0=
-12,14,KJR/HBuUWhH8tpqySSDERbNGybE=,rkNO/hHk33WkV2OGUS6RpBQtPk0=
-15,13,KJR/HBuUWhH8tpqySSDERbNGybE=,ECqWfejHTexJDO9EF55FZzg4FAk=
-14,14,KJR/HBuUWhH8tpqySSDERbNGybE=,ECqWfejHTexJDO9EF55FZzg4FAk=
-15,14,KJR/HBuUWhH8tpqySSDERbNGybE=,ECqWfejHTexJDO9EF55FZzg4FAk=
-13,14,KJR/HBuUWhH8tpqySSDERbNGybE=,ECqWfejHTexJDO9EF55FZzg4FAk=
-14,13,KJR/HBuUWhH8tpqySSDERbNGybE=,ECqWfejHTexJDO9EF55FZzg4FAk=
-13,13,KJR/HBuUWhH8tpqySSDERbNGybE=,ECqWfejHTexJDO9EF55FZzg4FAk=
-14,10,KJR/HBuUWhH8tpqySSDERbNGybE=,KBGZq+8edKkz7Yr/I56BNwREvoA=
-12,9,KJR/HBuUWhH8tpqySSDERbNGybE=,D92TR2laYrBT6mZVW5qLM8WZRlc=
-12,12,KJR/HBuUWhH8tpqySSDERbNGybE=,rkNO/hHk33WkV2OGUS6RpBQtPk0=
-13,10,KJR/HBuUWhH8tpqySSDERbNGybE=,KBGZq+8edKkz7Yr/I56BNwREvoA=
-12,11,KJR/HBuUWhH8tpqySSDERbNGybE=,D92TR2laYrBT6mZVW5qLM8WZRlc=
-14,11,KJR/HBuUWhH8tpqySSDERbNGybE=,KBGZq+8edKkz7Yr/I56BNwREvoA=
-15,11,KJR/HBuUWhH8tpqySSDERbNGybE=,KBGZq+8edKkz7Yr/I56BNwREvoA=
-12,10,KJR/HBuUWhH8tpqySSDERbNGybE=,D92TR2laYrBT6mZVW5qLM8WZRlc=
-15,9,KJR/HBuUWhH8tpqySSDERbNGybE=,KBGZq+8edKkz7Yr/I56BNwREvoA=
-13,11,KJR/HBuUWhH8tpqySSDERbNGybE=,KBGZq+8edKkz7Yr/I56BNwREvoA=
-14,12,KJR/HBuUWhH8tpqySSDERbNGybE=,ECqWfejHTexJDO9EF55FZzg4FAk=
-15,10,KJR/HBuUWhH8tpqySSDERbNGybE=,KBGZq+8edKkz7Yr/I56BNwREvoA=
-15,12,KJR/HBuUWhH8tpqySSDERbNGybE=,ECqWfejHTexJDO9EF55FZzg4FAk=
-13,9,KJR/HBuUWhH8tpqySSDERbNGybE=,KBGZq+8edKkz7Yr/I56BNwREvoA=
-14,9,KJR/HBuUWhH8tpqySSDERbNGybE=,KBGZq+8edKkz7Yr/I56BNwREvoA=
-13,12,KJR/HBuUWhH8tpqySSDERbNGybE=,ECqWfejHTexJDO9EF55FZzg4FAk=
-15,7,ur8a+X7WYlYilotuZuz6hlsPj5A=,1ZPLiSImeXDHchJcIe1dUxlpjuo=
-15,6,ur8a+X7WYlYilotuZuz6hlsPj5A=,1ZPLiSImeXDHchJcIe1dUxlpjuo=
-14,6,ur8a+X7WYlYilotuZuz6hlsPj5A=,1ZPLiSImeXDHchJcIe1dUxlpjuo=
-14,5,ur8a+X7WYlYilotuZuz6hlsPj5A=,1ZPLiSImeXDHchJcIe1dUxlpjuo=
-14,8,ur8a+X7WYlYilotuZuz6hlsPj5A=,KBGZq+8edKkz7Yr/I56BNwREvoA=
-15,8,ur8a+X7WYlYilotuZuz6hlsPj5A=,KBGZq+8edKkz7Yr/I56BNwREvoA=
-15,5,ur8a+X7WYlYilotuZuz6hlsPj5A=,1ZPLiSImeXDHchJcIe1dUxlpjuo=
-14,7,ur8a+X7WYlYilotuZuz6hlsPj5A=,1ZPLiSImeXDHchJcIe1dUxlpjuo=
-11,1,ur8a+X7WYlYilotuZuz6hlsPj5A=,0YO0HNgBfV1k3Qu/HF3qB34gDzI=
-10,1,ur8a+X7WYlYilotuZuz6hlsPj5A=,0YO0HNgBfV1k3Qu/HF3qB34gDzI=
-10,2,ur8a+X7WYlYilotuZuz6hlsPj5A=,0YO0HNgBfV1k3Qu/HF3qB34gDzI=
-11,2,ur8a+X7WYlYilotuZuz6hlsPj5A=,0YO0HNgBfV1k3Qu/HF3qB34gDzI=
-12,1,ur8a+X7WYlYilotuZuz6hlsPj5A=,0YO0HNgBfV1k3Qu/HF3qB34gDzI=
-15,1,ur8a+X7WYlYilotuZuz6hlsPj5A=,vgnjMeAc9xx1ZaWV//ijngvnjAA=
-14,2,ur8a+X7WYlYilotuZuz6hlsPj5A=,vgnjMeAc9xx1ZaWV//ijngvnjAA=
-15,2,ur8a+X7WYlYilotuZuz6hlsPj5A=,vgnjMeAc9xx1ZaWV//ijngvnjAA=
-14,4,ur8a+X7WYlYilotuZuz6hlsPj5A=,1ZPLiSImeXDHchJcIe1dUxlpjuo=
-15,4,ur8a+X7WYlYilotuZuz6hlsPj5A=,1ZPLiSImeXDHchJcIe1dUxlpjuo=
-12,2,ur8a+X7WYlYilotuZuz6hlsPj5A=,0YO0HNgBfV1k3Qu/HF3qB34gDzI=
-13,1,ur8a+X7WYlYilotuZuz6hlsPj5A=,vgnjMeAc9xx1ZaWV//ijngvnjAA=
-15,3,ur8a+X7WYlYilotuZuz6hlsPj5A=,vgnjMeAc9xx1ZaWV//ijngvnjAA=
-14,3,ur8a+X7WYlYilotuZuz6hlsPj5A=,vgnjMeAc9xx1ZaWV//ijngvnjAA=
-14,1,ur8a+X7WYlYilotuZuz6hlsPj5A=,vgnjMeAc9xx1ZaWV//ijngvnjAA=
-13,2,ur8a+X7WYlYilotuZuz6hlsPj5A=,vgnjMeAc9xx1ZaWV//ijngvnjAA=
-1,5,ur8a+X7WYlYilotuZuz6hlsPj5A=,mxx0zO0VADYONu5Xh917ft62q3A=
-1,6,ur8a+X7WYlYilotuZuz6hlsPj5A=,mxx0zO0VADYONu5Xh917ft62q3A=
-1,9,pjCByVHoCL/nVi/RfmRnBVeQJh8=,+ngrdf+d6i6Ht5AaTw1RaOs+ZME=
-1,10,pjCByVHoCL/nVi/RfmRnBVeQJh8=,+ngrdf+d6i6Ht5AaTw1RaOs+ZME=
-9,8,pjCByVHoCL/nVi/RfmRnBVeQJh8=,D92TR2laYrBT6mZVW5qLM8WZRlc=
-11,4,pjCByVHoCL/nVi/RfmRnBVeQJh8=,gwe58uw/lACMv2g/GTZkmqsKLwI=
-8,6,pjCByVHoCL/nVi/RfmRnBVeQJh8=,R0vS7sMM5PnzLgOm7Esbwl191xg=
-10,8,pjCByVHoCL/nVi/RfmRnBVeQJh8=,D92TR2laYrBT6mZVW5qLM8WZRlc=
-11,8,pjCByVHoCL/nVi/RfmRnBVeQJh8=,D92TR2laYrBT6mZVW5qLM8WZRlc=
-12,8,pjCByVHoCL/nVi/RfmRnBVeQJh8=,D92TR2laYrBT6mZVW5qLM8WZRlc=
-12,4,pjCByVHoCL/nVi/RfmRnBVeQJh8=,gwe58uw/lACMv2g/GTZkmqsKLwI=
-9,7,pjCByVHoCL/nVi/RfmRnBVeQJh8=,gwe58uw/lACMv2g/GTZkmqsKLwI=
-11,7,pjCByVHoCL/nVi/RfmRnBVeQJh8=,gwe58uw/lACMv2g/GTZkmqsKLwI=
-10,4,pjCByVHoCL/nVi/RfmRnBVeQJh8=,gwe58uw/lACMv2g/GTZkmqsKLwI=
-10,7,pjCByVHoCL/nVi/RfmRnBVeQJh8=,gwe58uw/lACMv2g/GTZkmqsKLwI=
-13,4,pjCByVHoCL/nVi/RfmRnBVeQJh8=,1ZPLiSImeXDHchJcIe1dUxlpjuo=
-12,7,pjCByVHoCL/nVi/RfmRnBVeQJh8=,gwe58uw/lACMv2g/GTZkmqsKLwI=
-9,6,pjCByVHoCL/nVi/RfmRnBVeQJh8=,gwe58uw/lACMv2g/GTZkmqsKLwI=
-10,6,pjCByVHoCL/nVi/RfmRnBVeQJh8=,gwe58uw/lACMv2g/GTZkmqsKLwI=
-8,5,pjCByVHoCL/nVi/RfmRnBVeQJh8=,R0vS7sMM5PnzLgOm7Esbwl191xg=
-1,7,pjCByVHoCL/nVi/RfmRnBVeQJh8=,mxx0zO0VADYONu5Xh917ft62q3A=
-13,3,pjCByVHoCL/nVi/RfmRnBVeQJh8=,vgnjMeAc9xx1ZaWV//ijngvnjAA=
-8,8,pjCByVHoCL/nVi/RfmRnBVeQJh8=,my+7kx4uGeeZQVUzNmDQtqbekQ4=
-11,6,pjCByVHoCL/nVi/RfmRnBVeQJh8=,gwe58uw/lACMv2g/GTZkmqsKLwI=
-13,6,pjCByVHoCL/nVi/RfmRnBVeQJh8=,1ZPLiSImeXDHchJcIe1dUxlpjuo=
-12,6,pjCByVHoCL/nVi/RfmRnBVeQJh8=,gwe58uw/lACMv2g/GTZkmqsKLwI=
-9,5,pjCByVHoCL/nVi/RfmRnBVeQJh8=,gwe58uw/lACMv2g/GTZkmqsKLwI=
-10,5,pjCByVHoCL/nVi/RfmRnBVeQJh8=,gwe58uw/lACMv2g/GTZkmqsKLwI=
-13,8,pjCByVHoCL/nVi/RfmRnBVeQJh8=,KBGZq+8edKkz7Yr/I56BNwREvoA=
-1,8,pjCByVHoCL/nVi/RfmRnBVeQJh8=,+ngrdf+d6i6Ht5AaTw1RaOs+ZME=
-13,5,pjCByVHoCL/nVi/RfmRnBVeQJh8=,1ZPLiSImeXDHchJcIe1dUxlpjuo=
-11,5,pjCByVHoCL/nVi/RfmRnBVeQJh8=,gwe58uw/lACMv2g/GTZkmqsKLwI=
-8,7,pjCByVHoCL/nVi/RfmRnBVeQJh8=,R0vS7sMM5PnzLgOm7Esbwl191xg=
-13,7,pjCByVHoCL/nVi/RfmRnBVeQJh8=,1ZPLiSImeXDHchJcIe1dUxlpjuo=
-12,5,pjCByVHoCL/nVi/RfmRnBVeQJh8=,gwe58uw/lACMv2g/GTZkmqsKLwI=
-10,3,pjCByVHoCL/nVi/RfmRnBVeQJh8=,0YO0HNgBfV1k3Qu/HF3qB34gDzI=
-11,3,pjCByVHoCL/nVi/RfmRnBVeQJh8=,0YO0HNgBfV1k3Qu/HF3qB34gDzI=
-12,3,pjCByVHoCL/nVi/RfmRnBVeQJh8=,0YO0HNgBfV1k3Qu/HF3qB34gDzI=
-1,13,pjCByVHoCL/nVi/RfmRnBVeQJh8=,tuLm9nggbfU2DJjZjNqiHYueRHI=
-1,11,pjCByVHoCL/nVi/RfmRnBVeQJh8=,+ngrdf+d6i6Ht5AaTw1RaOs+ZME=
-1,14,pjCByVHoCL/nVi/RfmRnBVeQJh8=,tuLm9nggbfU2DJjZjNqiHYueRHI=
-1,12,pjCByVHoCL/nVi/RfmRnBVeQJh8=,tuLm9nggbfU2DJjZjNqiHYueRHI=
-11,0,pjCByVHoCL/nVi/RfmRnBVeQJh8=,0YO0HNgBfV1k3Qu/HF3qB34gDzI=
-10,0,pjCByVHoCL/nVi/RfmRnBVeQJh8=,0YO0HNgBfV1k3Qu/HF3qB34gDzI=
-15,0,pjCByVHoCL/nVi/RfmRnBVeQJh8=,vgnjMeAc9xx1ZaWV//ijngvnjAA=
-14,0,pjCByVHoCL/nVi/RfmRnBVeQJh8=,vgnjMeAc9xx1ZaWV//ijngvnjAA=
-13,0,pjCByVHoCL/nVi/RfmRnBVeQJh8=,vgnjMeAc9xx1ZaWV//ijngvnjAA=
-12,0,pjCByVHoCL/nVi/RfmRnBVeQJh8=,0YO0HNgBfV1k3Qu/HF3qB34gDzI=
-16,2,pjCByVHoCL/nVi/RfmRnBVeQJh8=,vgnjMeAc9xx1ZaWV//ijngvnjAA=
-16,1,pjCByVHoCL/nVi/RfmRnBVeQJh8=,vgnjMeAc9xx1ZaWV//ijngvnjAA=
-16,5,pjCByVHoCL/nVi/RfmRnBVeQJh8=,1ZPLiSImeXDHchJcIe1dUxlpjuo=
-16,6,pjCByVHoCL/nVi/RfmRnBVeQJh8=,1ZPLiSImeXDHchJcIe1dUxlpjuo=
-16,4,pjCByVHoCL/nVi/RfmRnBVeQJh8=,1ZPLiSImeXDHchJcIe1dUxlpjuo=
-16,3,pjCByVHoCL/nVi/RfmRnBVeQJh8=,vgnjMeAc9xx1ZaWV//ijngvnjAA=
-16,7,pjCByVHoCL/nVi/RfmRnBVeQJh8=,1ZPLiSImeXDHchJcIe1dUxlpjuo=
-16,8,pjCByVHoCL/nVi/RfmRnBVeQJh8=,KBGZq+8edKkz7Yr/I56BNwREvoA=
-16,9,pjCByVHoCL/nVi/RfmRnBVeQJh8=,KBGZq+8edKkz7Yr/I56BNwREvoA=
-16,10,pjCByVHoCL/nVi/RfmRnBVeQJh8=,KBGZq+8edKkz7Yr/I56BNwREvoA=
-16,11,pjCByVHoCL/nVi/RfmRnBVeQJh8=,KBGZq+8edKkz7Yr/I56BNwREvoA=
-16,13,pjCByVHoCL/nVi/RfmRnBVeQJh8=,ECqWfejHTexJDO9EF55FZzg4FAk=
-16,12,pjCByVHoCL/nVi/RfmRnBVeQJh8=,ECqWfejHTexJDO9EF55FZzg4FAk=
-16,14,pjCByVHoCL/nVi/RfmRnBVeQJh8=,ECqWfejHTexJDO9EF55FZzg4FAk=
-11,15,pjCByVHoCL/nVi/RfmRnBVeQJh8=,rkNO/hHk33WkV2OGUS6RpBQtPk0=
-10,15,pjCByVHoCL/nVi/RfmRnBVeQJh8=,rkNO/hHk33WkV2OGUS6RpBQtPk0=
-15,15,pjCByVHoCL/nVi/RfmRnBVeQJh8=,ECqWfejHTexJDO9EF55FZzg4FAk=
-14,15,pjCByVHoCL/nVi/RfmRnBVeQJh8=,ECqWfejHTexJDO9EF55FZzg4FAk=
-12,15,pjCByVHoCL/nVi/RfmRnBVeQJh8=,rkNO/hHk33WkV2OGUS6RpBQtPk0=
-13,15,pjCByVHoCL/nVi/RfmRnBVeQJh8=,ECqWfejHTexJDO9EF55FZzg4FAk=
-8,15,pjCByVHoCL/nVi/RfmRnBVeQJh8=,n4ApoCzI4OIDgC3MLWcEdoF+50Q=
-9,15,pjCByVHoCL/nVi/RfmRnBVeQJh8=,rkNO/hHk33WkV2OGUS6RpBQtPk0=
-7,15,pjCByVHoCL/nVi/RfmRnBVeQJh8=,n4ApoCzI4OIDgC3MLWcEdoF+50Q=
-6,15,pjCByVHoCL/nVi/RfmRnBVeQJh8=,n4ApoCzI4OIDgC3MLWcEdoF+50Q=
-4,15,pjCByVHoCL/nVi/RfmRnBVeQJh8=,tuLm9nggbfU2DJjZjNqiHYueRHI=
-3,15,pjCByVHoCL/nVi/RfmRnBVeQJh8=,tuLm9nggbfU2DJjZjNqiHYueRHI=
-5,15,pjCByVHoCL/nVi/RfmRnBVeQJh8=,n4ApoCzI4OIDgC3MLWcEdoF+50Q=
-1,15,pjCByVHoCL/nVi/RfmRnBVeQJh8=,tuLm9nggbfU2DJjZjNqiHYueRHI=
-2,15,pjCByVHoCL/nVi/RfmRnBVeQJh8=,tuLm9nggbfU2DJjZjNqiHYueRHI=
-16,15,pjCByVHoCL/nVi/RfmRnBVeQJh8=,ECqWfejHTexJDO9EF55FZzg4FAk=
-16,0,pjCByVHoCL/nVi/RfmRnBVeQJh8=,vgnjMeAc9xx1ZaWV//ijngvnjAA=
-8,3,pjCByVHoCL/nVi/RfmRnBVeQJh8=,2RxMkJUVvDBT9nB1xDkFRjgzmNs=
-9,0,pjCByVHoCL/nVi/RfmRnBVeQJh8=,0YO0HNgBfV1k3Qu/HF3qB34gDzI=
-6,2,pjCByVHoCL/nVi/RfmRnBVeQJh8=,2RxMkJUVvDBT9nB1xDkFRjgzmNs=
-9,4,pjCByVHoCL/nVi/RfmRnBVeQJh8=,gwe58uw/lACMv2g/GTZkmqsKLwI=
-6,0,pjCByVHoCL/nVi/RfmRnBVeQJh8=,2RxMkJUVvDBT9nB1xDkFRjgzmNs=
-7,0,pjCByVHoCL/nVi/RfmRnBVeQJh8=,2RxMkJUVvDBT9nB1xDkFRjgzmNs=
-7,2,pjCByVHoCL/nVi/RfmRnBVeQJh8=,2RxMkJUVvDBT9nB1xDkFRjgzmNs=
-9,2,pjCByVHoCL/nVi/RfmRnBVeQJh8=,0YO0HNgBfV1k3Qu/HF3qB34gDzI=
-8,0,pjCByVHoCL/nVi/RfmRnBVeQJh8=,2RxMkJUVvDBT9nB1xDkFRjgzmNs=
-6,1,pjCByVHoCL/nVi/RfmRnBVeQJh8=,2RxMkJUVvDBT9nB1xDkFRjgzmNs=
-7,1,pjCByVHoCL/nVi/RfmRnBVeQJh8=,2RxMkJUVvDBT9nB1xDkFRjgzmNs=
-8,2,pjCByVHoCL/nVi/RfmRnBVeQJh8=,2RxMkJUVvDBT9nB1xDkFRjgzmNs=
-9,1,pjCByVHoCL/nVi/RfmRnBVeQJh8=,0YO0HNgBfV1k3Qu/HF3qB34gDzI=
-9,3,pjCByVHoCL/nVi/RfmRnBVeQJh8=,0YO0HNgBfV1k3Qu/HF3qB34gDzI=
-6,4,pjCByVHoCL/nVi/RfmRnBVeQJh8=,R0vS7sMM5PnzLgOm7Esbwl191xg=
-8,1,pjCByVHoCL/nVi/RfmRnBVeQJh8=,2RxMkJUVvDBT9nB1xDkFRjgzmNs=
-7,4,pjCByVHoCL/nVi/RfmRnBVeQJh8=,R0vS7sMM5PnzLgOm7Esbwl191xg=
-8,4,pjCByVHoCL/nVi/RfmRnBVeQJh8=,R0vS7sMM5PnzLgOm7Esbwl191xg=
-6,3,pjCByVHoCL/nVi/RfmRnBVeQJh8=,2RxMkJUVvDBT9nB1xDkFRjgzmNs=
-7,3,pjCByVHoCL/nVi/RfmRnBVeQJh8=,2RxMkJUVvDBT9nB1xDkFRjgzmNs=
-4,1,pjCByVHoCL/nVi/RfmRnBVeQJh8=,pD9iN+YBROeeompbdwi6tM7d23U=
-2,2,pjCByVHoCL/nVi/RfmRnBVeQJh8=,pD9iN+YBROeeompbdwi6tM7d23U=
-4,2,pjCByVHoCL/nVi/RfmRnBVeQJh8=,pD9iN+YBROeeompbdwi6tM7d23U=
-1,3,pjCByVHoCL/nVi/RfmRnBVeQJh8=,pD9iN+YBROeeompbdwi6tM7d23U=
-5,2,pjCByVHoCL/nVi/RfmRnBVeQJh8=,2RxMkJUVvDBT9nB1xDkFRjgzmNs=
-1,2,pjCByVHoCL/nVi/RfmRnBVeQJh8=,pD9iN+YBROeeompbdwi6tM7d23U=
-5,3,pjCByVHoCL/nVi/RfmRnBVeQJh8=,2RxMkJUVvDBT9nB1xDkFRjgzmNs=
-5,4,pjCByVHoCL/nVi/RfmRnBVeQJh8=,R0vS7sMM5PnzLgOm7Esbwl191xg=
-1,4,pjCByVHoCL/nVi/RfmRnBVeQJh8=,mxx0zO0VADYONu5Xh917ft62q3A=
-5,0,pjCByVHoCL/nVi/RfmRnBVeQJh8=,2RxMkJUVvDBT9nB1xDkFRjgzmNs=
-3,0,pjCByVHoCL/nVi/RfmRnBVeQJh8=,pD9iN+YBROeeompbdwi6tM7d23U=
-2,0,pjCByVHoCL/nVi/RfmRnBVeQJh8=,pD9iN+YBROeeompbdwi6tM7d23U=
-2,4,pjCByVHoCL/nVi/RfmRnBVeQJh8=,mxx0zO0VADYONu5Xh917ft62q3A=
-3,4,pjCByVHoCL/nVi/RfmRnBVeQJh8=,mxx0zO0VADYONu5Xh917ft62q3A=
-4,3,pjCByVHoCL/nVi/RfmRnBVeQJh8=,pD9iN+YBROeeompbdwi6tM7d23U=
-2,3,pjCByVHoCL/nVi/RfmRnBVeQJh8=,pD9iN+YBROeeompbdwi6tM7d23U=
-2,1,pjCByVHoCL/nVi/RfmRnBVeQJh8=,pD9iN+YBROeeompbdwi6tM7d23U=
-5,1,pjCByVHoCL/nVi/RfmRnBVeQJh8=,2RxMkJUVvDBT9nB1xDkFRjgzmNs=
-1,0,pjCByVHoCL/nVi/RfmRnBVeQJh8=,pD9iN+YBROeeompbdwi6tM7d23U=
-1,1,pjCByVHoCL/nVi/RfmRnBVeQJh8=,pD9iN+YBROeeompbdwi6tM7d23U=
-3,2,pjCByVHoCL/nVi/RfmRnBVeQJh8=,pD9iN+YBROeeompbdwi6tM7d23U=
-3,1,pjCByVHoCL/nVi/RfmRnBVeQJh8=,pD9iN+YBROeeompbdwi6tM7d23U=
-4,4,pjCByVHoCL/nVi/RfmRnBVeQJh8=,mxx0zO0VADYONu5Xh917ft62q3A=
-3,3,pjCByVHoCL/nVi/RfmRnBVeQJh8=,pD9iN+YBROeeompbdwi6tM7d23U=
-4,0,pjCByVHoCL/nVi/RfmRnBVeQJh8=,pD9iN+YBROeeompbdwi6tM7d23U=
