145,-7,00jaYaqDR5UjzhK/Z4VW5vRfooY=,ozSCH/wy2vXSg40oaaJvfjh4wow=
146,-6,00jaYaqDR5UjzhK/Z4VW5vRfooY=,ozSCH/wy2vXSg40oaaJvfjh4wow=
145,-6,00jaYaqDR5UjzhK/Z4VW5vRfooY=,ozSCH/wy2vXSg40oaaJvfjh4wow=
146,-7,00jaYaqDR5UjzhK/Z4VW5vRfooY=,ozSCH/wy2vXSg40oaaJvfjh4wow=
153,-7,00jaYaqDR5UjzhK/Z4VW5vRfooY=,kB0oXyHrPx0iABFrrRUferpj9D0=
154,-6,00jaYaqDR5UjzhK/Z4VW5vRfooY=,kB0oXyHrPx0iABFrrRUferpj9D0=
153,-6,00jaYaqDR5UjzhK/Z4VW5vRfooY=,kB0oXyHrPx0iABFrrRUferpj9D0=
154,-7,00jaYaqDR5UjzhK/Z4VW5vRfooY=,kB0oXyHrPx0iABFrrRUferpj9D0=
148,-7,00jaYaqDR5UjzhK/Z4VW5vRfooY=,5GzGu7Q7lZS6flcolmAYRpyQ/Xk=
147,-6,00jaYaqDR5UjzhK/Z4VW5vRfooY=,ozSCH/wy2vXSg40oaaJvfjh4wow=
147,-7,00jaYaqDR5UjzhK/Z4VW5vRfooY=,ozSCH/wy2vXSg40oaaJvfjh4wow=
152,-6,00jaYaqDR5UjzhK/Z4VW5vRfooY=,kB0oXyHrPx0iABFrrRUferpj9D0=
151,-6,00jaYaqDR5UjzhK/Z4VW5vRfooY=,5GzGu7Q7lZS6flcolmAYRpyQ/Xk=
149,-6,00jaYaqDR5UjzhK/Z4VW5vRfooY=,5GzGu7Q7lZS6flcolmAYRpyQ/Xk=
148,-6,00jaYaqDR5UjzhK/Z4VW5vRfooY=,5GzGu7Q7lZS6flcolmAYRpyQ/Xk=
151,-7,00jaYaqDR5UjzhK/Z4VW5vRfooY=,5GzGu7Q7lZS6flcolmAYRpyQ/Xk=
152,-7,00jaYaqDR5UjzhK/Z4VW5vRfooY=,kB0oXyHrPx0iABFrrRUferpj9D0=
150,-7,00jaYaqDR5UjzhK/Z4VW5vRfooY=,5GzGu7Q7lZS6flcolmAYRpyQ/Xk=
149,-7,00jaYaqDR5UjzhK/Z4VW5vRfooY=,5GzGu7Q7lZS6flcolmAYRpyQ/Xk=
150,-6,00jaYaqDR5UjzhK/Z4VW5vRfooY=,5GzGu7Q7lZS6flcolmAYRpyQ/Xk=
149,-3,KzLWW4qf3GAUA+kp78Hacpi1/OU=,ERpdYdvoLGluhUeVgaeKcedXpJU=
150,-3,KzLWW4qf3GAUA+kp78Hacpi1/OU=,ERpdYdvoLGluhUeVgaeKcedXpJU=
149,-2,KzLWW4qf3GAUA+kp78Hacpi1/OU=,ERpdYdvoLGluhUeVgaeKcedXpJU=
149,-4,KzLWW4qf3GAUA+kp78Hacpi1/OU=,ERpdYdvoLGluhUeVgaeKcedXpJU=
150,-4,KzLWW4qf3GAUA+kp78Hacpi1/OU=,ERpdYdvoLGluhUeVgaeKcedXpJU=
150,-2,KzLWW4qf3GAUA+kp78Hacpi1/OU=,ERpdYdvoLGluhUeVgaeKcedXpJU=
149,-5,KzLWW4qf3GAUA+kp78Hacpi1/OU=,5GzGu7Q7lZS6flcolmAYRpyQ/Xk=
150,-5,KzLWW4qf3GAUA+kp78Hacpi1/OU=,5GzGu7Q7lZS6flcolmAYRpyQ/Xk=
145,-5,KzLWW4qf3GAUA+kp78Hacpi1/OU=,ozSCH/wy2vXSg40oaaJvfjh4wow=
147,-4,KzLWW4qf3GAUA+kp78Hacpi1/OU=,sA7JAxTPZtI/DV95A3VoTPJKT7w=
147,-2,KzLWW4qf3GAUA+kp78Hacpi1/OU=,sA7JAxTPZtI/DV95A3VoTPJKT7w=
146,-2,KzLWW4qf3GAUA+kp78Hacpi1/OU=,sA7JAxTPZtI/DV95A3VoTPJKT7w=
148,-4,KzLWW4qf3GAUA+kp78Hacpi1/OU=,ERpdYdvoLGluhUeVgaeKcedXpJU=
145,-2,KzLWW4qf3GAUA+kp78Hacpi1/OU=,sA7JAxTPZtI/DV95A3VoTPJKT7w=
146,-4,KzLWW4qf3GAUA+kp78Hacpi1/OU=,sA7JAxTPZtI/DV95A3VoTPJKT7w=
145,-4,KzLWW4qf3GAUA+kp78Hacpi1/OU=,sA7JAxTPZtI/DV95A3VoTPJKT7w=
147,-3,KzLWW4qf3GAUA+kp78Hacpi1/OU=,sA7JAxTPZtI/DV95A3VoTPJKT7w=
145,-3,KzLWW4qf3GAUA+kp78Hacpi1/OU=,sA7JAxTPZtI/DV95A3VoTPJKT7w=
147,-5,KzLWW4qf3GAUA+kp78Hacpi1/OU=,ozSCH/wy2vXSg40oaaJvfjh4wow=
146,-5,KzLWW4qf3GAUA+kp78Hacpi1/OU=,ozSCH/wy2vXSg40oaaJvfjh4wow=
148,-5,KzLWW4qf3GAUA+kp78Hacpi1/OU=,5GzGu7Q7lZS6flcolmAYRpyQ/Xk=
148,-2,KzLWW4qf3GAUA+kp78Hacpi1/OU=,ERpdYdvoLGluhUeVgaeKcedXpJU=
148,-3,KzLWW4qf3GAUA+kp78Hacpi1/OU=,ERpdYdvoLGluhUeVgaeKcedXpJU=
146,-3,KzLWW4qf3GAUA+kp78Hacpi1/OU=,sA7JAxTPZtI/DV95A3VoTPJKT7w=
156,-7,KzLWW4qf3GAUA+kp78Hacpi1/OU=,LJQ/Ib9gJ5sKawAvIx5j5lrpSxU=
159,-7,KzLWW4qf3GAUA+kp78Hacpi1/OU=,LJQ/Ib9gJ5sKawAvIx5j5lrpSxU=
159,-6,KzLWW4qf3GAUA+kp78Hacpi1/OU=,LJQ/Ib9gJ5sKawAvIx5j5lrpSxU=
158,-6,KzLWW4qf3GAUA+kp78Hacpi1/OU=,LJQ/Ib9gJ5sKawAvIx5j5lrpSxU=
155,-6,KzLWW4qf3GAUA+kp78Hacpi1/OU=,kB0oXyHrPx0iABFrrRUferpj9D0=
157,-6,KzLWW4qf3GAUA+kp78Hacpi1/OU=,LJQ/Ib9gJ5sKawAvIx5j5lrpSxU=
158,-7,KzLWW4qf3GAUA+kp78Hacpi1/OU=,LJQ/Ib9gJ5sKawAvIx5j5lrpSxU=
158,-2,KzLWW4qf3GAUA+kp78Hacpi1/OU=,L/P1lPQDBceJz7Cbqtb2JfUFRXQ=
158,-4,KzLWW4qf3GAUA+kp78Hacpi1/OU=,L/P1lPQDBceJz7Cbqtb2JfUFRXQ=
159,-2,KzLWW4qf3GAUA+kp78Hacpi1/OU=,L/P1lPQDBceJz7Cbqtb2JfUFRXQ=
158,-5,KzLWW4qf3GAUA+kp78Hacpi1/OU=,LJQ/Ib9gJ5sKawAvIx5j5lrpSxU=
158,-3,KzLWW4qf3GAUA+kp78Hacpi1/OU=,L/P1lPQDBceJz7Cbqtb2JfUFRXQ=
159,-3,KzLWW4qf3GAUA+kp78Hacpi1/OU=,L/P1lPQDBceJz7Cbqtb2JfUFRXQ=
157,-7,KzLWW4qf3GAUA+kp78Hacpi1/OU=,LJQ/Ib9gJ5sKawAvIx5j5lrpSxU=
155,-7,KzLWW4qf3GAUA+kp78Hacpi1/OU=,kB0oXyHrPx0iABFrrRUferpj9D0=
156,-6,KzLWW4qf3GAUA+kp78Hacpi1/OU=,LJQ/Ib9gJ5sKawAvIx5j5lrpSxU=
157,-5,KzLWW4qf3GAUA+kp78Hacpi1/OU=,LJQ/Ib9gJ5sKawAvIx5j5lrpSxU=
157,-4,KzLWW4qf3GAUA+kp78Hacpi1/OU=,L/P1lPQDBceJz7Cbqtb2JfUFRXQ=
157,-3,KzLWW4qf3GAUA+kp78Hacpi1/OU=,L/P1lPQDBceJz7Cbqtb2JfUFRXQ=
157,-2,KzLWW4qf3GAUA+kp78Hacpi1/OU=,L/P1lPQDBceJz7Cbqtb2JfUFRXQ=
159,-4,KzLWW4qf3GAUA+kp78Hacpi1/OU=,L/P1lPQDBceJz7Cbqtb2JfUFRXQ=
159,-5,KzLWW4qf3GAUA+kp78Hacpi1/OU=,LJQ/Ib9gJ5sKawAvIx5j5lrpSxU=
158,-1,KzLWW4qf3GAUA+kp78Hacpi1/OU=,L/P1lPQDBceJz7Cbqtb2JfUFRXQ=
157,-1,KzLWW4qf3GAUA+kp78Hacpi1/OU=,L/P1lPQDBceJz7Cbqtb2JfUFRXQ=
145,-1,KzLWW4qf3GAUA+kp78Hacpi1/OU=,sA7JAxTPZtI/DV95A3VoTPJKT7w=
146,-1,KzLWW4qf3GAUA+kp78Hacpi1/OU=,sA7JAxTPZtI/DV95A3VoTPJKT7w=
159,-1,KzLWW4qf3GAUA+kp78Hacpi1/OU=,L/P1lPQDBceJz7Cbqtb2JfUFRXQ=
144,-7,KzLWW4qf3GAUA+kp78Hacpi1/OU=,ozSCH/wy2vXSg40oaaJvfjh4wow=
144,-6,KzLWW4qf3GAUA+kp78Hacpi1/OU=,ozSCH/wy2vXSg40oaaJvfjh4wow=
145,-8,KzLWW4qf3GAUA+kp78Hacpi1/OU=,ozSCH/wy2vXSg40oaaJvfjh4wow=
146,-8,KzLWW4qf3GAUA+kp78Hacpi1/OU=,ozSCH/wy2vXSg40oaaJvfjh4wow=
149,-1,KzLWW4qf3GAUA+kp78Hacpi1/OU=,ERpdYdvoLGluhUeVgaeKcedXpJU=
150,-1,KzLWW4qf3GAUA+kp78Hacpi1/OU=,ERpdYdvoLGluhUeVgaeKcedXpJU=
148,-1,KzLWW4qf3GAUA+kp78Hacpi1/OU=,ERpdYdvoLGluhUeVgaeKcedXpJU=
147,-1,KzLWW4qf3GAUA+kp78Hacpi1/OU=,sA7JAxTPZtI/DV95A3VoTPJKT7w=
147,-8,KzLWW4qf3GAUA+kp78Hacpi1/OU=,ozSCH/wy2vXSg40oaaJvfjh4wow=
148,-8,KzLWW4qf3GAUA+kp78Hacpi1/OU=,5GzGu7Q7lZS6flcolmAYRpyQ/Xk=
149,-8,KzLWW4qf3GAUA+kp78Hacpi1/OU=,5GzGu7Q7lZS6flcolmAYRpyQ/Xk=
150,-8,KzLWW4qf3GAUA+kp78Hacpi1/OU=,5GzGu7Q7lZS6flcolmAYRpyQ/Xk=
152,-8,KzLWW4qf3GAUA+kp78Hacpi1/OU=,kB0oXyHrPx0iABFrrRUferpj9D0=
154,-8,KzLWW4qf3GAUA+kp78Hacpi1/OU=,kB0oXyHrPx0iABFrrRUferpj9D0=
153,-8,KzLWW4qf3GAUA+kp78Hacpi1/OU=,kB0oXyHrPx0iABFrrRUferpj9D0=
151,-8,KzLWW4qf3GAUA+kp78Hacpi1/OU=,5GzGu7Q7lZS6flcolmAYRpyQ/Xk=
156,-8,KzLWW4qf3GAUA+kp78Hacpi1/OU=,LJQ/Ib9gJ5sKawAvIx5j5lrpSxU=
157,-8,KzLWW4qf3GAUA+kp78Hacpi1/OU=,LJQ/Ib9gJ5sKawAvIx5j5lrpSxU=
158,-8,KzLWW4qf3GAUA+kp78Hacpi1/OU=,LJQ/Ib9gJ5sKawAvIx5j5lrpSxU=
155,-8,KzLWW4qf3GAUA+kp78Hacpi1/OU=,kB0oXyHrPx0iABFrrRUferpj9D0=
144,-8,KzLWW4qf3GAUA+kp78Hacpi1/OU=,ozSCH/wy2vXSg40oaaJvfjh4wow=
159,-8,KzLWW4qf3GAUA+kp78Hacpi1/OU=,LJQ/Ib9gJ5sKawAvIx5j5lrpSxU=
144,-5,KzLWW4qf3GAUA+kp78Hacpi1/OU=,ozSCH/wy2vXSg40oaaJvfjh4wow=
144,-3,KzLWW4qf3GAUA+kp78Hacpi1/OU=,sA7JAxTPZtI/DV95A3VoTPJKT7w=
144,-4,KzLWW4qf3GAUA+kp78Hacpi1/OU=,sA7JAxTPZtI/DV95A3VoTPJKT7w=
144,-1,KzLWW4qf3GAUA+kp78Hacpi1/OU=,sA7JAxTPZtI/DV95A3VoTPJKT7w=
144,-2,KzLWW4qf3GAUA+kp78Hacpi1/OU=,sA7JAxTPZtI/DV95A3VoTPJKT7w=
151,-4,KzLWW4qf3GAUA+kp78Hacpi1/OU=,ERpdYdvoLGluhUeVgaeKcedXpJU=
155,-1,KzLWW4qf3GAUA+kp78Hacpi1/OU=,RjoJfuvb9BpmXRbrfx86HCA8sB4=
155,-4,KzLWW4qf3GAUA+kp78Hacpi1/OU=,RjoJfuvb9BpmXRbrfx86HCA8sB4=
151,-1,KzLWW4qf3GAUA+kp78Hacpi1/OU=,ERpdYdvoLGluhUeVgaeKcedXpJU=
154,-4,KzLWW4qf3GAUA+kp78Hacpi1/OU=,RjoJfuvb9BpmXRbrfx86HCA8sB4=
155,-2,KzLWW4qf3GAUA+kp78Hacpi1/OU=,RjoJfuvb9BpmXRbrfx86HCA8sB4=
153,-4,KzLWW4qf3GAUA+kp78Hacpi1/OU=,RjoJfuvb9BpmXRbrfx86HCA8sB4=
154,-2,KzLWW4qf3GAUA+kp78Hacpi1/OU=,RjoJfuvb9BpmXRbrfx86HCA8sB4=
152,-5,KzLWW4qf3GAUA+kp78Hacpi1/OU=,kB0oXyHrPx0iABFrrRUferpj9D0=
152,-3,KzLWW4qf3GAUA+kp78Hacpi1/OU=,RjoJfuvb9BpmXRbrfx86HCA8sB4=
153,-5,KzLWW4qf3GAUA+kp78Hacpi1/OU=,kB0oXyHrPx0iABFrrRUferpj9D0=
154,-1,KzLWW4qf3GAUA+kp78Hacpi1/OU=,RjoJfuvb9BpmXRbrfx86HCA8sB4=
151,-2,KzLWW4qf3GAUA+kp78Hacpi1/OU=,ERpdYdvoLGluhUeVgaeKcedXpJU=
153,-2,KzLWW4qf3GAUA+kp78Hacpi1/OU=,RjoJfuvb9BpmXRbrfx86HCA8sB4=
152,-2,KzLWW4qf3GAUA+kp78Hacpi1/OU=,RjoJfuvb9BpmXRbrfx86HCA8sB4=
153,-3,KzLWW4qf3GAUA+kp78Hacpi1/OU=,RjoJfuvb9BpmXRbrfx86HCA8sB4=
152,-1,KzLWW4qf3GAUA+kp78Hacpi1/OU=,RjoJfuvb9BpmXRbrfx86HCA8sB4=
153,-1,KzLWW4qf3GAUA+kp78Hacpi1/OU=,RjoJfuvb9BpmXRbrfx86HCA8sB4=
152,-4,KzLWW4qf3GAUA+kp78Hacpi1/OU=,RjoJfuvb9BpmXRbrfx86HCA8sB4=
156,-4,KzLWW4qf3GAUA+kp78Hacpi1/OU=,L/P1lPQDBceJz7Cbqtb2JfUFRXQ=
154,-5,KzLWW4qf3GAUA+kp78Hacpi1/OU=,kB0oXyHrPx0iABFrrRUferpj9D0=
151,-5,KzLWW4qf3GAUA+kp78Hacpi1/OU=,5GzGu7Q7lZS6flcolmAYRpyQ/Xk=
151,-3,KzLWW4qf3GAUA+kp78Hacpi1/OU=,ERpdYdvoLGluhUeVgaeKcedXpJU=
156,-2,KzLWW4qf3GAUA+kp78Hacpi1/OU=,L/P1lPQDBceJz7Cbqtb2JfUFRXQ=
155,-5,KzLWW4qf3GAUA+kp78Hacpi1/OU=,kB0oXyHrPx0iABFrrRUferpj9D0=
156,-3,KzLWW4qf3GAUA+kp78Hacpi1/OU=,L/P1lPQDBceJz7Cbqtb2JfUFRXQ=
154,-3,KzLWW4qf3GAUA+kp78Hacpi1/OU=,RjoJfuvb9BpmXRbrfx86HCA8sB4=
156,-1,KzLWW4qf3GAUA+kp78Hacpi1/OU=,L/P1lPQDBceJz7Cbqtb2JfUFRXQ=
156,-5,KzLWW4qf3GAUA+kp78Hacpi1/OU=,LJQ/Ib9gJ5sKawAvIx5j5lrpSxU=
155,-3,KzLWW4qf3GAUA+kp78Hacpi1/OU=,RjoJfuvb9BpmXRbrfx86HCA8sB4=
141,-7,rf8mY9dMF57soKJZ04rJzjz3cOM=,FMKu30YR406pHQQPf47cxkmYz/k=
142,-7,rf8mY9dMF57soKJZ04rJzjz3cOM=,FMKu30YR406pHQQPf47cxkmYz/k=
142,-6,rf8mY9dMF57soKJZ04rJzjz3cOM=,FMKu30YR406pHQQPf47cxkmYz/k=
141,-6,rf8mY9dMF57soKJZ04rJzjz3cOM=,FMKu30YR406pHQQPf47cxkmYz/k=
140,-7,rf8mY9dMF57soKJZ04rJzjz3cOM=,FMKu30YR406pHQQPf47cxkmYz/k=
140,-6,rf8mY9dMF57soKJZ04rJzjz3cOM=,FMKu30YR406pHQQPf47cxkmYz/k=
133,-3,rf8mY9dMF57soKJZ04rJzjz3cOM=,nFlr/lHtUvj+24Q4p0fXNhvO9dU=
134,-2,rf8mY9dMF57soKJZ04rJzjz3cOM=,nFlr/lHtUvj+24Q4p0fXNhvO9dU=
134,-3,rf8mY9dMF57soKJZ04rJzjz3cOM=,nFlr/lHtUvj+24Q4p0fXNhvO9dU=
133,-2,rf8mY9dMF57soKJZ04rJzjz3cOM=,nFlr/lHtUvj+24Q4p0fXNhvO9dU=
133,-1,rf8mY9dMF57soKJZ04rJzjz3cOM=,nFlr/lHtUvj+24Q4p0fXNhvO9dU=
134,-1,rf8mY9dMF57soKJZ04rJzjz3cOM=,nFlr/lHtUvj+24Q4p0fXNhvO9dU=
136,-3,rf8mY9dMF57soKJZ04rJzjz3cOM=,VhyhlVbd3xyvSaoo5kREHN+x7LQ=
137,-3,rf8mY9dMF57soKJZ04rJzjz3cOM=,VhyhlVbd3xyvSaoo5kREHN+x7LQ=
138,-3,rf8mY9dMF57soKJZ04rJzjz3cOM=,VhyhlVbd3xyvSaoo5kREHN+x7LQ=
138,-4,rf8mY9dMF57soKJZ04rJzjz3cOM=,VhyhlVbd3xyvSaoo5kREHN+x7LQ=
137,-4,rf8mY9dMF57soKJZ04rJzjz3cOM=,VhyhlVbd3xyvSaoo5kREHN+x7LQ=
136,-2,rf8mY9dMF57soKJZ04rJzjz3cOM=,VhyhlVbd3xyvSaoo5kREHN+x7LQ=
135,-3,rf8mY9dMF57soKJZ04rJzjz3cOM=,nFlr/lHtUvj+24Q4p0fXNhvO9dU=
137,-2,rf8mY9dMF57soKJZ04rJzjz3cOM=,VhyhlVbd3xyvSaoo5kREHN+x7LQ=
138,-2,rf8mY9dMF57soKJZ04rJzjz3cOM=,VhyhlVbd3xyvSaoo5kREHN+x7LQ=
135,-2,rf8mY9dMF57soKJZ04rJzjz3cOM=,nFlr/lHtUvj+24Q4p0fXNhvO9dU=
136,-1,rf8mY9dMF57soKJZ04rJzjz3cOM=,VhyhlVbd3xyvSaoo5kREHN+x7LQ=
137,-1,rf8mY9dMF57soKJZ04rJzjz3cOM=,VhyhlVbd3xyvSaoo5kREHN+x7LQ=
138,-1,rf8mY9dMF57soKJZ04rJzjz3cOM=,VhyhlVbd3xyvSaoo5kREHN+x7LQ=
135,-1,rf8mY9dMF57soKJZ04rJzjz3cOM=,nFlr/lHtUvj+24Q4p0fXNhvO9dU=
136,-4,rf8mY9dMF57soKJZ04rJzjz3cOM=,VhyhlVbd3xyvSaoo5kREHN+x7LQ=
135,-4,rf8mY9dMF57soKJZ04rJzjz3cOM=,nFlr/lHtUvj+24Q4p0fXNhvO9dU=
134,-4,rf8mY9dMF57soKJZ04rJzjz3cOM=,nFlr/lHtUvj+24Q4p0fXNhvO9dU=
133,-4,rf8mY9dMF57soKJZ04rJzjz3cOM=,nFlr/lHtUvj+24Q4p0fXNhvO9dU=
143,-7,rf8mY9dMF57soKJZ04rJzjz3cOM=,FMKu30YR406pHQQPf47cxkmYz/k=
143,-6,rf8mY9dMF57soKJZ04rJzjz3cOM=,FMKu30YR406pHQQPf47cxkmYz/k=
142,-8,rf8mY9dMF57soKJZ04rJzjz3cOM=,FMKu30YR406pHQQPf47cxkmYz/k=
141,-8,rf8mY9dMF57soKJZ04rJzjz3cOM=,FMKu30YR406pHQQPf47cxkmYz/k=
143,-8,rf8mY9dMF57soKJZ04rJzjz3cOM=,FMKu30YR406pHQQPf47cxkmYz/k=
140,-8,rf8mY9dMF57soKJZ04rJzjz3cOM=,FMKu30YR406pHQQPf47cxkmYz/k=
140,-3,rf8mY9dMF57soKJZ04rJzjz3cOM=,NTs2BBTLvRr1Tz1YeTcPNHkcH7w=
140,-2,rf8mY9dMF57soKJZ04rJzjz3cOM=,NTs2BBTLvRr1Tz1YeTcPNHkcH7w=
142,-1,rf8mY9dMF57soKJZ04rJzjz3cOM=,NTs2BBTLvRr1Tz1YeTcPNHkcH7w=
140,-1,rf8mY9dMF57soKJZ04rJzjz3cOM=,NTs2BBTLvRr1Tz1YeTcPNHkcH7w=
143,-3,rf8mY9dMF57soKJZ04rJzjz3cOM=,NTs2BBTLvRr1Tz1YeTcPNHkcH7w=
139,-2,4yrq8Iht+53B4oe+Bqfnys8BNHI=,VhyhlVbd3xyvSaoo5kREHN+x7LQ=
140,-4,4yrq8Iht+53B4oe+Bqfnys8BNHI=,NTs2BBTLvRr1Tz1YeTcPNHkcH7w=
142,-3,4yrq8Iht+53B4oe+Bqfnys8BNHI=,NTs2BBTLvRr1Tz1YeTcPNHkcH7w=
141,-2,4yrq8Iht+53B4oe+Bqfnys8BNHI=,NTs2BBTLvRr1Tz1YeTcPNHkcH7w=
139,-4,4yrq8Iht+53B4oe+Bqfnys8BNHI=,VhyhlVbd3xyvSaoo5kREHN+x7LQ=
141,-1,4yrq8Iht+53B4oe+Bqfnys8BNHI=,NTs2BBTLvRr1Tz1YeTcPNHkcH7w=
143,-5,4yrq8Iht+53B4oe+Bqfnys8BNHI=,FMKu30YR406pHQQPf47cxkmYz/k=
143,-4,4yrq8Iht+53B4oe+Bqfnys8BNHI=,NTs2BBTLvRr1Tz1YeTcPNHkcH7w=
139,-3,4yrq8Iht+53B4oe+Bqfnys8BNHI=,VhyhlVbd3xyvSaoo5kREHN+x7LQ=
141,-3,4yrq8Iht+53B4oe+Bqfnys8BNHI=,NTs2BBTLvRr1Tz1YeTcPNHkcH7w=
143,-2,4yrq8Iht+53B4oe+Bqfnys8BNHI=,NTs2BBTLvRr1Tz1YeTcPNHkcH7w=
142,-5,4yrq8Iht+53B4oe+Bqfnys8BNHI=,FMKu30YR406pHQQPf47cxkmYz/k=
142,-4,4yrq8Iht+53B4oe+Bqfnys8BNHI=,NTs2BBTLvRr1Tz1YeTcPNHkcH7w=
141,-5,4yrq8Iht+53B4oe+Bqfnys8BNHI=,FMKu30YR406pHQQPf47cxkmYz/k=
140,-5,4yrq8Iht+53B4oe+Bqfnys8BNHI=,FMKu30YR406pHQQPf47cxkmYz/k=
142,-2,4yrq8Iht+53B4oe+Bqfnys8BNHI=,NTs2BBTLvRr1Tz1YeTcPNHkcH7w=
139,-1,4yrq8Iht+53B4oe+Bqfnys8BNHI=,VhyhlVbd3xyvSaoo5kREHN+x7LQ=
143,-1,4yrq8Iht+53B4oe+Bqfnys8BNHI=,NTs2BBTLvRr1Tz1YeTcPNHkcH7w=
141,-4,4yrq8Iht+53B4oe+Bqfnys8BNHI=,NTs2BBTLvRr1Tz1YeTcPNHkcH7w=
131,-4,4yrq8Iht+53B4oe+Bqfnys8BNHI=,zB7tsyKLbszpR91LP7sgbAhIxVk=
132,-4,4yrq8Iht+53B4oe+Bqfnys8BNHI=,nFlr/lHtUvj+24Q4p0fXNhvO9dU=
130,-4,4yrq8Iht+53B4oe+Bqfnys8BNHI=,zB7tsyKLbszpR91LP7sgbAhIxVk=
132,-2,4yrq8Iht+53B4oe+Bqfnys8BNHI=,nFlr/lHtUvj+24Q4p0fXNhvO9dU=
128,-3,4yrq8Iht+53B4oe+Bqfnys8BNHI=,zB7tsyKLbszpR91LP7sgbAhIxVk=
131,-1,4yrq8Iht+53B4oe+Bqfnys8BNHI=,zB7tsyKLbszpR91LP7sgbAhIxVk=
130,-1,4yrq8Iht+53B4oe+Bqfnys8BNHI=,zB7tsyKLbszpR91LP7sgbAhIxVk=
129,-1,4yrq8Iht+53B4oe+Bqfnys8BNHI=,zB7tsyKLbszpR91LP7sgbAhIxVk=
129,-3,4yrq8Iht+53B4oe+Bqfnys8BNHI=,zB7tsyKLbszpR91LP7sgbAhIxVk=
128,-1,4yrq8Iht+53B4oe+Bqfnys8BNHI=,zB7tsyKLbszpR91LP7sgbAhIxVk=
131,-2,4yrq8Iht+53B4oe+Bqfnys8BNHI=,zB7tsyKLbszpR91LP7sgbAhIxVk=
129,-4,4yrq8Iht+53B4oe+Bqfnys8BNHI=,zB7tsyKLbszpR91LP7sgbAhIxVk=
132,-3,4yrq8Iht+53B4oe+Bqfnys8BNHI=,nFlr/lHtUvj+24Q4p0fXNhvO9dU=
130,-3,4yrq8Iht+53B4oe+Bqfnys8BNHI=,zB7tsyKLbszpR91LP7sgbAhIxVk=
130,-2,4yrq8Iht+53B4oe+Bqfnys8BNHI=,zB7tsyKLbszpR91LP7sgbAhIxVk=
128,-4,4yrq8Iht+53B4oe+Bqfnys8BNHI=,zB7tsyKLbszpR91LP7sgbAhIxVk=
132,-1,4yrq8Iht+53B4oe+Bqfnys8BNHI=,nFlr/lHtUvj+24Q4p0fXNhvO9dU=
131,-3,4yrq8Iht+53B4oe+Bqfnys8BNHI=,zB7tsyKLbszpR91LP7sgbAhIxVk=
129,-2,4yrq8Iht+53B4oe+Bqfnys8BNHI=,zB7tsyKLbszpR91LP7sgbAhIxVk=
128,-2,4yrq8Iht+53B4oe+Bqfnys8BNHI=,zB7tsyKLbszpR91LP7sgbAhIxVk=
