6,-1,y+ScsH5jGarBHe47BkE6CMz9+04=,9ksvyuU48R0sSaphwbcLNi1G7xs=
5,-1,y+ScsH5jGarBHe47BkE6CMz9+04=,fGKfrj+/CO9coeHTXJNSMnAIj/E=
4,-2,y+ScsH5jGarBHe47BkE6CMz9+04=,8NNxWvKC0XuUdFI9ItILZQqVmLo=
4,-1,y+ScsH5jGarBHe47BkE6CMz9+04=,Ciw5dyImzwa3LdoLWIpF7/kDFMQ=
3,-1,y+ScsH5jGarBHe47BkE6CMz9+04=,QUgtoSm7TYUpy4YsBOZM2isS5e0=
3,-2,y+ScsH5jGarBHe47BkE6CMz9+04=,QUgtoSm7TYUpy4YsBOZM2isS5e0=
3,-3,y+ScsH5jGarBHe47BkE6CMz9+04=,EDGACdHxcdqhxpTyaV3QTrGrdeI=
2,-2,y+ScsH5jGarBHe47BkE6CMz9+04=,I2Yy+H0cesjTKCVlIKbLIDeR+W4=
2,-1,y+ScsH5jGarBHe47BkE6CMz9+04=,I2Yy+H0cesjTKCVlIKbLIDeR+W4=
2,-3,y+ScsH5jGarBHe47BkE6CMz9+04=,85xK2z8hBOD3eslt7264aQft/R8=
31,-1,y+ScsH5jGarBHe47BkE6CMz9+04=,85xK2z8hBOD3eslt7264aQft/R8=
1,-1,y+ScsH5jGarBHe47BkE6CMz9+04=,mH0n1vsY6V5Q8zItWJupwCc54UY=
1,-2,y+ScsH5jGarBHe47BkE6CMz9+04=,mH0n1vsY6V5Q8zItWJupwCc54UY=
30,-1,g52t4B9oYohhKK5FLf9/z/GOrJM=,mH0n1vsY6V5Q8zItWJupwCc54UY=
0,-3,g52t4B9oYohhKK5FLf9/z/GOrJM=,Opy7qYaXNUxADfv3ULJyqAmhik4=
0,-2,g52t4B9oYohhKK5FLf9/z/GOrJM=,mH0n1vsY6V5Q8zItWJupwCc54UY=
0,-1,g52t4B9oYohhKK5FLf9/z/GOrJM=,mH0n1vsY6V5Q8zItWJupwCc54UY=
29,-1,g52t4B9oYohhKK5FLf9/z/GOrJM=,mH0n1vsY6V5Q8zItWJupwCc54UY=
0,-5,g52t4B9oYohhKK5FLf9/z/GOrJM=,NvuQ/4NFSSHnK5jkq55Q5hHPd3A=
0,-4,g52t4B9oYohhKK5FLf9/z/GOrJM=,o2JUdruWCtPNYMSa9vBlE7eNtA4=
28,-2,g52t4B9oYohhKK5FLf9/z/GOrJM=,fxScZs485x5r5soyUlXS8Hz2uwM=
28,-1,g52t4B9oYohhKK5FLf9/z/GOrJM=,biU/ipXMZXkYWo4KBQ499vipv+Q=
27,-1,g52t4B9oYohhKK5FLf9/z/GOrJM=,biU/ipXMZXkYWo4KBQ499vipv+Q=
27,-2,g52t4B9oYohhKK5FLf9/z/GOrJM=,fxScZs485x5r5soyUlXS8Hz2uwM=
26,-2,g52t4B9oYohhKK5FLf9/z/GOrJM=,fxScZs485x5r5soyUlXS8Hz2uwM=
26,-1,g52t4B9oYohhKK5FLf9/z/GOrJM=,biU/ipXMZXkYWo4KBQ499vipv+Q=
25,-1,g52t4B9oYohhKK5FLf9/z/GOrJM=,biU/ipXMZXkYWo4KBQ499vipv+Q=
24,-1,g52t4B9oYohhKK5FLf9/z/GOrJM=,biU/ipXMZXkYWo4KBQ499vipv+Q=
23,-1,g52t4B9oYohhKK5FLf9/z/GOrJM=,biU/ipXMZXkYWo4KBQ499vipv+Q=
22,-1,g52t4B9oYohhKK5FLf9/z/GOrJM=,biU/ipXMZXkYWo4KBQ499vipv+Q=
21,-1,g52t4B9oYohhKK5FLf9/z/GOrJM=,biU/ipXMZXkYWo4KBQ499vipv+Q=
20,-1,g52t4B9oYohhKK5FLf9/z/GOrJM=,biU/ipXMZXkYWo4KBQ499vipv+Q=
19,-1,g52t4B9oYohhKK5FLf9/z/GOrJM=,biU/ipXMZXkYWo4KBQ499vipv+Q=
18,-1,g52t4B9oYohhKK5FLf9/z/GOrJM=,8q9iitgFWdsTJ1zoOofyVwWu6To=
17,-1,g52t4B9oYohhKK5FLf9/z/GOrJM=,amoGHG5AP2wLavJzHbK/yjb2eY8=
16,-1,g52t4B9oYohhKK5FLf9/z/GOrJM=,9aeG/KI9pNLwM+M+tjxl7ZXbFSM=
15,-1,g52t4B9oYohhKK5FLf9/z/GOrJM=,9aeG/KI9pNLwM+M+tjxl7ZXbFSM=
14,-1,g52t4B9oYohhKK5FLf9/z/GOrJM=,9aeG/KI9pNLwM+M+tjxl7ZXbFSM=
13,-1,g52t4B9oYohhKK5FLf9/z/GOrJM=,amoGHG5AP2wLavJzHbK/yjb2eY8=
12,-1,g52t4B9oYohhKK5FLf9/z/GOrJM=,9aeG/KI9pNLwM+M+tjxl7ZXbFSM=
11,-1,g52t4B9oYohhKK5FLf9/z/GOrJM=,9aeG/KI9pNLwM+M+tjxl7ZXbFSM=
10,-1,g52t4B9oYohhKK5FLf9/z/GOrJM=,9aeG/KI9pNLwM+M+tjxl7ZXbFSM=
9,-1,g52t4B9oYohhKK5FLf9/z/GOrJM=,amoGHG5AP2wLavJzHbK/yjb2eY8=
8,-1,g52t4B9oYohhKK5FLf9/z/GOrJM=,NijLkHv1ZdrfaVjbjqXNjDNdE2o=
7,-1,g52t4B9oYohhKK5FLf9/z/GOrJM=,NijLkHv1ZdrfaVjbjqXNjDNdE2o=
