-428,-13,7CjE9KSyCvYnOrjSWzSbrL4Sq6A=,2e8TL0MDo/TypZ73OGglVY8D81M=
-427,-16,7CjE9KSyCvYnOrjSWzSbrL4Sq6A=,2e8TL0MDo/TypZ73OGglVY8D81M=
-426,-14,7CjE9KSyCvYnOrjSWzSbrL4Sq6A=,2e8TL0MDo/TypZ73OGglVY8D81M=
-428,-16,7CjE9KSyCvYnOrjSWzSbrL4Sq6A=,2e8TL0MDo/TypZ73OGglVY8D81M=
-427,-14,7CjE9KSyCvYnOrjSWzSbrL4Sq6A=,2e8TL0MDo/TypZ73OGglVY8D81M=
-428,-14,7CjE9KSyCvYnOrjSWzSbrL4Sq6A=,2e8TL0MDo/TypZ73OGglVY8D81M=
-426,-13,7CjE9KSyCvYnOrjSWzSbrL4Sq6A=,2e8TL0MDo/TypZ73OGglVY8D81M=
-427,-13,7CjE9KSyCvYnOrjSWzSbrL4Sq6A=,2e8TL0MDo/TypZ73OGglVY8D81M=
-426,-15,7CjE9KSyCvYnOrjSWzSbrL4Sq6A=,2e8TL0MDo/TypZ73OGglVY8D81M=
-427,-15,7CjE9KSyCvYnOrjSWzSbrL4Sq6A=,2e8TL0MDo/TypZ73OGglVY8D81M=
-428,-15,7CjE9KSyCvYnOrjSWzSbrL4Sq6A=,2e8TL0MDo/TypZ73OGglVY8D81M=
-426,-16,7CjE9KSyCvYnOrjSWzSbrL4Sq6A=,2e8TL0MDo/TypZ73OGglVY8D81M=
-419,-16,7CjE9KSyCvYnOrjSWzSbrL4Sq6A=,xvR+vwswIpFUH7TC9Tl9NNFVsoA=
-418,-15,7CjE9KSyCvYnOrjSWzSbrL4Sq6A=,xvR+vwswIpFUH7TC9Tl9NNFVsoA=
-419,-13,7CjE9KSyCvYnOrjSWzSbrL4Sq6A=,xvR+vwswIpFUH7TC9Tl9NNFVsoA=
-418,-14,7CjE9KSyCvYnOrjSWzSbrL4Sq6A=,xvR+vwswIpFUH7TC9Tl9NNFVsoA=
-418,-16,7CjE9KSyCvYnOrjSWzSbrL4Sq6A=,xvR+vwswIpFUH7TC9Tl9NNFVsoA=
-417,-14,7CjE9KSyCvYnOrjSWzSbrL4Sq6A=,xvR+vwswIpFUH7TC9Tl9NNFVsoA=
-417,-13,7CjE9KSyCvYnOrjSWzSbrL4Sq6A=,xvR+vwswIpFUH7TC9Tl9NNFVsoA=
-417,-16,7CjE9KSyCvYnOrjSWzSbrL4Sq6A=,xvR+vwswIpFUH7TC9Tl9NNFVsoA=
-419,-15,7CjE9KSyCvYnOrjSWzSbrL4Sq6A=,xvR+vwswIpFUH7TC9Tl9NNFVsoA=
-418,-13,7CjE9KSyCvYnOrjSWzSbrL4Sq6A=,xvR+vwswIpFUH7TC9Tl9NNFVsoA=
-417,-15,7CjE9KSyCvYnOrjSWzSbrL4Sq6A=,xvR+vwswIpFUH7TC9Tl9NNFVsoA=
-419,-14,7CjE9KSyCvYnOrjSWzSbrL4Sq6A=,xvR+vwswIpFUH7TC9Tl9NNFVsoA=
-420,-14,7CjE9KSyCvYnOrjSWzSbrL4Sq6A=,xvR+vwswIpFUH7TC9Tl9NNFVsoA=
-421,-14,7CjE9KSyCvYnOrjSWzSbrL4Sq6A=,riPxnBLWeZIKuYn1lAthAQMmhvQ=
-423,-13,7CjE9KSyCvYnOrjSWzSbrL4Sq6A=,riPxnBLWeZIKuYn1lAthAQMmhvQ=
-425,-14,7CjE9KSyCvYnOrjSWzSbrL4Sq6A=,2e8TL0MDo/TypZ73OGglVY8D81M=
-421,-16,7CjE9KSyCvYnOrjSWzSbrL4Sq6A=,riPxnBLWeZIKuYn1lAthAQMmhvQ=
-422,-14,7CjE9KSyCvYnOrjSWzSbrL4Sq6A=,riPxnBLWeZIKuYn1lAthAQMmhvQ=
-420,-16,7CjE9KSyCvYnOrjSWzSbrL4Sq6A=,xvR+vwswIpFUH7TC9Tl9NNFVsoA=
-420,-13,7CjE9KSyCvYnOrjSWzSbrL4Sq6A=,xvR+vwswIpFUH7TC9Tl9NNFVsoA=
-421,-15,7CjE9KSyCvYnOrjSWzSbrL4Sq6A=,riPxnBLWeZIKuYn1lAthAQMmhvQ=
-422,-15,7CjE9KSyCvYnOrjSWzSbrL4Sq6A=,riPxnBLWeZIKuYn1lAthAQMmhvQ=
-422,-16,7CjE9KSyCvYnOrjSWzSbrL4Sq6A=,riPxnBLWeZIKuYn1lAthAQMmhvQ=
-424,-15,7CjE9KSyCvYnOrjSWzSbrL4Sq6A=,riPxnBLWeZIKuYn1lAthAQMmhvQ=
-425,-13,7CjE9KSyCvYnOrjSWzSbrL4Sq6A=,2e8TL0MDo/TypZ73OGglVY8D81M=
-421,-13,7CjE9KSyCvYnOrjSWzSbrL4Sq6A=,riPxnBLWeZIKuYn1lAthAQMmhvQ=
-424,-13,7CjE9KSyCvYnOrjSWzSbrL4Sq6A=,riPxnBLWeZIKuYn1lAthAQMmhvQ=
-422,-13,7CjE9KSyCvYnOrjSWzSbrL4Sq6A=,riPxnBLWeZIKuYn1lAthAQMmhvQ=
-425,-15,7CjE9KSyCvYnOrjSWzSbrL4Sq6A=,2e8TL0MDo/TypZ73OGglVY8D81M=
-424,-14,7CjE9KSyCvYnOrjSWzSbrL4Sq6A=,riPxnBLWeZIKuYn1lAthAQMmhvQ=
-423,-15,7CjE9KSyCvYnOrjSWzSbrL4Sq6A=,riPxnBLWeZIKuYn1lAthAQMmhvQ=
-423,-14,7CjE9KSyCvYnOrjSWzSbrL4Sq6A=,riPxnBLWeZIKuYn1lAthAQMmhvQ=
-420,-15,7CjE9KSyCvYnOrjSWzSbrL4Sq6A=,xvR+vwswIpFUH7TC9Tl9NNFVsoA=
-423,-16,7CjE9KSyCvYnOrjSWzSbrL4Sq6A=,riPxnBLWeZIKuYn1lAthAQMmhvQ=
-424,-16,7CjE9KSyCvYnOrjSWzSbrL4Sq6A=,riPxnBLWeZIKuYn1lAthAQMmhvQ=
-425,-16,7CjE9KSyCvYnOrjSWzSbrL4Sq6A=,2e8TL0MDo/TypZ73OGglVY8D81M=
-422,-18,utSZHl253EChwq1vL9cuM4d3TqA=,G5yC99OYcWGNscnduz941IlwWjs=
-423,-19,utSZHl253EChwq1vL9cuM4d3TqA=,G5yC99OYcWGNscnduz941IlwWjs=
-423,-18,utSZHl253EChwq1vL9cuM4d3TqA=,G5yC99OYcWGNscnduz941IlwWjs=
-422,-19,utSZHl253EChwq1vL9cuM4d3TqA=,G5yC99OYcWGNscnduz941IlwWjs=
-422,-20,utSZHl253EChwq1vL9cuM4d3TqA=,G5yC99OYcWGNscnduz941IlwWjs=
-423,-20,utSZHl253EChwq1vL9cuM4d3TqA=,G5yC99OYcWGNscnduz941IlwWjs=
-421,-18,utSZHl253EChwq1vL9cuM4d3TqA=,G5yC99OYcWGNscnduz941IlwWjs=
-421,-19,utSZHl253EChwq1vL9cuM4d3TqA=,G5yC99OYcWGNscnduz941IlwWjs=
-421,-20,utSZHl253EChwq1vL9cuM4d3TqA=,G5yC99OYcWGNscnduz941IlwWjs=
-422,-17,utSZHl253EChwq1vL9cuM4d3TqA=,G5yC99OYcWGNscnduz941IlwWjs=
-421,-17,utSZHl253EChwq1vL9cuM4d3TqA=,G5yC99OYcWGNscnduz941IlwWjs=
-423,-17,utSZHl253EChwq1vL9cuM4d3TqA=,G5yC99OYcWGNscnduz941IlwWjs=
-424,-20,utSZHl253EChwq1vL9cuM4d3TqA=,G5yC99OYcWGNscnduz941IlwWjs=
-424,-19,utSZHl253EChwq1vL9cuM4d3TqA=,G5yC99OYcWGNscnduz941IlwWjs=
-427,-18,utSZHl253EChwq1vL9cuM4d3TqA=,6JqReYMLNzHxGrbYN6RwP28fIHk=
-426,-20,utSZHl253EChwq1vL9cuM4d3TqA=,6JqReYMLNzHxGrbYN6RwP28fIHk=
-424,-17,utSZHl253EChwq1vL9cuM4d3TqA=,G5yC99OYcWGNscnduz941IlwWjs=
-424,-18,utSZHl253EChwq1vL9cuM4d3TqA=,G5yC99OYcWGNscnduz941IlwWjs=
-426,-19,utSZHl253EChwq1vL9cuM4d3TqA=,6JqReYMLNzHxGrbYN6RwP28fIHk=
-426,-18,utSZHl253EChwq1vL9cuM4d3TqA=,6JqReYMLNzHxGrbYN6RwP28fIHk=
-427,-17,utSZHl253EChwq1vL9cuM4d3TqA=,6JqReYMLNzHxGrbYN6RwP28fIHk=
-425,-19,utSZHl253EChwq1vL9cuM4d3TqA=,6JqReYMLNzHxGrbYN6RwP28fIHk=
-425,-20,utSZHl253EChwq1vL9cuM4d3TqA=,6JqReYMLNzHxGrbYN6RwP28fIHk=
-425,-18,utSZHl253EChwq1vL9cuM4d3TqA=,6JqReYMLNzHxGrbYN6RwP28fIHk=
-427,-19,utSZHl253EChwq1vL9cuM4d3TqA=,6JqReYMLNzHxGrbYN6RwP28fIHk=
-427,-20,utSZHl253EChwq1vL9cuM4d3TqA=,6JqReYMLNzHxGrbYN6RwP28fIHk=
-426,-17,utSZHl253EChwq1vL9cuM4d3TqA=,6JqReYMLNzHxGrbYN6RwP28fIHk=
-425,-17,utSZHl253EChwq1vL9cuM4d3TqA=,6JqReYMLNzHxGrbYN6RwP28fIHk=
-429,-20,utSZHl253EChwq1vL9cuM4d3TqA=,juw4oCB1IYXKdfuq9T14ugeD8Es=
-428,-19,utSZHl253EChwq1vL9cuM4d3TqA=,6JqReYMLNzHxGrbYN6RwP28fIHk=
-432,-20,utSZHl253EChwq1vL9cuM4d3TqA=,juw4oCB1IYXKdfuq9T14ugeD8Es=
-428,-18,utSZHl253EChwq1vL9cuM4d3TqA=,6JqReYMLNzHxGrbYN6RwP28fIHk=
-432,-17,utSZHl253EChwq1vL9cuM4d3TqA=,juw4oCB1IYXKdfuq9T14ugeD8Es=
-428,-20,utSZHl253EChwq1vL9cuM4d3TqA=,6JqReYMLNzHxGrbYN6RwP28fIHk=
-430,-18,utSZHl253EChwq1vL9cuM4d3TqA=,juw4oCB1IYXKdfuq9T14ugeD8Es=
-431,-20,utSZHl253EChwq1vL9cuM4d3TqA=,juw4oCB1IYXKdfuq9T14ugeD8Es=
-432,-18,utSZHl253EChwq1vL9cuM4d3TqA=,juw4oCB1IYXKdfuq9T14ugeD8Es=
-430,-20,utSZHl253EChwq1vL9cuM4d3TqA=,juw4oCB1IYXKdfuq9T14ugeD8Es=
-429,-18,utSZHl253EChwq1vL9cuM4d3TqA=,juw4oCB1IYXKdfuq9T14ugeD8Es=
-429,-19,utSZHl253EChwq1vL9cuM4d3TqA=,juw4oCB1IYXKdfuq9T14ugeD8Es=
-432,-19,utSZHl253EChwq1vL9cuM4d3TqA=,juw4oCB1IYXKdfuq9T14ugeD8Es=
-430,-17,utSZHl253EChwq1vL9cuM4d3TqA=,juw4oCB1IYXKdfuq9T14ugeD8Es=
-429,-17,utSZHl253EChwq1vL9cuM4d3TqA=,juw4oCB1IYXKdfuq9T14ugeD8Es=
-430,-19,utSZHl253EChwq1vL9cuM4d3TqA=,juw4oCB1IYXKdfuq9T14ugeD8Es=
-431,-17,utSZHl253EChwq1vL9cuM4d3TqA=,juw4oCB1IYXKdfuq9T14ugeD8Es=
-428,-17,utSZHl253EChwq1vL9cuM4d3TqA=,6JqReYMLNzHxGrbYN6RwP28fIHk=
-431,-18,utSZHl253EChwq1vL9cuM4d3TqA=,juw4oCB1IYXKdfuq9T14ugeD8Es=
-431,-19,utSZHl253EChwq1vL9cuM4d3TqA=,juw4oCB1IYXKdfuq9T14ugeD8Es=
-439,-27,utSZHl253EChwq1vL9cuM4d3TqA=,OIVwUA9o8zP88B3oI9lrqDI5kl8=
-438,-26,utSZHl253EChwq1vL9cuM4d3TqA=,OIVwUA9o8zP88B3oI9lrqDI5kl8=
-439,-26,utSZHl253EChwq1vL9cuM4d3TqA=,OIVwUA9o8zP88B3oI9lrqDI5kl8=
-438,-27,utSZHl253EChwq1vL9cuM4d3TqA=,OIVwUA9o8zP88B3oI9lrqDI5kl8=
-435,-22,utSZHl253EChwq1vL9cuM4d3TqA=,siqrEE5iTQHWDYyCVOFst5m2tKc=
-434,-22,utSZHl253EChwq1vL9cuM4d3TqA=,siqrEE5iTQHWDYyCVOFst5m2tKc=
-434,-23,utSZHl253EChwq1vL9cuM4d3TqA=,siqrEE5iTQHWDYyCVOFst5m2tKc=
-435,-23,utSZHl253EChwq1vL9cuM4d3TqA=,siqrEE5iTQHWDYyCVOFst5m2tKc=
-443,-23,utSZHl253EChwq1vL9cuM4d3TqA=,Jf1b4UX3Qw0uIBpUtVsmZU+6uXw=
-442,-23,utSZHl253EChwq1vL9cuM4d3TqA=,Jf1b4UX3Qw0uIBpUtVsmZU+6uXw=
-442,-22,utSZHl253EChwq1vL9cuM4d3TqA=,Jf1b4UX3Qw0uIBpUtVsmZU+6uXw=
-443,-22,utSZHl253EChwq1vL9cuM4d3TqA=,Jf1b4UX3Qw0uIBpUtVsmZU+6uXw=
-435,-18,utSZHl253EChwq1vL9cuM4d3TqA=,GoMS/SMqLpIXuqRmk+d7o25v6Wg=
-434,-18,utSZHl253EChwq1vL9cuM4d3TqA=,GoMS/SMqLpIXuqRmk+d7o25v6Wg=
-434,-19,utSZHl253EChwq1vL9cuM4d3TqA=,GoMS/SMqLpIXuqRmk+d7o25v6Wg=
-435,-19,utSZHl253EChwq1vL9cuM4d3TqA=,GoMS/SMqLpIXuqRmk+d7o25v6Wg=
-435,-20,utSZHl253EChwq1vL9cuM4d3TqA=,GoMS/SMqLpIXuqRmk+d7o25v6Wg=
-436,-18,utSZHl253EChwq1vL9cuM4d3TqA=,GoMS/SMqLpIXuqRmk+d7o25v6Wg=
-436,-19,utSZHl253EChwq1vL9cuM4d3TqA=,GoMS/SMqLpIXuqRmk+d7o25v6Wg=
-435,-21,utSZHl253EChwq1vL9cuM4d3TqA=,siqrEE5iTQHWDYyCVOFst5m2tKc=
-434,-21,utSZHl253EChwq1vL9cuM4d3TqA=,siqrEE5iTQHWDYyCVOFst5m2tKc=
-434,-20,utSZHl253EChwq1vL9cuM4d3TqA=,GoMS/SMqLpIXuqRmk+d7o25v6Wg=
-440,-27,utSZHl253EChwq1vL9cuM4d3TqA=,OIVwUA9o8zP88B3oI9lrqDI5kl8=
-443,-24,utSZHl253EChwq1vL9cuM4d3TqA=,Jf1b4UX3Qw0uIBpUtVsmZU+6uXw=
-442,-24,utSZHl253EChwq1vL9cuM4d3TqA=,Jf1b4UX3Qw0uIBpUtVsmZU+6uXw=
-443,-25,utSZHl253EChwq1vL9cuM4d3TqA=,m2PMXFBQFe5qyDv0JFixPfhmCPk=
-442,-25,utSZHl253EChwq1vL9cuM4d3TqA=,m2PMXFBQFe5qyDv0JFixPfhmCPk=
-440,-26,utSZHl253EChwq1vL9cuM4d3TqA=,OIVwUA9o8zP88B3oI9lrqDI5kl8=
-443,-27,utSZHl253EChwq1vL9cuM4d3TqA=,m2PMXFBQFe5qyDv0JFixPfhmCPk=
-443,-26,utSZHl253EChwq1vL9cuM4d3TqA=,m2PMXFBQFe5qyDv0JFixPfhmCPk=
-441,-27,utSZHl253EChwq1vL9cuM4d3TqA=,m2PMXFBQFe5qyDv0JFixPfhmCPk=
-442,-27,utSZHl253EChwq1vL9cuM4d3TqA=,m2PMXFBQFe5qyDv0JFixPfhmCPk=
-442,-28,utSZHl253EChwq1vL9cuM4d3TqA=,m2PMXFBQFe5qyDv0JFixPfhmCPk=
-443,-28,utSZHl253EChwq1vL9cuM4d3TqA=,m2PMXFBQFe5qyDv0JFixPfhmCPk=
-441,-26,utSZHl253EChwq1vL9cuM4d3TqA=,m2PMXFBQFe5qyDv0JFixPfhmCPk=
-442,-26,utSZHl253EChwq1vL9cuM4d3TqA=,m2PMXFBQFe5qyDv0JFixPfhmCPk=
-444,-23,utSZHl253EChwq1vL9cuM4d3TqA=,Jf1b4UX3Qw0uIBpUtVsmZU+6uXw=
-444,-22,utSZHl253EChwq1vL9cuM4d3TqA=,Jf1b4UX3Qw0uIBpUtVsmZU+6uXw=
-446,-30,utSZHl253EChwq1vL9cuM4d3TqA=,xT/sCwqQ/QFNQDzAQddrsjb3gk4=
-445,-30,utSZHl253EChwq1vL9cuM4d3TqA=,xT/sCwqQ/QFNQDzAQddrsjb3gk4=
-447,-31,utSZHl253EChwq1vL9cuM4d3TqA=,xT/sCwqQ/QFNQDzAQddrsjb3gk4=
-446,-31,utSZHl253EChwq1vL9cuM4d3TqA=,xT/sCwqQ/QFNQDzAQddrsjb3gk4=
-445,-31,utSZHl253EChwq1vL9cuM4d3TqA=,xT/sCwqQ/QFNQDzAQddrsjb3gk4=
-447,-30,utSZHl253EChwq1vL9cuM4d3TqA=,xT/sCwqQ/QFNQDzAQddrsjb3gk4=
-448,-31,utSZHl253EChwq1vL9cuM4d3TqA=,xT/sCwqQ/QFNQDzAQddrsjb3gk4=
-448,-30,utSZHl253EChwq1vL9cuM4d3TqA=,xT/sCwqQ/QFNQDzAQddrsjb3gk4=
-435,-24,utSZHl253EChwq1vL9cuM4d3TqA=,siqrEE5iTQHWDYyCVOFst5m2tKc=
-434,-24,utSZHl253EChwq1vL9cuM4d3TqA=,siqrEE5iTQHWDYyCVOFst5m2tKc=
-437,-27,utSZHl253EChwq1vL9cuM4d3TqA=,OIVwUA9o8zP88B3oI9lrqDI5kl8=
-437,-26,utSZHl253EChwq1vL9cuM4d3TqA=,OIVwUA9o8zP88B3oI9lrqDI5kl8=
-443,-21,utSZHl253EChwq1vL9cuM4d3TqA=,Jf1b4UX3Qw0uIBpUtVsmZU+6uXw=
-442,-21,utSZHl253EChwq1vL9cuM4d3TqA=,Jf1b4UX3Qw0uIBpUtVsmZU+6uXw=
-434,-17,utSZHl253EChwq1vL9cuM4d3TqA=,GoMS/SMqLpIXuqRmk+d7o25v6Wg=
-435,-17,utSZHl253EChwq1vL9cuM4d3TqA=,GoMS/SMqLpIXuqRmk+d7o25v6Wg=
-446,-32,utSZHl253EChwq1vL9cuM4d3TqA=,xT/sCwqQ/QFNQDzAQddrsjb3gk4=
-447,-32,utSZHl253EChwq1vL9cuM4d3TqA=,xT/sCwqQ/QFNQDzAQddrsjb3gk4=
-448,-32,utSZHl253EChwq1vL9cuM4d3TqA=,xT/sCwqQ/QFNQDzAQddrsjb3gk4=
-433,-22,utSZHl253EChwq1vL9cuM4d3TqA=,siqrEE5iTQHWDYyCVOFst5m2tKc=
-433,-23,utSZHl253EChwq1vL9cuM4d3TqA=,siqrEE5iTQHWDYyCVOFst5m2tKc=
-444,-21,utSZHl253EChwq1vL9cuM4d3TqA=,Jf1b4UX3Qw0uIBpUtVsmZU+6uXw=
-441,-28,utSZHl253EChwq1vL9cuM4d3TqA=,m2PMXFBQFe5qyDv0JFixPfhmCPk=
-440,-28,utSZHl253EChwq1vL9cuM4d3TqA=,OIVwUA9o8zP88B3oI9lrqDI5kl8=
-439,-28,utSZHl253EChwq1vL9cuM4d3TqA=,OIVwUA9o8zP88B3oI9lrqDI5kl8=
-438,-28,utSZHl253EChwq1vL9cuM4d3TqA=,OIVwUA9o8zP88B3oI9lrqDI5kl8=
-437,-28,utSZHl253EChwq1vL9cuM4d3TqA=,OIVwUA9o8zP88B3oI9lrqDI5kl8=
-436,-17,utSZHl253EChwq1vL9cuM4d3TqA=,GoMS/SMqLpIXuqRmk+d7o25v6Wg=
-433,-24,utSZHl253EChwq1vL9cuM4d3TqA=,siqrEE5iTQHWDYyCVOFst5m2tKc=
-445,-32,utSZHl253EChwq1vL9cuM4d3TqA=,xT/sCwqQ/QFNQDzAQddrsjb3gk4=
-433,-17,utSZHl253EChwq1vL9cuM4d3TqA=,GoMS/SMqLpIXuqRmk+d7o25v6Wg=
-433,-18,utSZHl253EChwq1vL9cuM4d3TqA=,GoMS/SMqLpIXuqRmk+d7o25v6Wg=
-433,-20,utSZHl253EChwq1vL9cuM4d3TqA=,GoMS/SMqLpIXuqRmk+d7o25v6Wg=
-433,-21,utSZHl253EChwq1vL9cuM4d3TqA=,siqrEE5iTQHWDYyCVOFst5m2tKc=
-433,-19,utSZHl253EChwq1vL9cuM4d3TqA=,GoMS/SMqLpIXuqRmk+d7o25v6Wg=
-441,-21,utSZHl253EChwq1vL9cuM4d3TqA=,Jf1b4UX3Qw0uIBpUtVsmZU+6uXw=
-439,-22,utSZHl253EChwq1vL9cuM4d3TqA=,2EYDkutq02dRaTB7nVLdHOygmQc=
-438,-22,utSZHl253EChwq1vL9cuM4d3TqA=,2EYDkutq02dRaTB7nVLdHOygmQc=
-437,-24,utSZHl253EChwq1vL9cuM4d3TqA=,2EYDkutq02dRaTB7nVLdHOygmQc=
-437,-25,utSZHl253EChwq1vL9cuM4d3TqA=,OIVwUA9o8zP88B3oI9lrqDI5kl8=
-436,-20,utSZHl253EChwq1vL9cuM4d3TqA=,GoMS/SMqLpIXuqRmk+d7o25v6Wg=
-438,-25,utSZHl253EChwq1vL9cuM4d3TqA=,OIVwUA9o8zP88B3oI9lrqDI5kl8=
-440,-22,utSZHl253EChwq1vL9cuM4d3TqA=,2EYDkutq02dRaTB7nVLdHOygmQc=
-437,-22,utSZHl253EChwq1vL9cuM4d3TqA=,2EYDkutq02dRaTB7nVLdHOygmQc=
-441,-25,utSZHl253EChwq1vL9cuM4d3TqA=,m2PMXFBQFe5qyDv0JFixPfhmCPk=
-441,-22,utSZHl253EChwq1vL9cuM4d3TqA=,Jf1b4UX3Qw0uIBpUtVsmZU+6uXw=
-439,-25,utSZHl253EChwq1vL9cuM4d3TqA=,OIVwUA9o8zP88B3oI9lrqDI5kl8=
-440,-24,utSZHl253EChwq1vL9cuM4d3TqA=,2EYDkutq02dRaTB7nVLdHOygmQc=
-441,-23,utSZHl253EChwq1vL9cuM4d3TqA=,Jf1b4UX3Qw0uIBpUtVsmZU+6uXw=
-437,-23,utSZHl253EChwq1vL9cuM4d3TqA=,2EYDkutq02dRaTB7nVLdHOygmQc=
-436,-23,utSZHl253EChwq1vL9cuM4d3TqA=,siqrEE5iTQHWDYyCVOFst5m2tKc=
-437,-21,utSZHl253EChwq1vL9cuM4d3TqA=,2EYDkutq02dRaTB7nVLdHOygmQc=
-438,-21,utSZHl253EChwq1vL9cuM4d3TqA=,2EYDkutq02dRaTB7nVLdHOygmQc=
-441,-24,utSZHl253EChwq1vL9cuM4d3TqA=,Jf1b4UX3Qw0uIBpUtVsmZU+6uXw=
-438,-24,utSZHl253EChwq1vL9cuM4d3TqA=,2EYDkutq02dRaTB7nVLdHOygmQc=
-440,-25,utSZHl253EChwq1vL9cuM4d3TqA=,OIVwUA9o8zP88B3oI9lrqDI5kl8=
-436,-21,utSZHl253EChwq1vL9cuM4d3TqA=,siqrEE5iTQHWDYyCVOFst5m2tKc=
-440,-23,utSZHl253EChwq1vL9cuM4d3TqA=,2EYDkutq02dRaTB7nVLdHOygmQc=
-439,-21,utSZHl253EChwq1vL9cuM4d3TqA=,2EYDkutq02dRaTB7nVLdHOygmQc=
-436,-24,utSZHl253EChwq1vL9cuM4d3TqA=,siqrEE5iTQHWDYyCVOFst5m2tKc=
-438,-23,utSZHl253EChwq1vL9cuM4d3TqA=,2EYDkutq02dRaTB7nVLdHOygmQc=
-440,-21,utSZHl253EChwq1vL9cuM4d3TqA=,2EYDkutq02dRaTB7nVLdHOygmQc=
-445,-26,utSZHl253EChwq1vL9cuM4d3TqA=,5JTFm3VqmrNfSABBs89VRvoWjgM=
-436,-22,utSZHl253EChwq1vL9cuM4d3TqA=,siqrEE5iTQHWDYyCVOFst5m2tKc=
-445,-25,utSZHl253EChwq1vL9cuM4d3TqA=,5JTFm3VqmrNfSABBs89VRvoWjgM=
-444,-24,utSZHl253EChwq1vL9cuM4d3TqA=,Jf1b4UX3Qw0uIBpUtVsmZU+6uXw=
-446,-26,utSZHl253EChwq1vL9cuM4d3TqA=,5JTFm3VqmrNfSABBs89VRvoWjgM=
-439,-24,utSZHl253EChwq1vL9cuM4d3TqA=,2EYDkutq02dRaTB7nVLdHOygmQc=
-447,-26,utSZHl253EChwq1vL9cuM4d3TqA=,5JTFm3VqmrNfSABBs89VRvoWjgM=
-446,-29,utSZHl253EChwq1vL9cuM4d3TqA=,xT/sCwqQ/QFNQDzAQddrsjb3gk4=
-448,-26,utSZHl253EChwq1vL9cuM4d3TqA=,5JTFm3VqmrNfSABBs89VRvoWjgM=
-448,-27,utSZHl253EChwq1vL9cuM4d3TqA=,5JTFm3VqmrNfSABBs89VRvoWjgM=
-448,-25,utSZHl253EChwq1vL9cuM4d3TqA=,5JTFm3VqmrNfSABBs89VRvoWjgM=
-445,-29,utSZHl253EChwq1vL9cuM4d3TqA=,xT/sCwqQ/QFNQDzAQddrsjb3gk4=
-446,-28,utSZHl253EChwq1vL9cuM4d3TqA=,5JTFm3VqmrNfSABBs89VRvoWjgM=
-444,-25,utSZHl253EChwq1vL9cuM4d3TqA=,m2PMXFBQFe5qyDv0JFixPfhmCPk=
-445,-28,utSZHl253EChwq1vL9cuM4d3TqA=,5JTFm3VqmrNfSABBs89VRvoWjgM=
-447,-29,utSZHl253EChwq1vL9cuM4d3TqA=,xT/sCwqQ/QFNQDzAQddrsjb3gk4=
-446,-25,utSZHl253EChwq1vL9cuM4d3TqA=,5JTFm3VqmrNfSABBs89VRvoWjgM=
-448,-29,utSZHl253EChwq1vL9cuM4d3TqA=,xT/sCwqQ/QFNQDzAQddrsjb3gk4=
-447,-25,utSZHl253EChwq1vL9cuM4d3TqA=,5JTFm3VqmrNfSABBs89VRvoWjgM=
-446,-27,utSZHl253EChwq1vL9cuM4d3TqA=,5JTFm3VqmrNfSABBs89VRvoWjgM=
-444,-26,utSZHl253EChwq1vL9cuM4d3TqA=,m2PMXFBQFe5qyDv0JFixPfhmCPk=
-448,-28,utSZHl253EChwq1vL9cuM4d3TqA=,5JTFm3VqmrNfSABBs89VRvoWjgM=
-444,-28,utSZHl253EChwq1vL9cuM4d3TqA=,m2PMXFBQFe5qyDv0JFixPfhmCPk=
-447,-27,utSZHl253EChwq1vL9cuM4d3TqA=,5JTFm3VqmrNfSABBs89VRvoWjgM=
-439,-23,utSZHl253EChwq1vL9cuM4d3TqA=,2EYDkutq02dRaTB7nVLdHOygmQc=
-445,-27,utSZHl253EChwq1vL9cuM4d3TqA=,5JTFm3VqmrNfSABBs89VRvoWjgM=
-444,-27,utSZHl253EChwq1vL9cuM4d3TqA=,m2PMXFBQFe5qyDv0JFixPfhmCPk=
-447,-28,utSZHl253EChwq1vL9cuM4d3TqA=,5JTFm3VqmrNfSABBs89VRvoWjgM=
