-19,69,KXBIC2ePLqjMD6A2rqnuTGxyylE=,J9gFEhfqV26aef747JVO7dxNqmo=
-18,69,KXBIC2ePLqjMD6A2rqnuTGxyylE=,J9gFEhfqV26aef747JVO7dxNqmo=
-19,70,KXBIC2ePLqjMD6A2rqnuTGxyylE=,J9gFEhfqV26aef747JVO7dxNqmo=
-19,67,KXBIC2ePLqjMD6A2rqnuTGxyylE=,hZgqY4Ht39EgvpdI3vGyUpFPXnQ=
-23,65,KXBIC2ePLqjMD6A2rqnuTGxyylE=,2EOHxQYVXcBUmYZUxdTm4H4C/qk=
-22,65,KXBIC2ePLqjMD6A2rqnuTGxyylE=,2EOHxQYVXcBUmYZUxdTm4H4C/qk=
-21,65,KXBIC2ePLqjMD6A2rqnuTGxyylE=,2EOHxQYVXcBUmYZUxdTm4H4C/qk=
-23,66,KXBIC2ePLqjMD6A2rqnuTGxyylE=,2EOHxQYVXcBUmYZUxdTm4H4C/qk=
-22,66,KXBIC2ePLqjMD6A2rqnuTGxyylE=,2EOHxQYVXcBUmYZUxdTm4H4C/qk=
-21,66,KXBIC2ePLqjMD6A2rqnuTGxyylE=,2EOHxQYVXcBUmYZUxdTm4H4C/qk=
-18,70,KXBIC2ePLqjMD6A2rqnuTGxyylE=,J9gFEhfqV26aef747JVO7dxNqmo=
-20,66,KXBIC2ePLqjMD6A2rqnuTGxyylE=,hZgqY4Ht39EgvpdI3vGyUpFPXnQ=
-18,67,KXBIC2ePLqjMD6A2rqnuTGxyylE=,hZgqY4Ht39EgvpdI3vGyUpFPXnQ=
-20,65,KXBIC2ePLqjMD6A2rqnuTGxyylE=,hZgqY4Ht39EgvpdI3vGyUpFPXnQ=
-19,65,KXBIC2ePLqjMD6A2rqnuTGxyylE=,hZgqY4Ht39EgvpdI3vGyUpFPXnQ=
-18,65,KXBIC2ePLqjMD6A2rqnuTGxyylE=,hZgqY4Ht39EgvpdI3vGyUpFPXnQ=
-19,68,KXBIC2ePLqjMD6A2rqnuTGxyylE=,J9gFEhfqV26aef747JVO7dxNqmo=
-18,68,KXBIC2ePLqjMD6A2rqnuTGxyylE=,J9gFEhfqV26aef747JVO7dxNqmo=
-19,66,KXBIC2ePLqjMD6A2rqnuTGxyylE=,hZgqY4Ht39EgvpdI3vGyUpFPXnQ=
-19,64,KXBIC2ePLqjMD6A2rqnuTGxyylE=,hZgqY4Ht39EgvpdI3vGyUpFPXnQ=
-18,66,KXBIC2ePLqjMD6A2rqnuTGxyylE=,hZgqY4Ht39EgvpdI3vGyUpFPXnQ=
-18,64,KXBIC2ePLqjMD6A2rqnuTGxyylE=,hZgqY4Ht39EgvpdI3vGyUpFPXnQ=
-20,69,KXBIC2ePLqjMD6A2rqnuTGxyylE=,J9gFEhfqV26aef747JVO7dxNqmo=
-23,69,KXBIC2ePLqjMD6A2rqnuTGxyylE=,2/vaF+4DvfwvewZXI3Zf/H11vYQ=
-22,69,KXBIC2ePLqjMD6A2rqnuTGxyylE=,2/vaF+4DvfwvewZXI3Zf/H11vYQ=
-20,67,KXBIC2ePLqjMD6A2rqnuTGxyylE=,hZgqY4Ht39EgvpdI3vGyUpFPXnQ=
-21,69,KXBIC2ePLqjMD6A2rqnuTGxyylE=,2/vaF+4DvfwvewZXI3Zf/H11vYQ=
-20,70,KXBIC2ePLqjMD6A2rqnuTGxyylE=,J9gFEhfqV26aef747JVO7dxNqmo=
-23,70,KXBIC2ePLqjMD6A2rqnuTGxyylE=,2/vaF+4DvfwvewZXI3Zf/H11vYQ=
-23,67,KXBIC2ePLqjMD6A2rqnuTGxyylE=,2EOHxQYVXcBUmYZUxdTm4H4C/qk=
-22,70,KXBIC2ePLqjMD6A2rqnuTGxyylE=,2/vaF+4DvfwvewZXI3Zf/H11vYQ=
-22,67,KXBIC2ePLqjMD6A2rqnuTGxyylE=,2EOHxQYVXcBUmYZUxdTm4H4C/qk=
-21,67,KXBIC2ePLqjMD6A2rqnuTGxyylE=,2EOHxQYVXcBUmYZUxdTm4H4C/qk=
-21,70,KXBIC2ePLqjMD6A2rqnuTGxyylE=,2/vaF+4DvfwvewZXI3Zf/H11vYQ=
-20,68,KXBIC2ePLqjMD6A2rqnuTGxyylE=,J9gFEhfqV26aef747JVO7dxNqmo=
-23,68,KXBIC2ePLqjMD6A2rqnuTGxyylE=,2/vaF+4DvfwvewZXI3Zf/H11vYQ=
-22,68,KXBIC2ePLqjMD6A2rqnuTGxyylE=,2/vaF+4DvfwvewZXI3Zf/H11vYQ=
-21,68,KXBIC2ePLqjMD6A2rqnuTGxyylE=,2/vaF+4DvfwvewZXI3Zf/H11vYQ=
-31,70,KXBIC2ePLqjMD6A2rqnuTGxyylE=,gB1wd3q/XO7sTV0kEcC3Ei2riDc=
-30,70,KXBIC2ePLqjMD6A2rqnuTGxyylE=,gB1wd3q/XO7sTV0kEcC3Ei2riDc=
-31,69,KXBIC2ePLqjMD6A2rqnuTGxyylE=,gB1wd3q/XO7sTV0kEcC3Ei2riDc=
-30,69,KXBIC2ePLqjMD6A2rqnuTGxyylE=,gB1wd3q/XO7sTV0kEcC3Ei2riDc=
-24,65,KXBIC2ePLqjMD6A2rqnuTGxyylE=,2EOHxQYVXcBUmYZUxdTm4H4C/qk=
-27,65,KXBIC2ePLqjMD6A2rqnuTGxyylE=,WhbWLPxldZDaORWmSBdQ+7X+lwk=
-27,66,KXBIC2ePLqjMD6A2rqnuTGxyylE=,WhbWLPxldZDaORWmSBdQ+7X+lwk=
-24,66,KXBIC2ePLqjMD6A2rqnuTGxyylE=,2EOHxQYVXcBUmYZUxdTm4H4C/qk=
-25,65,KXBIC2ePLqjMD6A2rqnuTGxyylE=,WhbWLPxldZDaORWmSBdQ+7X+lwk=
-26,66,KXBIC2ePLqjMD6A2rqnuTGxyylE=,WhbWLPxldZDaORWmSBdQ+7X+lwk=
-25,66,KXBIC2ePLqjMD6A2rqnuTGxyylE=,WhbWLPxldZDaORWmSBdQ+7X+lwk=
-26,65,KXBIC2ePLqjMD6A2rqnuTGxyylE=,WhbWLPxldZDaORWmSBdQ+7X+lwk=
-24,69,KXBIC2ePLqjMD6A2rqnuTGxyylE=,2/vaF+4DvfwvewZXI3Zf/H11vYQ=
-25,69,KXBIC2ePLqjMD6A2rqnuTGxyylE=,tspP0cp1+DTFwEI2gz96J36Y+uM=
-29,70,KXBIC2ePLqjMD6A2rqnuTGxyylE=,gB1wd3q/XO7sTV0kEcC3Ei2riDc=
-29,69,KXBIC2ePLqjMD6A2rqnuTGxyylE=,gB1wd3q/XO7sTV0kEcC3Ei2riDc=
-25,68,KXBIC2ePLqjMD6A2rqnuTGxyylE=,tspP0cp1+DTFwEI2gz96J36Y+uM=
-27,70,KXBIC2ePLqjMD6A2rqnuTGxyylE=,tspP0cp1+DTFwEI2gz96J36Y+uM=
-27,68,KXBIC2ePLqjMD6A2rqnuTGxyylE=,tspP0cp1+DTFwEI2gz96J36Y+uM=
-28,70,KXBIC2ePLqjMD6A2rqnuTGxyylE=,tspP0cp1+DTFwEI2gz96J36Y+uM=
-24,68,KXBIC2ePLqjMD6A2rqnuTGxyylE=,2/vaF+4DvfwvewZXI3Zf/H11vYQ=
-25,70,KXBIC2ePLqjMD6A2rqnuTGxyylE=,tspP0cp1+DTFwEI2gz96J36Y+uM=
-27,69,KXBIC2ePLqjMD6A2rqnuTGxyylE=,tspP0cp1+DTFwEI2gz96J36Y+uM=
-28,69,KXBIC2ePLqjMD6A2rqnuTGxyylE=,tspP0cp1+DTFwEI2gz96J36Y+uM=
-26,68,KXBIC2ePLqjMD6A2rqnuTGxyylE=,tspP0cp1+DTFwEI2gz96J36Y+uM=
-26,69,KXBIC2ePLqjMD6A2rqnuTGxyylE=,tspP0cp1+DTFwEI2gz96J36Y+uM=
-27,67,KXBIC2ePLqjMD6A2rqnuTGxyylE=,WhbWLPxldZDaORWmSBdQ+7X+lwk=
-26,67,KXBIC2ePLqjMD6A2rqnuTGxyylE=,WhbWLPxldZDaORWmSBdQ+7X+lwk=
-24,67,KXBIC2ePLqjMD6A2rqnuTGxyylE=,2EOHxQYVXcBUmYZUxdTm4H4C/qk=
-25,67,KXBIC2ePLqjMD6A2rqnuTGxyylE=,WhbWLPxldZDaORWmSBdQ+7X+lwk=
-24,70,KXBIC2ePLqjMD6A2rqnuTGxyylE=,2/vaF+4DvfwvewZXI3Zf/H11vYQ=
-26,70,KXBIC2ePLqjMD6A2rqnuTGxyylE=,tspP0cp1+DTFwEI2gz96J36Y+uM=
-31,73,KXBIC2ePLqjMD6A2rqnuTGxyylE=,qyXEA8nw5Zfz53+7jECWVWPuhmo=
-30,71,KXBIC2ePLqjMD6A2rqnuTGxyylE=,gB1wd3q/XO7sTV0kEcC3Ei2riDc=
-31,71,KXBIC2ePLqjMD6A2rqnuTGxyylE=,gB1wd3q/XO7sTV0kEcC3Ei2riDc=
-31,72,KXBIC2ePLqjMD6A2rqnuTGxyylE=,qyXEA8nw5Zfz53+7jECWVWPuhmo=
-30,72,KXBIC2ePLqjMD6A2rqnuTGxyylE=,qyXEA8nw5Zfz53+7jECWVWPuhmo=
-30,74,KXBIC2ePLqjMD6A2rqnuTGxyylE=,qyXEA8nw5Zfz53+7jECWVWPuhmo=
-31,74,KXBIC2ePLqjMD6A2rqnuTGxyylE=,qyXEA8nw5Zfz53+7jECWVWPuhmo=
-30,73,KXBIC2ePLqjMD6A2rqnuTGxyylE=,qyXEA8nw5Zfz53+7jECWVWPuhmo=
-26,78,KXBIC2ePLqjMD6A2rqnuTGxyylE=,6orI3+qXaPgktry5bpSYq+0GVzU=
-27,77,KXBIC2ePLqjMD6A2rqnuTGxyylE=,6orI3+qXaPgktry5bpSYq+0GVzU=
-26,77,KXBIC2ePLqjMD6A2rqnuTGxyylE=,6orI3+qXaPgktry5bpSYq+0GVzU=
-27,78,KXBIC2ePLqjMD6A2rqnuTGxyylE=,6orI3+qXaPgktry5bpSYq+0GVzU=
-18,77,KXBIC2ePLqjMD6A2rqnuTGxyylE=,nsDDzBhPQA+bm2q5VJHvVhqsA4c=
-19,78,KXBIC2ePLqjMD6A2rqnuTGxyylE=,nsDDzBhPQA+bm2q5VJHvVhqsA4c=
-19,77,KXBIC2ePLqjMD6A2rqnuTGxyylE=,nsDDzBhPQA+bm2q5VJHvVhqsA4c=
-18,78,KXBIC2ePLqjMD6A2rqnuTGxyylE=,nsDDzBhPQA+bm2q5VJHvVhqsA4c=
-19,71,KXBIC2ePLqjMD6A2rqnuTGxyylE=,J9gFEhfqV26aef747JVO7dxNqmo=
-19,76,KXBIC2ePLqjMD6A2rqnuTGxyylE=,nsDDzBhPQA+bm2q5VJHvVhqsA4c=
-18,76,KXBIC2ePLqjMD6A2rqnuTGxyylE=,nsDDzBhPQA+bm2q5VJHvVhqsA4c=
-18,71,KXBIC2ePLqjMD6A2rqnuTGxyylE=,J9gFEhfqV26aef747JVO7dxNqmo=
-28,77,KXBIC2ePLqjMD6A2rqnuTGxyylE=,6orI3+qXaPgktry5bpSYq+0GVzU=
-30,75,KXBIC2ePLqjMD6A2rqnuTGxyylE=,qyXEA8nw5Zfz53+7jECWVWPuhmo=
-31,75,KXBIC2ePLqjMD6A2rqnuTGxyylE=,qyXEA8nw5Zfz53+7jECWVWPuhmo=
-28,78,KXBIC2ePLqjMD6A2rqnuTGxyylE=,6orI3+qXaPgktry5bpSYq+0GVzU=
-19,79,KXBIC2ePLqjMD6A2rqnuTGxyylE=,nsDDzBhPQA+bm2q5VJHvVhqsA4c=
-18,79,KXBIC2ePLqjMD6A2rqnuTGxyylE=,nsDDzBhPQA+bm2q5VJHvVhqsA4c=
-26,79,KXBIC2ePLqjMD6A2rqnuTGxyylE=,6orI3+qXaPgktry5bpSYq+0GVzU=
-17,65,KXBIC2ePLqjMD6A2rqnuTGxyylE=,hZgqY4Ht39EgvpdI3vGyUpFPXnQ=
-17,66,KXBIC2ePLqjMD6A2rqnuTGxyylE=,hZgqY4Ht39EgvpdI3vGyUpFPXnQ=
-17,64,KXBIC2ePLqjMD6A2rqnuTGxyylE=,hZgqY4Ht39EgvpdI3vGyUpFPXnQ=
-28,79,KXBIC2ePLqjMD6A2rqnuTGxyylE=,6orI3+qXaPgktry5bpSYq+0GVzU=
-27,79,KXBIC2ePLqjMD6A2rqnuTGxyylE=,6orI3+qXaPgktry5bpSYq+0GVzU=
-17,69,KXBIC2ePLqjMD6A2rqnuTGxyylE=,J9gFEhfqV26aef747JVO7dxNqmo=
-17,68,KXBIC2ePLqjMD6A2rqnuTGxyylE=,J9gFEhfqV26aef747JVO7dxNqmo=
-17,71,KXBIC2ePLqjMD6A2rqnuTGxyylE=,J9gFEhfqV26aef747JVO7dxNqmo=
-17,70,TMnv3sozNTeYawRkxIpTX1oKN0I=,J9gFEhfqV26aef747JVO7dxNqmo=
-17,67,TMnv3sozNTeYawRkxIpTX1oKN0I=,hZgqY4Ht39EgvpdI3vGyUpFPXnQ=
-30,65,TMnv3sozNTeYawRkxIpTX1oKN0I=,bBUVe0om/ymz4BiLhmT8pBdzoqM=
-29,65,TMnv3sozNTeYawRkxIpTX1oKN0I=,bBUVe0om/ymz4BiLhmT8pBdzoqM=
-30,67,TMnv3sozNTeYawRkxIpTX1oKN0I=,bBUVe0om/ymz4BiLhmT8pBdzoqM=
-28,67,TMnv3sozNTeYawRkxIpTX1oKN0I=,WhbWLPxldZDaORWmSBdQ+7X+lwk=
-31,66,TMnv3sozNTeYawRkxIpTX1oKN0I=,bBUVe0om/ymz4BiLhmT8pBdzoqM=
-28,66,TMnv3sozNTeYawRkxIpTX1oKN0I=,WhbWLPxldZDaORWmSBdQ+7X+lwk=
-31,65,TMnv3sozNTeYawRkxIpTX1oKN0I=,bBUVe0om/ymz4BiLhmT8pBdzoqM=
-29,67,TMnv3sozNTeYawRkxIpTX1oKN0I=,bBUVe0om/ymz4BiLhmT8pBdzoqM=
-30,66,TMnv3sozNTeYawRkxIpTX1oKN0I=,bBUVe0om/ymz4BiLhmT8pBdzoqM=
-29,66,TMnv3sozNTeYawRkxIpTX1oKN0I=,bBUVe0om/ymz4BiLhmT8pBdzoqM=
-31,67,TMnv3sozNTeYawRkxIpTX1oKN0I=,bBUVe0om/ymz4BiLhmT8pBdzoqM=
-31,68,TMnv3sozNTeYawRkxIpTX1oKN0I=,gB1wd3q/XO7sTV0kEcC3Ei2riDc=
-28,68,TMnv3sozNTeYawRkxIpTX1oKN0I=,tspP0cp1+DTFwEI2gz96J36Y+uM=
-28,65,TMnv3sozNTeYawRkxIpTX1oKN0I=,WhbWLPxldZDaORWmSBdQ+7X+lwk=
-30,68,TMnv3sozNTeYawRkxIpTX1oKN0I=,gB1wd3q/XO7sTV0kEcC3Ei2riDc=
-29,68,TMnv3sozNTeYawRkxIpTX1oKN0I=,gB1wd3q/XO7sTV0kEcC3Ei2riDc=
-31,64,TMnv3sozNTeYawRkxIpTX1oKN0I=,bBUVe0om/ymz4BiLhmT8pBdzoqM=
-30,64,TMnv3sozNTeYawRkxIpTX1oKN0I=,bBUVe0om/ymz4BiLhmT8pBdzoqM=
-21,72,TMnv3sozNTeYawRkxIpTX1oKN0I=,44T9kWEh5geXzbh6PNFzlpDwp+0=
-21,74,TMnv3sozNTeYawRkxIpTX1oKN0I=,44T9kWEh5geXzbh6PNFzlpDwp+0=
-22,72,TMnv3sozNTeYawRkxIpTX1oKN0I=,44T9kWEh5geXzbh6PNFzlpDwp+0=
-23,71,TMnv3sozNTeYawRkxIpTX1oKN0I=,2/vaF+4DvfwvewZXI3Zf/H11vYQ=
-21,73,TMnv3sozNTeYawRkxIpTX1oKN0I=,44T9kWEh5geXzbh6PNFzlpDwp+0=
-22,71,TMnv3sozNTeYawRkxIpTX1oKN0I=,2/vaF+4DvfwvewZXI3Zf/H11vYQ=
-23,72,TMnv3sozNTeYawRkxIpTX1oKN0I=,44T9kWEh5geXzbh6PNFzlpDwp+0=
-21,71,TMnv3sozNTeYawRkxIpTX1oKN0I=,2/vaF+4DvfwvewZXI3Zf/H11vYQ=
-22,73,TMnv3sozNTeYawRkxIpTX1oKN0I=,44T9kWEh5geXzbh6PNFzlpDwp+0=
-20,71,TMnv3sozNTeYawRkxIpTX1oKN0I=,J9gFEhfqV26aef747JVO7dxNqmo=
-23,74,TMnv3sozNTeYawRkxIpTX1oKN0I=,44T9kWEh5geXzbh6PNFzlpDwp+0=
-23,73,TMnv3sozNTeYawRkxIpTX1oKN0I=,44T9kWEh5geXzbh6PNFzlpDwp+0=
-20,64,TMnv3sozNTeYawRkxIpTX1oKN0I=,hZgqY4Ht39EgvpdI3vGyUpFPXnQ=
-29,64,TMnv3sozNTeYawRkxIpTX1oKN0I=,bBUVe0om/ymz4BiLhmT8pBdzoqM=
-23,64,TMnv3sozNTeYawRkxIpTX1oKN0I=,2EOHxQYVXcBUmYZUxdTm4H4C/qk=
-17,76,TMnv3sozNTeYawRkxIpTX1oKN0I=,nsDDzBhPQA+bm2q5VJHvVhqsA4c=
-17,77,TMnv3sozNTeYawRkxIpTX1oKN0I=,nsDDzBhPQA+bm2q5VJHvVhqsA4c=
-17,78,TMnv3sozNTeYawRkxIpTX1oKN0I=,nsDDzBhPQA+bm2q5VJHvVhqsA4c=
-32,70,TMnv3sozNTeYawRkxIpTX1oKN0I=,gB1wd3q/XO7sTV0kEcC3Ei2riDc=
-32,69,TMnv3sozNTeYawRkxIpTX1oKN0I=,gB1wd3q/XO7sTV0kEcC3Ei2riDc=
-32,73,TMnv3sozNTeYawRkxIpTX1oKN0I=,qyXEA8nw5Zfz53+7jECWVWPuhmo=
-32,74,TMnv3sozNTeYawRkxIpTX1oKN0I=,qyXEA8nw5Zfz53+7jECWVWPuhmo=
-32,71,TMnv3sozNTeYawRkxIpTX1oKN0I=,gB1wd3q/XO7sTV0kEcC3Ei2riDc=
-32,72,TMnv3sozNTeYawRkxIpTX1oKN0I=,qyXEA8nw5Zfz53+7jECWVWPuhmo=
-32,75,TMnv3sozNTeYawRkxIpTX1oKN0I=,qyXEA8nw5Zfz53+7jECWVWPuhmo=
-32,66,TMnv3sozNTeYawRkxIpTX1oKN0I=,bBUVe0om/ymz4BiLhmT8pBdzoqM=
-32,65,TMnv3sozNTeYawRkxIpTX1oKN0I=,bBUVe0om/ymz4BiLhmT8pBdzoqM=
-32,68,TMnv3sozNTeYawRkxIpTX1oKN0I=,gB1wd3q/XO7sTV0kEcC3Ei2riDc=
-32,67,TMnv3sozNTeYawRkxIpTX1oKN0I=,bBUVe0om/ymz4BiLhmT8pBdzoqM=
-32,64,TMnv3sozNTeYawRkxIpTX1oKN0I=,bBUVe0om/ymz4BiLhmT8pBdzoqM=
-17,79,TMnv3sozNTeYawRkxIpTX1oKN0I=,nsDDzBhPQA+bm2q5VJHvVhqsA4c=
-24,64,TMnv3sozNTeYawRkxIpTX1oKN0I=,2EOHxQYVXcBUmYZUxdTm4H4C/qk=
-28,64,TMnv3sozNTeYawRkxIpTX1oKN0I=,WhbWLPxldZDaORWmSBdQ+7X+lwk=
-27,64,TMnv3sozNTeYawRkxIpTX1oKN0I=,WhbWLPxldZDaORWmSBdQ+7X+lwk=
-22,74,TMnv3sozNTeYawRkxIpTX1oKN0I=,44T9kWEh5geXzbh6PNFzlpDwp+0=
-22,64,TMnv3sozNTeYawRkxIpTX1oKN0I=,2EOHxQYVXcBUmYZUxdTm4H4C/qk=
-21,64,TMnv3sozNTeYawRkxIpTX1oKN0I=,2EOHxQYVXcBUmYZUxdTm4H4C/qk=
-26,64,TMnv3sozNTeYawRkxIpTX1oKN0I=,WhbWLPxldZDaORWmSBdQ+7X+lwk=
-25,64,TMnv3sozNTeYawRkxIpTX1oKN0I=,WhbWLPxldZDaORWmSBdQ+7X+lwk=
-24,71,TMnv3sozNTeYawRkxIpTX1oKN0I=,2/vaF+4DvfwvewZXI3Zf/H11vYQ=
-29,71,TMnv3sozNTeYawRkxIpTX1oKN0I=,gB1wd3q/XO7sTV0kEcC3Ei2riDc=
-29,72,TMnv3sozNTeYawRkxIpTX1oKN0I=,qyXEA8nw5Zfz53+7jECWVWPuhmo=
-24,73,TMnv3sozNTeYawRkxIpTX1oKN0I=,44T9kWEh5geXzbh6PNFzlpDwp+0=
-26,76,TMnv3sozNTeYawRkxIpTX1oKN0I=,6orI3+qXaPgktry5bpSYq+0GVzU=
-25,72,TMnv3sozNTeYawRkxIpTX1oKN0I=,lUkeN7VLprSEX83K6np27XUmYWg=
-27,72,TMnv3sozNTeYawRkxIpTX1oKN0I=,lUkeN7VLprSEX83K6np27XUmYWg=
-26,72,TMnv3sozNTeYawRkxIpTX1oKN0I=,lUkeN7VLprSEX83K6np27XUmYWg=
-28,76,TMnv3sozNTeYawRkxIpTX1oKN0I=,6orI3+qXaPgktry5bpSYq+0GVzU=
-29,75,TMnv3sozNTeYawRkxIpTX1oKN0I=,qyXEA8nw5Zfz53+7jECWVWPuhmo=
-27,76,TMnv3sozNTeYawRkxIpTX1oKN0I=,6orI3+qXaPgktry5bpSYq+0GVzU=
-28,73,TMnv3sozNTeYawRkxIpTX1oKN0I=,lUkeN7VLprSEX83K6np27XUmYWg=
-24,72,TMnv3sozNTeYawRkxIpTX1oKN0I=,44T9kWEh5geXzbh6PNFzlpDwp+0=
-28,72,TMnv3sozNTeYawRkxIpTX1oKN0I=,lUkeN7VLprSEX83K6np27XUmYWg=
-24,74,TMnv3sozNTeYawRkxIpTX1oKN0I=,44T9kWEh5geXzbh6PNFzlpDwp+0=
-26,75,TMnv3sozNTeYawRkxIpTX1oKN0I=,lUkeN7VLprSEX83K6np27XUmYWg=
-27,75,TMnv3sozNTeYawRkxIpTX1oKN0I=,lUkeN7VLprSEX83K6np27XUmYWg=
-28,75,TMnv3sozNTeYawRkxIpTX1oKN0I=,lUkeN7VLprSEX83K6np27XUmYWg=
-25,71,TMnv3sozNTeYawRkxIpTX1oKN0I=,tspP0cp1+DTFwEI2gz96J36Y+uM=
-29,74,TMnv3sozNTeYawRkxIpTX1oKN0I=,qyXEA8nw5Zfz53+7jECWVWPuhmo=
-27,71,TMnv3sozNTeYawRkxIpTX1oKN0I=,tspP0cp1+DTFwEI2gz96J36Y+uM=
-26,71,TMnv3sozNTeYawRkxIpTX1oKN0I=,tspP0cp1+DTFwEI2gz96J36Y+uM=
-26,74,TMnv3sozNTeYawRkxIpTX1oKN0I=,lUkeN7VLprSEX83K6np27XUmYWg=
-27,74,TMnv3sozNTeYawRkxIpTX1oKN0I=,lUkeN7VLprSEX83K6np27XUmYWg=
-28,74,TMnv3sozNTeYawRkxIpTX1oKN0I=,lUkeN7VLprSEX83K6np27XUmYWg=
-28,71,TMnv3sozNTeYawRkxIpTX1oKN0I=,tspP0cp1+DTFwEI2gz96J36Y+uM=
-25,74,TMnv3sozNTeYawRkxIpTX1oKN0I=,lUkeN7VLprSEX83K6np27XUmYWg=
-21,78,TMnv3sozNTeYawRkxIpTX1oKN0I=,wU4VKRBKkA9ZWzW0guhsC05yvpI=
-26,73,TMnv3sozNTeYawRkxIpTX1oKN0I=,lUkeN7VLprSEX83K6np27XUmYWg=
-29,73,TMnv3sozNTeYawRkxIpTX1oKN0I=,qyXEA8nw5Zfz53+7jECWVWPuhmo=
-25,76,TMnv3sozNTeYawRkxIpTX1oKN0I=,6orI3+qXaPgktry5bpSYq+0GVzU=
-24,75,TMnv3sozNTeYawRkxIpTX1oKN0I=,44T9kWEh5geXzbh6PNFzlpDwp+0=
-22,78,TMnv3sozNTeYawRkxIpTX1oKN0I=,wU4VKRBKkA9ZWzW0guhsC05yvpI=
-21,77,TMnv3sozNTeYawRkxIpTX1oKN0I=,wU4VKRBKkA9ZWzW0guhsC05yvpI=
-20,78,TMnv3sozNTeYawRkxIpTX1oKN0I=,nsDDzBhPQA+bm2q5VJHvVhqsA4c=
-24,78,TMnv3sozNTeYawRkxIpTX1oKN0I=,wU4VKRBKkA9ZWzW0guhsC05yvpI=
-25,79,TMnv3sozNTeYawRkxIpTX1oKN0I=,6orI3+qXaPgktry5bpSYq+0GVzU=
-22,77,TMnv3sozNTeYawRkxIpTX1oKN0I=,wU4VKRBKkA9ZWzW0guhsC05yvpI=
-23,75,TMnv3sozNTeYawRkxIpTX1oKN0I=,44T9kWEh5geXzbh6PNFzlpDwp+0=
-20,79,TMnv3sozNTeYawRkxIpTX1oKN0I=,nsDDzBhPQA+bm2q5VJHvVhqsA4c=
-25,75,TMnv3sozNTeYawRkxIpTX1oKN0I=,lUkeN7VLprSEX83K6np27XUmYWg=
-21,76,TMnv3sozNTeYawRkxIpTX1oKN0I=,wU4VKRBKkA9ZWzW0guhsC05yvpI=
-23,78,TMnv3sozNTeYawRkxIpTX1oKN0I=,wU4VKRBKkA9ZWzW0guhsC05yvpI=
-20,77,TMnv3sozNTeYawRkxIpTX1oKN0I=,nsDDzBhPQA+bm2q5VJHvVhqsA4c=
-23,77,TMnv3sozNTeYawRkxIpTX1oKN0I=,wU4VKRBKkA9ZWzW0guhsC05yvpI=
-21,79,TMnv3sozNTeYawRkxIpTX1oKN0I=,wU4VKRBKkA9ZWzW0guhsC05yvpI=
-25,78,TMnv3sozNTeYawRkxIpTX1oKN0I=,6orI3+qXaPgktry5bpSYq+0GVzU=
-22,75,TMnv3sozNTeYawRkxIpTX1oKN0I=,44T9kWEh5geXzbh6PNFzlpDwp+0=
-24,77,TMnv3sozNTeYawRkxIpTX1oKN0I=,wU4VKRBKkA9ZWzW0guhsC05yvpI=
-24,79,TMnv3sozNTeYawRkxIpTX1oKN0I=,wU4VKRBKkA9ZWzW0guhsC05yvpI=
-22,76,TMnv3sozNTeYawRkxIpTX1oKN0I=,wU4VKRBKkA9ZWzW0guhsC05yvpI=
-21,75,TMnv3sozNTeYawRkxIpTX1oKN0I=,44T9kWEh5geXzbh6PNFzlpDwp+0=
-23,76,TMnv3sozNTeYawRkxIpTX1oKN0I=,wU4VKRBKkA9ZWzW0guhsC05yvpI=
-20,76,TMnv3sozNTeYawRkxIpTX1oKN0I=,nsDDzBhPQA+bm2q5VJHvVhqsA4c=
-22,79,TMnv3sozNTeYawRkxIpTX1oKN0I=,wU4VKRBKkA9ZWzW0guhsC05yvpI=
-25,77,TMnv3sozNTeYawRkxIpTX1oKN0I=,6orI3+qXaPgktry5bpSYq+0GVzU=
-27,73,TMnv3sozNTeYawRkxIpTX1oKN0I=,lUkeN7VLprSEX83K6np27XUmYWg=
-25,73,TMnv3sozNTeYawRkxIpTX1oKN0I=,lUkeN7VLprSEX83K6np27XUmYWg=
-23,79,TMnv3sozNTeYawRkxIpTX1oKN0I=,wU4VKRBKkA9ZWzW0guhsC05yvpI=
-24,76,TMnv3sozNTeYawRkxIpTX1oKN0I=,wU4VKRBKkA9ZWzW0guhsC05yvpI=
-27,86,TMnv3sozNTeYawRkxIpTX1oKN0I=,FMQACMjjUq2BOexW/4ZMUlizL4A=
-26,85,TMnv3sozNTeYawRkxIpTX1oKN0I=,FMQACMjjUq2BOexW/4ZMUlizL4A=
-27,85,TMnv3sozNTeYawRkxIpTX1oKN0I=,FMQACMjjUq2BOexW/4ZMUlizL4A=
-26,86,TMnv3sozNTeYawRkxIpTX1oKN0I=,FMQACMjjUq2BOexW/4ZMUlizL4A=
-24,85,TMnv3sozNTeYawRkxIpTX1oKN0I=,Z6acax6Famqh4I5ONRgTrZSoVKc=
-23,86,TMnv3sozNTeYawRkxIpTX1oKN0I=,Z6acax6Famqh4I5ONRgTrZSoVKc=
-22,86,TMnv3sozNTeYawRkxIpTX1oKN0I=,Z6acax6Famqh4I5ONRgTrZSoVKc=
-25,85,TMnv3sozNTeYawRkxIpTX1oKN0I=,FMQACMjjUq2BOexW/4ZMUlizL4A=
-24,86,TMnv3sozNTeYawRkxIpTX1oKN0I=,Z6acax6Famqh4I5ONRgTrZSoVKc=
-25,86,TMnv3sozNTeYawRkxIpTX1oKN0I=,FMQACMjjUq2BOexW/4ZMUlizL4A=
-23,85,TMnv3sozNTeYawRkxIpTX1oKN0I=,Z6acax6Famqh4I5ONRgTrZSoVKc=
-22,85,TMnv3sozNTeYawRkxIpTX1oKN0I=,Z6acax6Famqh4I5ONRgTrZSoVKc=
-18,86,TMnv3sozNTeYawRkxIpTX1oKN0I=,V2laZwYFCk3CERBIAP0692DWRSQ=
-19,86,TMnv3sozNTeYawRkxIpTX1oKN0I=,V2laZwYFCk3CERBIAP0692DWRSQ=
-20,86,TMnv3sozNTeYawRkxIpTX1oKN0I=,V2laZwYFCk3CERBIAP0692DWRSQ=
-18,85,TMnv3sozNTeYawRkxIpTX1oKN0I=,V2laZwYFCk3CERBIAP0692DWRSQ=
-19,85,TMnv3sozNTeYawRkxIpTX1oKN0I=,V2laZwYFCk3CERBIAP0692DWRSQ=
-21,86,TMnv3sozNTeYawRkxIpTX1oKN0I=,Z6acax6Famqh4I5ONRgTrZSoVKc=
-21,85,TMnv3sozNTeYawRkxIpTX1oKN0I=,Z6acax6Famqh4I5ONRgTrZSoVKc=
-20,85,TMnv3sozNTeYawRkxIpTX1oKN0I=,V2laZwYFCk3CERBIAP0692DWRSQ=
-19,87,TMnv3sozNTeYawRkxIpTX1oKN0I=,V2laZwYFCk3CERBIAP0692DWRSQ=
-18,87,TMnv3sozNTeYawRkxIpTX1oKN0I=,V2laZwYFCk3CERBIAP0692DWRSQ=
-18,88,TMnv3sozNTeYawRkxIpTX1oKN0I=,rChFs9tRIH2srrD4Itfq5/N4O1E=
-18,90,TMnv3sozNTeYawRkxIpTX1oKN0I=,rChFs9tRIH2srrD4Itfq5/N4O1E=
-19,89,TMnv3sozNTeYawRkxIpTX1oKN0I=,rChFs9tRIH2srrD4Itfq5/N4O1E=
-18,89,TMnv3sozNTeYawRkxIpTX1oKN0I=,rChFs9tRIH2srrD4Itfq5/N4O1E=
-19,90,TMnv3sozNTeYawRkxIpTX1oKN0I=,rChFs9tRIH2srrD4Itfq5/N4O1E=
-19,88,TMnv3sozNTeYawRkxIpTX1oKN0I=,rChFs9tRIH2srrD4Itfq5/N4O1E=
-22,90,TMnv3sozNTeYawRkxIpTX1oKN0I=,Sh0PxF1ACasGlN8PYa6RVlRfSig=
-21,90,TMnv3sozNTeYawRkxIpTX1oKN0I=,Sh0PxF1ACasGlN8PYa6RVlRfSig=
-20,87,TMnv3sozNTeYawRkxIpTX1oKN0I=,V2laZwYFCk3CERBIAP0692DWRSQ=
-20,89,TMnv3sozNTeYawRkxIpTX1oKN0I=,rChFs9tRIH2srrD4Itfq5/N4O1E=
-23,88,TMnv3sozNTeYawRkxIpTX1oKN0I=,Sh0PxF1ACasGlN8PYa6RVlRfSig=
-22,88,TMnv3sozNTeYawRkxIpTX1oKN0I=,Sh0PxF1ACasGlN8PYa6RVlRfSig=
-23,89,TMnv3sozNTeYawRkxIpTX1oKN0I=,Sh0PxF1ACasGlN8PYa6RVlRfSig=
-21,88,TMnv3sozNTeYawRkxIpTX1oKN0I=,Sh0PxF1ACasGlN8PYa6RVlRfSig=
-22,89,TMnv3sozNTeYawRkxIpTX1oKN0I=,Sh0PxF1ACasGlN8PYa6RVlRfSig=
-23,87,TMnv3sozNTeYawRkxIpTX1oKN0I=,Z6acax6Famqh4I5ONRgTrZSoVKc=
-20,88,TMnv3sozNTeYawRkxIpTX1oKN0I=,rChFs9tRIH2srrD4Itfq5/N4O1E=
-21,89,TMnv3sozNTeYawRkxIpTX1oKN0I=,Sh0PxF1ACasGlN8PYa6RVlRfSig=
-22,87,TMnv3sozNTeYawRkxIpTX1oKN0I=,Z6acax6Famqh4I5ONRgTrZSoVKc=
-20,90,TMnv3sozNTeYawRkxIpTX1oKN0I=,rChFs9tRIH2srrD4Itfq5/N4O1E=
-21,87,TMnv3sozNTeYawRkxIpTX1oKN0I=,Z6acax6Famqh4I5ONRgTrZSoVKc=
-23,90,TMnv3sozNTeYawRkxIpTX1oKN0I=,Sh0PxF1ACasGlN8PYa6RVlRfSig=
-26,84,TMnv3sozNTeYawRkxIpTX1oKN0I=,FMQACMjjUq2BOexW/4ZMUlizL4A=
-26,81,TMnv3sozNTeYawRkxIpTX1oKN0I=,Gfzfj5D5JE3LePzLePjCbJpD5L4=
-27,82,TMnv3sozNTeYawRkxIpTX1oKN0I=,Gfzfj5D5JE3LePzLePjCbJpD5L4=
-27,84,TMnv3sozNTeYawRkxIpTX1oKN0I=,FMQACMjjUq2BOexW/4ZMUlizL4A=
-26,83,TMnv3sozNTeYawRkxIpTX1oKN0I=,Gfzfj5D5JE3LePzLePjCbJpD5L4=
-27,90,TMnv3sozNTeYawRkxIpTX1oKN0I=,T3zd9wEospNgHyPKiTa0BqqRm+I=
-27,83,TMnv3sozNTeYawRkxIpTX1oKN0I=,Gfzfj5D5JE3LePzLePjCbJpD5L4=
-27,81,TMnv3sozNTeYawRkxIpTX1oKN0I=,Gfzfj5D5JE3LePzLePjCbJpD5L4=
-26,82,TMnv3sozNTeYawRkxIpTX1oKN0I=,Gfzfj5D5JE3LePzLePjCbJpD5L4=
-27,87,TMnv3sozNTeYawRkxIpTX1oKN0I=,FMQACMjjUq2BOexW/4ZMUlizL4A=
-26,90,TMnv3sozNTeYawRkxIpTX1oKN0I=,T3zd9wEospNgHyPKiTa0BqqRm+I=
-25,90,TMnv3sozNTeYawRkxIpTX1oKN0I=,T3zd9wEospNgHyPKiTa0BqqRm+I=
-26,87,TMnv3sozNTeYawRkxIpTX1oKN0I=,FMQACMjjUq2BOexW/4ZMUlizL4A=
-24,88,TMnv3sozNTeYawRkxIpTX1oKN0I=,Sh0PxF1ACasGlN8PYa6RVlRfSig=
-26,88,TMnv3sozNTeYawRkxIpTX1oKN0I=,T3zd9wEospNgHyPKiTa0BqqRm+I=
-25,88,TMnv3sozNTeYawRkxIpTX1oKN0I=,T3zd9wEospNgHyPKiTa0BqqRm+I=
-25,87,TMnv3sozNTeYawRkxIpTX1oKN0I=,FMQACMjjUq2BOexW/4ZMUlizL4A=
-24,89,TMnv3sozNTeYawRkxIpTX1oKN0I=,Sh0PxF1ACasGlN8PYa6RVlRfSig=
-27,89,TMnv3sozNTeYawRkxIpTX1oKN0I=,T3zd9wEospNgHyPKiTa0BqqRm+I=
-26,89,TMnv3sozNTeYawRkxIpTX1oKN0I=,T3zd9wEospNgHyPKiTa0BqqRm+I=
-25,89,TMnv3sozNTeYawRkxIpTX1oKN0I=,T3zd9wEospNgHyPKiTa0BqqRm+I=
-24,87,TMnv3sozNTeYawRkxIpTX1oKN0I=,Z6acax6Famqh4I5ONRgTrZSoVKc=
-27,88,TMnv3sozNTeYawRkxIpTX1oKN0I=,T3zd9wEospNgHyPKiTa0BqqRm+I=
-24,90,TMnv3sozNTeYawRkxIpTX1oKN0I=,Sh0PxF1ACasGlN8PYa6RVlRfSig=
-30,85,TMnv3sozNTeYawRkxIpTX1oKN0I=,GQUO+qlvXD1PLsPA3bRPS+9o+J4=
-30,86,TMnv3sozNTeYawRkxIpTX1oKN0I=,GQUO+qlvXD1PLsPA3bRPS+9o+J4=
-29,86,TMnv3sozNTeYawRkxIpTX1oKN0I=,GQUO+qlvXD1PLsPA3bRPS+9o+J4=
-29,85,TMnv3sozNTeYawRkxIpTX1oKN0I=,GQUO+qlvXD1PLsPA3bRPS+9o+J4=
-28,85,TMnv3sozNTeYawRkxIpTX1oKN0I=,FMQACMjjUq2BOexW/4ZMUlizL4A=
-28,86,TMnv3sozNTeYawRkxIpTX1oKN0I=,FMQACMjjUq2BOexW/4ZMUlizL4A=
-31,86,TMnv3sozNTeYawRkxIpTX1oKN0I=,GQUO+qlvXD1PLsPA3bRPS+9o+J4=
-31,85,TMnv3sozNTeYawRkxIpTX1oKN0I=,GQUO+qlvXD1PLsPA3bRPS+9o+J4=
-31,87,TMnv3sozNTeYawRkxIpTX1oKN0I=,GQUO+qlvXD1PLsPA3bRPS+9o+J4=
-30,87,TMnv3sozNTeYawRkxIpTX1oKN0I=,GQUO+qlvXD1PLsPA3bRPS+9o+J4=
-29,87,TMnv3sozNTeYawRkxIpTX1oKN0I=,GQUO+qlvXD1PLsPA3bRPS+9o+J4=
-29,82,TMnv3sozNTeYawRkxIpTX1oKN0I=,VW+kLSn8fuEgfVEHwApQvHwQgDY=
-28,82,TMnv3sozNTeYawRkxIpTX1oKN0I=,Gfzfj5D5JE3LePzLePjCbJpD5L4=
-28,81,TMnv3sozNTeYawRkxIpTX1oKN0I=,Gfzfj5D5JE3LePzLePjCbJpD5L4=
-29,81,TMnv3sozNTeYawRkxIpTX1oKN0I=,VW+kLSn8fuEgfVEHwApQvHwQgDY=
-28,83,TMnv3sozNTeYawRkxIpTX1oKN0I=,Gfzfj5D5JE3LePzLePjCbJpD5L4=
-31,83,TMnv3sozNTeYawRkxIpTX1oKN0I=,VW+kLSn8fuEgfVEHwApQvHwQgDY=
-31,84,TMnv3sozNTeYawRkxIpTX1oKN0I=,GQUO+qlvXD1PLsPA3bRPS+9o+J4=
-30,84,TMnv3sozNTeYawRkxIpTX1oKN0I=,GQUO+qlvXD1PLsPA3bRPS+9o+J4=
-31,82,AgX6QhD9DAV+VGkt7GKlcLkcMpk=,VW+kLSn8fuEgfVEHwApQvHwQgDY=
-30,83,AgX6QhD9DAV+VGkt7GKlcLkcMpk=,VW+kLSn8fuEgfVEHwApQvHwQgDY=
-31,81,AgX6QhD9DAV+VGkt7GKlcLkcMpk=,VW+kLSn8fuEgfVEHwApQvHwQgDY=
-30,81,AgX6QhD9DAV+VGkt7GKlcLkcMpk=,VW+kLSn8fuEgfVEHwApQvHwQgDY=
-30,82,AgX6QhD9DAV+VGkt7GKlcLkcMpk=,VW+kLSn8fuEgfVEHwApQvHwQgDY=
-29,84,AgX6QhD9DAV+VGkt7GKlcLkcMpk=,GQUO+qlvXD1PLsPA3bRPS+9o+J4=
-28,84,AgX6QhD9DAV+VGkt7GKlcLkcMpk=,FMQACMjjUq2BOexW/4ZMUlizL4A=
-29,83,AgX6QhD9DAV+VGkt7GKlcLkcMpk=,VW+kLSn8fuEgfVEHwApQvHwQgDY=
-29,90,AgX6QhD9DAV+VGkt7GKlcLkcMpk=,JBFrLXpC1nCQbWXECqbqYBN8vyE=
-30,90,AgX6QhD9DAV+VGkt7GKlcLkcMpk=,JBFrLXpC1nCQbWXECqbqYBN8vyE=
-31,90,AgX6QhD9DAV+VGkt7GKlcLkcMpk=,JBFrLXpC1nCQbWXECqbqYBN8vyE=
-28,87,AgX6QhD9DAV+VGkt7GKlcLkcMpk=,FMQACMjjUq2BOexW/4ZMUlizL4A=
-28,88,AgX6QhD9DAV+VGkt7GKlcLkcMpk=,T3zd9wEospNgHyPKiTa0BqqRm+I=
-29,89,AgX6QhD9DAV+VGkt7GKlcLkcMpk=,JBFrLXpC1nCQbWXECqbqYBN8vyE=
-28,90,AgX6QhD9DAV+VGkt7GKlcLkcMpk=,T3zd9wEospNgHyPKiTa0BqqRm+I=
-30,89,AgX6QhD9DAV+VGkt7GKlcLkcMpk=,JBFrLXpC1nCQbWXECqbqYBN8vyE=
-31,89,AgX6QhD9DAV+VGkt7GKlcLkcMpk=,JBFrLXpC1nCQbWXECqbqYBN8vyE=
-31,88,AgX6QhD9DAV+VGkt7GKlcLkcMpk=,JBFrLXpC1nCQbWXECqbqYBN8vyE=
-28,89,AgX6QhD9DAV+VGkt7GKlcLkcMpk=,T3zd9wEospNgHyPKiTa0BqqRm+I=
-29,88,AgX6QhD9DAV+VGkt7GKlcLkcMpk=,JBFrLXpC1nCQbWXECqbqYBN8vyE=
-30,88,AgX6QhD9DAV+VGkt7GKlcLkcMpk=,JBFrLXpC1nCQbWXECqbqYBN8vyE=
-17,88,AgX6QhD9DAV+VGkt7GKlcLkcMpk=,rChFs9tRIH2srrD4Itfq5/N4O1E=
-17,87,AgX6QhD9DAV+VGkt7GKlcLkcMpk=,V2laZwYFCk3CERBIAP0692DWRSQ=
-17,89,AgX6QhD9DAV+VGkt7GKlcLkcMpk=,rChFs9tRIH2srrD4Itfq5/N4O1E=
-17,90,AgX6QhD9DAV+VGkt7GKlcLkcMpk=,rChFs9tRIH2srrD4Itfq5/N4O1E=
-23,91,AgX6QhD9DAV+VGkt7GKlcLkcMpk=,Sh0PxF1ACasGlN8PYa6RVlRfSig=
-22,91,AgX6QhD9DAV+VGkt7GKlcLkcMpk=,Sh0PxF1ACasGlN8PYa6RVlRfSig=
-17,85,AgX6QhD9DAV+VGkt7GKlcLkcMpk=,V2laZwYFCk3CERBIAP0692DWRSQ=
-17,86,AgX6QhD9DAV+VGkt7GKlcLkcMpk=,V2laZwYFCk3CERBIAP0692DWRSQ=
-31,80,AgX6QhD9DAV+VGkt7GKlcLkcMpk=,VW+kLSn8fuEgfVEHwApQvHwQgDY=
-30,80,AgX6QhD9DAV+VGkt7GKlcLkcMpk=,VW+kLSn8fuEgfVEHwApQvHwQgDY=
-29,80,AgX6QhD9DAV+VGkt7GKlcLkcMpk=,VW+kLSn8fuEgfVEHwApQvHwQgDY=
-28,80,AgX6QhD9DAV+VGkt7GKlcLkcMpk=,Gfzfj5D5JE3LePzLePjCbJpD5L4=
-26,80,AgX6QhD9DAV+VGkt7GKlcLkcMpk=,Gfzfj5D5JE3LePzLePjCbJpD5L4=
-27,80,AgX6QhD9DAV+VGkt7GKlcLkcMpk=,Gfzfj5D5JE3LePzLePjCbJpD5L4=
-32,90,AgX6QhD9DAV+VGkt7GKlcLkcMpk=,JBFrLXpC1nCQbWXECqbqYBN8vyE=
-32,89,AgX6QhD9DAV+VGkt7GKlcLkcMpk=,JBFrLXpC1nCQbWXECqbqYBN8vyE=
-32,87,AgX6QhD9DAV+VGkt7GKlcLkcMpk=,GQUO+qlvXD1PLsPA3bRPS+9o+J4=
-32,88,AgX6QhD9DAV+VGkt7GKlcLkcMpk=,JBFrLXpC1nCQbWXECqbqYBN8vyE=
-32,86,AgX6QhD9DAV+VGkt7GKlcLkcMpk=,GQUO+qlvXD1PLsPA3bRPS+9o+J4=
-32,85,AgX6QhD9DAV+VGkt7GKlcLkcMpk=,GQUO+qlvXD1PLsPA3bRPS+9o+J4=
-31,91,AgX6QhD9DAV+VGkt7GKlcLkcMpk=,JBFrLXpC1nCQbWXECqbqYBN8vyE=
-30,91,AgX6QhD9DAV+VGkt7GKlcLkcMpk=,JBFrLXpC1nCQbWXECqbqYBN8vyE=
-32,91,AgX6QhD9DAV+VGkt7GKlcLkcMpk=,JBFrLXpC1nCQbWXECqbqYBN8vyE=
-28,91,AgX6QhD9DAV+VGkt7GKlcLkcMpk=,T3zd9wEospNgHyPKiTa0BqqRm+I=
-27,91,AgX6QhD9DAV+VGkt7GKlcLkcMpk=,T3zd9wEospNgHyPKiTa0BqqRm+I=
-26,91,AgX6QhD9DAV+VGkt7GKlcLkcMpk=,T3zd9wEospNgHyPKiTa0BqqRm+I=
-24,91,AgX6QhD9DAV+VGkt7GKlcLkcMpk=,Sh0PxF1ACasGlN8PYa6RVlRfSig=
-25,91,AgX6QhD9DAV+VGkt7GKlcLkcMpk=,T3zd9wEospNgHyPKiTa0BqqRm+I=
-29,91,AgX6QhD9DAV+VGkt7GKlcLkcMpk=,JBFrLXpC1nCQbWXECqbqYBN8vyE=
-32,82,AgX6QhD9DAV+VGkt7GKlcLkcMpk=,VW+kLSn8fuEgfVEHwApQvHwQgDY=
-32,84,AgX6QhD9DAV+VGkt7GKlcLkcMpk=,GQUO+qlvXD1PLsPA3bRPS+9o+J4=
-32,81,AgX6QhD9DAV+VGkt7GKlcLkcMpk=,VW+kLSn8fuEgfVEHwApQvHwQgDY=
-32,83,AgX6QhD9DAV+VGkt7GKlcLkcMpk=,VW+kLSn8fuEgfVEHwApQvHwQgDY=
-22,84,AgX6QhD9DAV+VGkt7GKlcLkcMpk=,Z6acax6Famqh4I5ONRgTrZSoVKc=
-32,80,AgX6QhD9DAV+VGkt7GKlcLkcMpk=,VW+kLSn8fuEgfVEHwApQvHwQgDY=
-18,92,AgX6QhD9DAV+VGkt7GKlcLkcMpk=,rw8Cm14TtAse0Ei5gmr78bE+iLw=
-17,92,AgX6QhD9DAV+VGkt7GKlcLkcMpk=,rw8Cm14TtAse0Ei5gmr78bE+iLw=
-20,93,AgX6QhD9DAV+VGkt7GKlcLkcMpk=,rw8Cm14TtAse0Ei5gmr78bE+iLw=
-19,93,AgX6QhD9DAV+VGkt7GKlcLkcMpk=,rw8Cm14TtAse0Ei5gmr78bE+iLw=
-18,93,AgX6QhD9DAV+VGkt7GKlcLkcMpk=,rw8Cm14TtAse0Ei5gmr78bE+iLw=
-17,93,AgX6QhD9DAV+VGkt7GKlcLkcMpk=,rw8Cm14TtAse0Ei5gmr78bE+iLw=
-20,94,AgX6QhD9DAV+VGkt7GKlcLkcMpk=,rw8Cm14TtAse0Ei5gmr78bE+iLw=
-19,94,AgX6QhD9DAV+VGkt7GKlcLkcMpk=,rw8Cm14TtAse0Ei5gmr78bE+iLw=
-25,84,AgX6QhD9DAV+VGkt7GKlcLkcMpk=,FMQACMjjUq2BOexW/4ZMUlizL4A=
-24,84,AgX6QhD9DAV+VGkt7GKlcLkcMpk=,Z6acax6Famqh4I5ONRgTrZSoVKc=
-23,84,AgX6QhD9DAV+VGkt7GKlcLkcMpk=,Z6acax6Famqh4I5ONRgTrZSoVKc=
-22,80,AgX6QhD9DAV+VGkt7GKlcLkcMpk=,pBMnooPgjFLZQ+6FxrF0ua5e/Sg=
-19,92,AgX6QhD9DAV+VGkt7GKlcLkcMpk=,rw8Cm14TtAse0Ei5gmr78bE+iLw=
-20,92,AgX6QhD9DAV+VGkt7GKlcLkcMpk=,rw8Cm14TtAse0Ei5gmr78bE+iLw=
-18,91,AgX6QhD9DAV+VGkt7GKlcLkcMpk=,rChFs9tRIH2srrD4Itfq5/N4O1E=
-19,91,AgX6QhD9DAV+VGkt7GKlcLkcMpk=,rChFs9tRIH2srrD4Itfq5/N4O1E=
-18,94,AgX6QhD9DAV+VGkt7GKlcLkcMpk=,rw8Cm14TtAse0Ei5gmr78bE+iLw=
-17,91,AgX6QhD9DAV+VGkt7GKlcLkcMpk=,rChFs9tRIH2srrD4Itfq5/N4O1E=
-21,91,AgX6QhD9DAV+VGkt7GKlcLkcMpk=,Sh0PxF1ACasGlN8PYa6RVlRfSig=
-17,95,AgX6QhD9DAV+VGkt7GKlcLkcMpk=,rw8Cm14TtAse0Ei5gmr78bE+iLw=
-25,80,AgX6QhD9DAV+VGkt7GKlcLkcMpk=,Gfzfj5D5JE3LePzLePjCbJpD5L4=
-20,91,AgX6QhD9DAV+VGkt7GKlcLkcMpk=,rChFs9tRIH2srrD4Itfq5/N4O1E=
-17,94,AgX6QhD9DAV+VGkt7GKlcLkcMpk=,rw8Cm14TtAse0Ei5gmr78bE+iLw=
-20,95,AgX6QhD9DAV+VGkt7GKlcLkcMpk=,rw8Cm14TtAse0Ei5gmr78bE+iLw=
-24,80,AgX6QhD9DAV+VGkt7GKlcLkcMpk=,pBMnooPgjFLZQ+6FxrF0ua5e/Sg=
-22,83,AgX6QhD9DAV+VGkt7GKlcLkcMpk=,pBMnooPgjFLZQ+6FxrF0ua5e/Sg=
-19,95,AgX6QhD9DAV+VGkt7GKlcLkcMpk=,rw8Cm14TtAse0Ei5gmr78bE+iLw=
-23,83,AgX6QhD9DAV+VGkt7GKlcLkcMpk=,pBMnooPgjFLZQ+6FxrF0ua5e/Sg=
-24,83,AgX6QhD9DAV+VGkt7GKlcLkcMpk=,pBMnooPgjFLZQ+6FxrF0ua5e/Sg=
-18,95,AgX6QhD9DAV+VGkt7GKlcLkcMpk=,rw8Cm14TtAse0Ei5gmr78bE+iLw=
-25,83,AgX6QhD9DAV+VGkt7GKlcLkcMpk=,Gfzfj5D5JE3LePzLePjCbJpD5L4=
-23,80,AgX6QhD9DAV+VGkt7GKlcLkcMpk=,pBMnooPgjFLZQ+6FxrF0ua5e/Sg=
-22,82,AgX6QhD9DAV+VGkt7GKlcLkcMpk=,pBMnooPgjFLZQ+6FxrF0ua5e/Sg=
-24,82,AgX6QhD9DAV+VGkt7GKlcLkcMpk=,pBMnooPgjFLZQ+6FxrF0ua5e/Sg=
-25,81,AgX6QhD9DAV+VGkt7GKlcLkcMpk=,Gfzfj5D5JE3LePzLePjCbJpD5L4=
-22,81,AgX6QhD9DAV+VGkt7GKlcLkcMpk=,pBMnooPgjFLZQ+6FxrF0ua5e/Sg=
-23,82,AgX6QhD9DAV+VGkt7GKlcLkcMpk=,pBMnooPgjFLZQ+6FxrF0ua5e/Sg=
-25,82,AgX6QhD9DAV+VGkt7GKlcLkcMpk=,Gfzfj5D5JE3LePzLePjCbJpD5L4=
-24,81,AgX6QhD9DAV+VGkt7GKlcLkcMpk=,pBMnooPgjFLZQ+6FxrF0ua5e/Sg=
-23,81,AgX6QhD9DAV+VGkt7GKlcLkcMpk=,pBMnooPgjFLZQ+6FxrF0ua5e/Sg=
-19,82,AgX6QhD9DAV+VGkt7GKlcLkcMpk=,Lnvfguo1N5t3YH0GqJtDTsJkFGE=
-20,82,AgX6QhD9DAV+VGkt7GKlcLkcMpk=,Lnvfguo1N5t3YH0GqJtDTsJkFGE=
-19,84,AgX6QhD9DAV+VGkt7GKlcLkcMpk=,V2laZwYFCk3CERBIAP0692DWRSQ=
-18,81,AgX6QhD9DAV+VGkt7GKlcLkcMpk=,Lnvfguo1N5t3YH0GqJtDTsJkFGE=
-19,81,AgX6QhD9DAV+VGkt7GKlcLkcMpk=,Lnvfguo1N5t3YH0GqJtDTsJkFGE=
-21,83,AgX6QhD9DAV+VGkt7GKlcLkcMpk=,pBMnooPgjFLZQ+6FxrF0ua5e/Sg=
-20,81,AgX6QhD9DAV+VGkt7GKlcLkcMpk=,Lnvfguo1N5t3YH0GqJtDTsJkFGE=
-21,82,AgX6QhD9DAV+VGkt7GKlcLkcMpk=,pBMnooPgjFLZQ+6FxrF0ua5e/Sg=
-19,80,AgX6QhD9DAV+VGkt7GKlcLkcMpk=,Lnvfguo1N5t3YH0GqJtDTsJkFGE=
-18,80,AgX6QhD9DAV+VGkt7GKlcLkcMpk=,Lnvfguo1N5t3YH0GqJtDTsJkFGE=
-21,81,AgX6QhD9DAV+VGkt7GKlcLkcMpk=,pBMnooPgjFLZQ+6FxrF0ua5e/Sg=
-21,84,AgX6QhD9DAV+VGkt7GKlcLkcMpk=,Z6acax6Famqh4I5ONRgTrZSoVKc=
-18,83,AgX6QhD9DAV+VGkt7GKlcLkcMpk=,Lnvfguo1N5t3YH0GqJtDTsJkFGE=
-20,80,AgX6QhD9DAV+VGkt7GKlcLkcMpk=,Lnvfguo1N5t3YH0GqJtDTsJkFGE=
-17,83,AgX6QhD9DAV+VGkt7GKlcLkcMpk=,Lnvfguo1N5t3YH0GqJtDTsJkFGE=
-17,84,AgX6QhD9DAV+VGkt7GKlcLkcMpk=,V2laZwYFCk3CERBIAP0692DWRSQ=
-20,84,AgX6QhD9DAV+VGkt7GKlcLkcMpk=,V2laZwYFCk3CERBIAP0692DWRSQ=
-21,80,AgX6QhD9DAV+VGkt7GKlcLkcMpk=,pBMnooPgjFLZQ+6FxrF0ua5e/Sg=
-18,84,AgX6QhD9DAV+VGkt7GKlcLkcMpk=,V2laZwYFCk3CERBIAP0692DWRSQ=
-19,83,AgX6QhD9DAV+VGkt7GKlcLkcMpk=,Lnvfguo1N5t3YH0GqJtDTsJkFGE=
-17,80,AgX6QhD9DAV+VGkt7GKlcLkcMpk=,Lnvfguo1N5t3YH0GqJtDTsJkFGE=
-17,81,AgX6QhD9DAV+VGkt7GKlcLkcMpk=,Lnvfguo1N5t3YH0GqJtDTsJkFGE=
-18,82,AgX6QhD9DAV+VGkt7GKlcLkcMpk=,Lnvfguo1N5t3YH0GqJtDTsJkFGE=
-20,83,AgX6QhD9DAV+VGkt7GKlcLkcMpk=,Lnvfguo1N5t3YH0GqJtDTsJkFGE=
-17,82,AgX6QhD9DAV+VGkt7GKlcLkcMpk=,Lnvfguo1N5t3YH0GqJtDTsJkFGE=
-11,90,Wers99DLxMUb+rNnjMSHZzFEkLY=,1bji1eEykLAPUpYFQBAjFXH18jQ=
-10,89,Wers99DLxMUb+rNnjMSHZzFEkLY=,1bji1eEykLAPUpYFQBAjFXH18jQ=
-11,89,Wers99DLxMUb+rNnjMSHZzFEkLY=,1bji1eEykLAPUpYFQBAjFXH18jQ=
-10,90,Wers99DLxMUb+rNnjMSHZzFEkLY=,1bji1eEykLAPUpYFQBAjFXH18jQ=
-15,86,Wers99DLxMUb+rNnjMSHZzFEkLY=,w+6daClYfTQ19wq+Zx4VZ17MWF4=
-15,85,Wers99DLxMUb+rNnjMSHZzFEkLY=,w+6daClYfTQ19wq+Zx4VZ17MWF4=
-14,85,Wers99DLxMUb+rNnjMSHZzFEkLY=,w+6daClYfTQ19wq+Zx4VZ17MWF4=
-14,86,Wers99DLxMUb+rNnjMSHZzFEkLY=,w+6daClYfTQ19wq+Zx4VZ17MWF4=
-12,86,Wers99DLxMUb+rNnjMSHZzFEkLY=,lhrbYLSoJSH01ZRSTyuPXw23S5g=
-13,86,Wers99DLxMUb+rNnjMSHZzFEkLY=,w+6daClYfTQ19wq+Zx4VZ17MWF4=
-10,88,Wers99DLxMUb+rNnjMSHZzFEkLY=,1bji1eEykLAPUpYFQBAjFXH18jQ=
-10,85,Wers99DLxMUb+rNnjMSHZzFEkLY=,lhrbYLSoJSH01ZRSTyuPXw23S5g=
-11,85,Wers99DLxMUb+rNnjMSHZzFEkLY=,lhrbYLSoJSH01ZRSTyuPXw23S5g=
-12,85,Wers99DLxMUb+rNnjMSHZzFEkLY=,lhrbYLSoJSH01ZRSTyuPXw23S5g=
-13,85,Wers99DLxMUb+rNnjMSHZzFEkLY=,w+6daClYfTQ19wq+Zx4VZ17MWF4=
-11,88,Wers99DLxMUb+rNnjMSHZzFEkLY=,1bji1eEykLAPUpYFQBAjFXH18jQ=
-11,87,Wers99DLxMUb+rNnjMSHZzFEkLY=,lhrbYLSoJSH01ZRSTyuPXw23S5g=
-10,86,Wers99DLxMUb+rNnjMSHZzFEkLY=,lhrbYLSoJSH01ZRSTyuPXw23S5g=
-10,87,Wers99DLxMUb+rNnjMSHZzFEkLY=,lhrbYLSoJSH01ZRSTyuPXw23S5g=
-11,86,Wers99DLxMUb+rNnjMSHZzFEkLY=,lhrbYLSoJSH01ZRSTyuPXw23S5g=
-12,89,Wers99DLxMUb+rNnjMSHZzFEkLY=,1bji1eEykLAPUpYFQBAjFXH18jQ=
-13,90,Wers99DLxMUb+rNnjMSHZzFEkLY=,uGDdfpqARrsYT+qQsn6hjBgscSI=
-13,89,Wers99DLxMUb+rNnjMSHZzFEkLY=,uGDdfpqARrsYT+qQsn6hjBgscSI=
-12,90,Wers99DLxMUb+rNnjMSHZzFEkLY=,1bji1eEykLAPUpYFQBAjFXH18jQ=
-14,88,Wers99DLxMUb+rNnjMSHZzFEkLY=,uGDdfpqARrsYT+qQsn6hjBgscSI=
-13,87,Wers99DLxMUb+rNnjMSHZzFEkLY=,w+6daClYfTQ19wq+Zx4VZ17MWF4=
-13,88,Wers99DLxMUb+rNnjMSHZzFEkLY=,uGDdfpqARrsYT+qQsn6hjBgscSI=
-14,87,Wers99DLxMUb+rNnjMSHZzFEkLY=,w+6daClYfTQ19wq+Zx4VZ17MWF4=
-15,88,Wers99DLxMUb+rNnjMSHZzFEkLY=,uGDdfpqARrsYT+qQsn6hjBgscSI=
-15,89,Wers99DLxMUb+rNnjMSHZzFEkLY=,uGDdfpqARrsYT+qQsn6hjBgscSI=
-15,87,Wers99DLxMUb+rNnjMSHZzFEkLY=,w+6daClYfTQ19wq+Zx4VZ17MWF4=
-12,87,Wers99DLxMUb+rNnjMSHZzFEkLY=,lhrbYLSoJSH01ZRSTyuPXw23S5g=
-14,89,Wers99DLxMUb+rNnjMSHZzFEkLY=,uGDdfpqARrsYT+qQsn6hjBgscSI=
-12,88,Wers99DLxMUb+rNnjMSHZzFEkLY=,1bji1eEykLAPUpYFQBAjFXH18jQ=
-15,90,Wers99DLxMUb+rNnjMSHZzFEkLY=,uGDdfpqARrsYT+qQsn6hjBgscSI=
-14,90,Wers99DLxMUb+rNnjMSHZzFEkLY=,uGDdfpqARrsYT+qQsn6hjBgscSI=
-9,86,Wers99DLxMUb+rNnjMSHZzFEkLY=,lhrbYLSoJSH01ZRSTyuPXw23S5g=
-8,85,Wers99DLxMUb+rNnjMSHZzFEkLY=,4A0or14I2jsjxWf9FSl9Cn/XQQY=
-7,85,Wers99DLxMUb+rNnjMSHZzFEkLY=,4A0or14I2jsjxWf9FSl9Cn/XQQY=
-6,85,Wers99DLxMUb+rNnjMSHZzFEkLY=,4A0or14I2jsjxWf9FSl9Cn/XQQY=
-8,86,Wers99DLxMUb+rNnjMSHZzFEkLY=,4A0or14I2jsjxWf9FSl9Cn/XQQY=
-7,86,Wers99DLxMUb+rNnjMSHZzFEkLY=,4A0or14I2jsjxWf9FSl9Cn/XQQY=
-6,86,Wers99DLxMUb+rNnjMSHZzFEkLY=,4A0or14I2jsjxWf9FSl9Cn/XQQY=
-9,85,Wers99DLxMUb+rNnjMSHZzFEkLY=,lhrbYLSoJSH01ZRSTyuPXw23S5g=
-8,89,Wers99DLxMUb+rNnjMSHZzFEkLY=,I31OE2k2lyFUg33JdYTGk1jvI6E=
-7,89,Wers99DLxMUb+rNnjMSHZzFEkLY=,I31OE2k2lyFUg33JdYTGk1jvI6E=
-6,89,Wers99DLxMUb+rNnjMSHZzFEkLY=,I31OE2k2lyFUg33JdYTGk1jvI6E=
-9,88,Wers99DLxMUb+rNnjMSHZzFEkLY=,1bji1eEykLAPUpYFQBAjFXH18jQ=
-8,90,Wers99DLxMUb+rNnjMSHZzFEkLY=,I31OE2k2lyFUg33JdYTGk1jvI6E=
-9,87,Wers99DLxMUb+rNnjMSHZzFEkLY=,lhrbYLSoJSH01ZRSTyuPXw23S5g=
-7,90,Wers99DLxMUb+rNnjMSHZzFEkLY=,I31OE2k2lyFUg33JdYTGk1jvI6E=
-6,90,Wers99DLxMUb+rNnjMSHZzFEkLY=,I31OE2k2lyFUg33JdYTGk1jvI6E=
-8,88,Wers99DLxMUb+rNnjMSHZzFEkLY=,I31OE2k2lyFUg33JdYTGk1jvI6E=
-9,90,Wers99DLxMUb+rNnjMSHZzFEkLY=,1bji1eEykLAPUpYFQBAjFXH18jQ=
-8,87,Wers99DLxMUb+rNnjMSHZzFEkLY=,4A0or14I2jsjxWf9FSl9Cn/XQQY=
-7,87,Wers99DLxMUb+rNnjMSHZzFEkLY=,4A0or14I2jsjxWf9FSl9Cn/XQQY=
-6,87,Wers99DLxMUb+rNnjMSHZzFEkLY=,4A0or14I2jsjxWf9FSl9Cn/XQQY=
-7,88,Wers99DLxMUb+rNnjMSHZzFEkLY=,I31OE2k2lyFUg33JdYTGk1jvI6E=
-6,88,Wers99DLxMUb+rNnjMSHZzFEkLY=,I31OE2k2lyFUg33JdYTGk1jvI6E=
-9,89,Wers99DLxMUb+rNnjMSHZzFEkLY=,1bji1eEykLAPUpYFQBAjFXH18jQ=
-5,89,Wers99DLxMUb+rNnjMSHZzFEkLY=,I31OE2k2lyFUg33JdYTGk1jvI6E=
-5,90,Wers99DLxMUb+rNnjMSHZzFEkLY=,I31OE2k2lyFUg33JdYTGk1jvI6E=
-4,89,Wers99DLxMUb+rNnjMSHZzFEkLY=,pOqfjFxBXYpakKvR2vDjtmx8QZM=
-3,89,Wers99DLxMUb+rNnjMSHZzFEkLY=,pOqfjFxBXYpakKvR2vDjtmx8QZM=
-2,89,Wers99DLxMUb+rNnjMSHZzFEkLY=,pOqfjFxBXYpakKvR2vDjtmx8QZM=
-4,90,Wers99DLxMUb+rNnjMSHZzFEkLY=,pOqfjFxBXYpakKvR2vDjtmx8QZM=
-3,90,Wers99DLxMUb+rNnjMSHZzFEkLY=,pOqfjFxBXYpakKvR2vDjtmx8QZM=
-2,90,Wers99DLxMUb+rNnjMSHZzFEkLY=,pOqfjFxBXYpakKvR2vDjtmx8QZM=
-4,85,Wers99DLxMUb+rNnjMSHZzFEkLY=,dfnCb3egGJK0M/TZsMdpiBpBjLs=
-3,85,Wers99DLxMUb+rNnjMSHZzFEkLY=,dfnCb3egGJK0M/TZsMdpiBpBjLs=
-2,85,Wers99DLxMUb+rNnjMSHZzFEkLY=,dfnCb3egGJK0M/TZsMdpiBpBjLs=
-5,88,Wers99DLxMUb+rNnjMSHZzFEkLY=,I31OE2k2lyFUg33JdYTGk1jvI6E=
-2,87,Wers99DLxMUb+rNnjMSHZzFEkLY=,dfnCb3egGJK0M/TZsMdpiBpBjLs=
-2,86,Wers99DLxMUb+rNnjMSHZzFEkLY=,dfnCb3egGJK0M/TZsMdpiBpBjLs=
-5,85,Wers99DLxMUb+rNnjMSHZzFEkLY=,4A0or14I2jsjxWf9FSl9Cn/XQQY=
-5,87,Wers99DLxMUb+rNnjMSHZzFEkLY=,4A0or14I2jsjxWf9FSl9Cn/XQQY=
-5,86,Wers99DLxMUb+rNnjMSHZzFEkLY=,4A0or14I2jsjxWf9FSl9Cn/XQQY=
-3,87,Wers99DLxMUb+rNnjMSHZzFEkLY=,dfnCb3egGJK0M/TZsMdpiBpBjLs=
-3,86,Wers99DLxMUb+rNnjMSHZzFEkLY=,dfnCb3egGJK0M/TZsMdpiBpBjLs=
-4,87,Wers99DLxMUb+rNnjMSHZzFEkLY=,dfnCb3egGJK0M/TZsMdpiBpBjLs=
-2,88,Wers99DLxMUb+rNnjMSHZzFEkLY=,pOqfjFxBXYpakKvR2vDjtmx8QZM=
-4,88,Wers99DLxMUb+rNnjMSHZzFEkLY=,pOqfjFxBXYpakKvR2vDjtmx8QZM=
-4,86,Wers99DLxMUb+rNnjMSHZzFEkLY=,dfnCb3egGJK0M/TZsMdpiBpBjLs=
-3,88,Wers99DLxMUb+rNnjMSHZzFEkLY=,pOqfjFxBXYpakKvR2vDjtmx8QZM=
-3,93,Wers99DLxMUb+rNnjMSHZzFEkLY=,GS0ekO7N5lzOc0YO9H/hG7I79Z0=
-2,93,Wers99DLxMUb+rNnjMSHZzFEkLY=,GS0ekO7N5lzOc0YO9H/hG7I79Z0=
-3,91,Wers99DLxMUb+rNnjMSHZzFEkLY=,pOqfjFxBXYpakKvR2vDjtmx8QZM=
-2,91,Wers99DLxMUb+rNnjMSHZzFEkLY=,pOqfjFxBXYpakKvR2vDjtmx8QZM=
-3,92,Wers99DLxMUb+rNnjMSHZzFEkLY=,GS0ekO7N5lzOc0YO9H/hG7I79Z0=
-2,92,Wers99DLxMUb+rNnjMSHZzFEkLY=,GS0ekO7N5lzOc0YO9H/hG7I79Z0=
-3,94,Wers99DLxMUb+rNnjMSHZzFEkLY=,GS0ekO7N5lzOc0YO9H/hG7I79Z0=
-2,94,Wers99DLxMUb+rNnjMSHZzFEkLY=,GS0ekO7N5lzOc0YO9H/hG7I79Z0=
-11,82,Wers99DLxMUb+rNnjMSHZzFEkLY=,3uWYWj+s31m0v621Eq6TC+JvjAo=
-10,82,Wers99DLxMUb+rNnjMSHZzFEkLY=,3uWYWj+s31m0v621Eq6TC+JvjAo=
-11,83,Wers99DLxMUb+rNnjMSHZzFEkLY=,3uWYWj+s31m0v621Eq6TC+JvjAo=
-11,84,Wers99DLxMUb+rNnjMSHZzFEkLY=,lhrbYLSoJSH01ZRSTyuPXw23S5g=
-11,81,Wers99DLxMUb+rNnjMSHZzFEkLY=,3uWYWj+s31m0v621Eq6TC+JvjAo=
-10,83,Wers99DLxMUb+rNnjMSHZzFEkLY=,3uWYWj+s31m0v621Eq6TC+JvjAo=
-10,84,Wers99DLxMUb+rNnjMSHZzFEkLY=,lhrbYLSoJSH01ZRSTyuPXw23S5g=
-10,81,Wers99DLxMUb+rNnjMSHZzFEkLY=,3uWYWj+s31m0v621Eq6TC+JvjAo=
-4,93,Wers99DLxMUb+rNnjMSHZzFEkLY=,GS0ekO7N5lzOc0YO9H/hG7I79Z0=
-7,93,Wers99DLxMUb+rNnjMSHZzFEkLY=,uf46koM6DqWG0jzUqlJYbNp+ZT0=
-7,91,Wers99DLxMUb+rNnjMSHZzFEkLY=,I31OE2k2lyFUg33JdYTGk1jvI6E=
-6,91,Wers99DLxMUb+rNnjMSHZzFEkLY=,I31OE2k2lyFUg33JdYTGk1jvI6E=
-4,91,Wers99DLxMUb+rNnjMSHZzFEkLY=,pOqfjFxBXYpakKvR2vDjtmx8QZM=
-5,94,Wers99DLxMUb+rNnjMSHZzFEkLY=,uf46koM6DqWG0jzUqlJYbNp+ZT0=
-6,94,Wers99DLxMUb+rNnjMSHZzFEkLY=,uf46koM6DqWG0jzUqlJYbNp+ZT0=
-5,92,Wers99DLxMUb+rNnjMSHZzFEkLY=,uf46koM6DqWG0jzUqlJYbNp+ZT0=
-5,91,Wers99DLxMUb+rNnjMSHZzFEkLY=,I31OE2k2lyFUg33JdYTGk1jvI6E=
-6,93,Wers99DLxMUb+rNnjMSHZzFEkLY=,uf46koM6DqWG0jzUqlJYbNp+ZT0=
-7,92,Wers99DLxMUb+rNnjMSHZzFEkLY=,uf46koM6DqWG0jzUqlJYbNp+ZT0=
-4,94,Wers99DLxMUb+rNnjMSHZzFEkLY=,GS0ekO7N5lzOc0YO9H/hG7I79Z0=
-7,94,Wers99DLxMUb+rNnjMSHZzFEkLY=,uf46koM6DqWG0jzUqlJYbNp+ZT0=
-4,92,Wers99DLxMUb+rNnjMSHZzFEkLY=,GS0ekO7N5lzOc0YO9H/hG7I79Z0=
-6,92,Wers99DLxMUb+rNnjMSHZzFEkLY=,uf46koM6DqWG0jzUqlJYbNp+ZT0=
-8,93,Wers99DLxMUb+rNnjMSHZzFEkLY=,uf46koM6DqWG0jzUqlJYbNp+ZT0=
-11,91,Wers99DLxMUb+rNnjMSHZzFEkLY=,1bji1eEykLAPUpYFQBAjFXH18jQ=
-10,91,Wers99DLxMUb+rNnjMSHZzFEkLY=,1bji1eEykLAPUpYFQBAjFXH18jQ=
-9,91,Wers99DLxMUb+rNnjMSHZzFEkLY=,1bji1eEykLAPUpYFQBAjFXH18jQ=
-8,91,Wers99DLxMUb+rNnjMSHZzFEkLY=,I31OE2k2lyFUg33JdYTGk1jvI6E=
-8,92,Wers99DLxMUb+rNnjMSHZzFEkLY=,uf46koM6DqWG0jzUqlJYbNp+ZT0=
-8,94,Wers99DLxMUb+rNnjMSHZzFEkLY=,uf46koM6DqWG0jzUqlJYbNp+ZT0=
-5,93,Wers99DLxMUb+rNnjMSHZzFEkLY=,uf46koM6DqWG0jzUqlJYbNp+ZT0=
-11,80,Wers99DLxMUb+rNnjMSHZzFEkLY=,3uWYWj+s31m0v621Eq6TC+JvjAo=
-3,83,Wers99DLxMUb+rNnjMSHZzFEkLY=,xLt6/6gu5xLidkmUvdRfeVD5jvA=
-2,83,Wers99DLxMUb+rNnjMSHZzFEkLY=,xLt6/6gu5xLidkmUvdRfeVD5jvA=
-1,82,Wers99DLxMUb+rNnjMSHZzFEkLY=,xLt6/6gu5xLidkmUvdRfeVD5jvA=
-2,82,Wers99DLxMUb+rNnjMSHZzFEkLY=,xLt6/6gu5xLidkmUvdRfeVD5jvA=
-2,80,Wers99DLxMUb+rNnjMSHZzFEkLY=,xLt6/6gu5xLidkmUvdRfeVD5jvA=
-3,81,Wers99DLxMUb+rNnjMSHZzFEkLY=,xLt6/6gu5xLidkmUvdRfeVD5jvA=
-3,82,Wers99DLxMUb+rNnjMSHZzFEkLY=,xLt6/6gu5xLidkmUvdRfeVD5jvA=
-2,84,Wers99DLxMUb+rNnjMSHZzFEkLY=,dfnCb3egGJK0M/TZsMdpiBpBjLs=
-2,81,Wers99DLxMUb+rNnjMSHZzFEkLY=,xLt6/6gu5xLidkmUvdRfeVD5jvA=
-3,80,Wers99DLxMUb+rNnjMSHZzFEkLY=,xLt6/6gu5xLidkmUvdRfeVD5jvA=
-1,81,Wers99DLxMUb+rNnjMSHZzFEkLY=,xLt6/6gu5xLidkmUvdRfeVD5jvA=
-3,84,Wers99DLxMUb+rNnjMSHZzFEkLY=,dfnCb3egGJK0M/TZsMdpiBpBjLs=
-1,83,Wers99DLxMUb+rNnjMSHZzFEkLY=,xLt6/6gu5xLidkmUvdRfeVD5jvA=
-1,85,Wers99DLxMUb+rNnjMSHZzFEkLY=,dfnCb3egGJK0M/TZsMdpiBpBjLs=
-1,86,Wers99DLxMUb+rNnjMSHZzFEkLY=,dfnCb3egGJK0M/TZsMdpiBpBjLs=
-1,84,Wers99DLxMUb+rNnjMSHZzFEkLY=,dfnCb3egGJK0M/TZsMdpiBpBjLs=
-10,80,Wers99DLxMUb+rNnjMSHZzFEkLY=,3uWYWj+s31m0v621Eq6TC+JvjAo=
-16,86,Wers99DLxMUb+rNnjMSHZzFEkLY=,w+6daClYfTQ19wq+Zx4VZ17MWF4=
-16,85,Wers99DLxMUb+rNnjMSHZzFEkLY=,w+6daClYfTQ19wq+Zx4VZ17MWF4=
-16,90,Wers99DLxMUb+rNnjMSHZzFEkLY=,uGDdfpqARrsYT+qQsn6hjBgscSI=
-16,88,Wers99DLxMUb+rNnjMSHZzFEkLY=,uGDdfpqARrsYT+qQsn6hjBgscSI=
-16,87,Wers99DLxMUb+rNnjMSHZzFEkLY=,w+6daClYfTQ19wq+Zx4VZ17MWF4=
-16,89,Wers99DLxMUb+rNnjMSHZzFEkLY=,uGDdfpqARrsYT+qQsn6hjBgscSI=
-9,84,Wers99DLxMUb+rNnjMSHZzFEkLY=,lhrbYLSoJSH01ZRSTyuPXw23S5g=
-9,83,Wers99DLxMUb+rNnjMSHZzFEkLY=,3uWYWj+s31m0v621Eq6TC+JvjAo=
-4,81,Wers99DLxMUb+rNnjMSHZzFEkLY=,xLt6/6gu5xLidkmUvdRfeVD5jvA=
-4,83,Wers99DLxMUb+rNnjMSHZzFEkLY=,xLt6/6gu5xLidkmUvdRfeVD5jvA=
-8,83,Wers99DLxMUb+rNnjMSHZzFEkLY=,YoRipr0MrwwHiojZtikbJQp91Ow=
-6,82,Wers99DLxMUb+rNnjMSHZzFEkLY=,YoRipr0MrwwHiojZtikbJQp91Ow=
-7,83,Wers99DLxMUb+rNnjMSHZzFEkLY=,YoRipr0MrwwHiojZtikbJQp91Ow=
-5,82,Wers99DLxMUb+rNnjMSHZzFEkLY=,YoRipr0MrwwHiojZtikbJQp91Ow=
-8,82,Wers99DLxMUb+rNnjMSHZzFEkLY=,YoRipr0MrwwHiojZtikbJQp91Ow=
-4,82,Wers99DLxMUb+rNnjMSHZzFEkLY=,xLt6/6gu5xLidkmUvdRfeVD5jvA=
-9,82,Wers99DLxMUb+rNnjMSHZzFEkLY=,3uWYWj+s31m0v621Eq6TC+JvjAo=
-7,82,Wers99DLxMUb+rNnjMSHZzFEkLY=,YoRipr0MrwwHiojZtikbJQp91Ow=
-4,84,Wers99DLxMUb+rNnjMSHZzFEkLY=,dfnCb3egGJK0M/TZsMdpiBpBjLs=
-9,80,Wers99DLxMUb+rNnjMSHZzFEkLY=,3uWYWj+s31m0v621Eq6TC+JvjAo=
-7,81,Wers99DLxMUb+rNnjMSHZzFEkLY=,YoRipr0MrwwHiojZtikbJQp91Ow=
-6,83,Wers99DLxMUb+rNnjMSHZzFEkLY=,YoRipr0MrwwHiojZtikbJQp91Ow=
-6,81,Wers99DLxMUb+rNnjMSHZzFEkLY=,YoRipr0MrwwHiojZtikbJQp91Ow=
-4,80,Wers99DLxMUb+rNnjMSHZzFEkLY=,xLt6/6gu5xLidkmUvdRfeVD5jvA=
-8,81,Wers99DLxMUb+rNnjMSHZzFEkLY=,YoRipr0MrwwHiojZtikbJQp91Ow=
-6,80,Wers99DLxMUb+rNnjMSHZzFEkLY=,YoRipr0MrwwHiojZtikbJQp91Ow=
-9,81,Wers99DLxMUb+rNnjMSHZzFEkLY=,3uWYWj+s31m0v621Eq6TC+JvjAo=
-5,84,Wers99DLxMUb+rNnjMSHZzFEkLY=,4A0or14I2jsjxWf9FSl9Cn/XQQY=
-7,80,Wers99DLxMUb+rNnjMSHZzFEkLY=,YoRipr0MrwwHiojZtikbJQp91Ow=
-8,80,Wers99DLxMUb+rNnjMSHZzFEkLY=,YoRipr0MrwwHiojZtikbJQp91Ow=
-6,84,Wers99DLxMUb+rNnjMSHZzFEkLY=,4A0or14I2jsjxWf9FSl9Cn/XQQY=
-7,84,Wers99DLxMUb+rNnjMSHZzFEkLY=,4A0or14I2jsjxWf9FSl9Cn/XQQY=
-8,84,Wers99DLxMUb+rNnjMSHZzFEkLY=,4A0or14I2jsjxWf9FSl9Cn/XQQY=
-5,81,Wers99DLxMUb+rNnjMSHZzFEkLY=,YoRipr0MrwwHiojZtikbJQp91Ow=
-5,80,Wers99DLxMUb+rNnjMSHZzFEkLY=,YoRipr0MrwwHiojZtikbJQp91Ow=
-5,83,Wers99DLxMUb+rNnjMSHZzFEkLY=,YoRipr0MrwwHiojZtikbJQp91Ow=
-1,93,Wers99DLxMUb+rNnjMSHZzFEkLY=,GS0ekO7N5lzOc0YO9H/hG7I79Z0=
-1,94,Wers99DLxMUb+rNnjMSHZzFEkLY=,GS0ekO7N5lzOc0YO9H/hG7I79Z0=
-1,91,Wers99DLxMUb+rNnjMSHZzFEkLY=,pOqfjFxBXYpakKvR2vDjtmx8QZM=
-1,88,Wers99DLxMUb+rNnjMSHZzFEkLY=,pOqfjFxBXYpakKvR2vDjtmx8QZM=
-1,89,Wers99DLxMUb+rNnjMSHZzFEkLY=,pOqfjFxBXYpakKvR2vDjtmx8QZM=
-1,87,Wers99DLxMUb+rNnjMSHZzFEkLY=,dfnCb3egGJK0M/TZsMdpiBpBjLs=
-1,90,Wers99DLxMUb+rNnjMSHZzFEkLY=,pOqfjFxBXYpakKvR2vDjtmx8QZM=
-1,92,Wers99DLxMUb+rNnjMSHZzFEkLY=,GS0ekO7N5lzOc0YO9H/hG7I79Z0=
-16,80,Wers99DLxMUb+rNnjMSHZzFEkLY=,shrtayWemUXiDJSRRnYEZy8eIxI=
-8,95,Wers99DLxMUb+rNnjMSHZzFEkLY=,uf46koM6DqWG0jzUqlJYbNp+ZT0=
-7,95,Wers99DLxMUb+rNnjMSHZzFEkLY=,uf46koM6DqWG0jzUqlJYbNp+ZT0=
-6,95,Wers99DLxMUb+rNnjMSHZzFEkLY=,uf46koM6DqWG0jzUqlJYbNp+ZT0=
-4,95,Wers99DLxMUb+rNnjMSHZzFEkLY=,GS0ekO7N5lzOc0YO9H/hG7I79Z0=
-3,95,Wers99DLxMUb+rNnjMSHZzFEkLY=,GS0ekO7N5lzOc0YO9H/hG7I79Z0=
-2,95,Wers99DLxMUb+rNnjMSHZzFEkLY=,GS0ekO7N5lzOc0YO9H/hG7I79Z0=
-1,95,Wers99DLxMUb+rNnjMSHZzFEkLY=,GS0ekO7N5lzOc0YO9H/hG7I79Z0=
-1,80,Wers99DLxMUb+rNnjMSHZzFEkLY=,xLt6/6gu5xLidkmUvdRfeVD5jvA=
-16,82,Wers99DLxMUb+rNnjMSHZzFEkLY=,shrtayWemUXiDJSRRnYEZy8eIxI=
-15,80,Wers99DLxMUb+rNnjMSHZzFEkLY=,shrtayWemUXiDJSRRnYEZy8eIxI=
-12,82,Wers99DLxMUb+rNnjMSHZzFEkLY=,3uWYWj+s31m0v621Eq6TC+JvjAo=
-12,80,Wers99DLxMUb+rNnjMSHZzFEkLY=,3uWYWj+s31m0v621Eq6TC+JvjAo=
-13,82,Wers99DLxMUb+rNnjMSHZzFEkLY=,shrtayWemUXiDJSRRnYEZy8eIxI=
-14,81,Wers99DLxMUb+rNnjMSHZzFEkLY=,shrtayWemUXiDJSRRnYEZy8eIxI=
-15,82,Wers99DLxMUb+rNnjMSHZzFEkLY=,shrtayWemUXiDJSRRnYEZy8eIxI=
-5,95,Wers99DLxMUb+rNnjMSHZzFEkLY=,uf46koM6DqWG0jzUqlJYbNp+ZT0=
-15,84,Wers99DLxMUb+rNnjMSHZzFEkLY=,w+6daClYfTQ19wq+Zx4VZ17MWF4=
-13,81,Wers99DLxMUb+rNnjMSHZzFEkLY=,shrtayWemUXiDJSRRnYEZy8eIxI=
-13,80,Wers99DLxMUb+rNnjMSHZzFEkLY=,shrtayWemUXiDJSRRnYEZy8eIxI=
-12,81,Wers99DLxMUb+rNnjMSHZzFEkLY=,3uWYWj+s31m0v621Eq6TC+JvjAo=
-14,82,Wers99DLxMUb+rNnjMSHZzFEkLY=,shrtayWemUXiDJSRRnYEZy8eIxI=
-12,84,Wers99DLxMUb+rNnjMSHZzFEkLY=,lhrbYLSoJSH01ZRSTyuPXw23S5g=
-16,83,Wers99DLxMUb+rNnjMSHZzFEkLY=,shrtayWemUXiDJSRRnYEZy8eIxI=
-14,80,Wers99DLxMUb+rNnjMSHZzFEkLY=,shrtayWemUXiDJSRRnYEZy8eIxI=
-15,81,Wers99DLxMUb+rNnjMSHZzFEkLY=,shrtayWemUXiDJSRRnYEZy8eIxI=
-12,83,Wers99DLxMUb+rNnjMSHZzFEkLY=,3uWYWj+s31m0v621Eq6TC+JvjAo=
-13,84,Wers99DLxMUb+rNnjMSHZzFEkLY=,w+6daClYfTQ19wq+Zx4VZ17MWF4=
-14,84,Wers99DLxMUb+rNnjMSHZzFEkLY=,w+6daClYfTQ19wq+Zx4VZ17MWF4=
-15,83,Wers99DLxMUb+rNnjMSHZzFEkLY=,shrtayWemUXiDJSRRnYEZy8eIxI=
-14,83,Wers99DLxMUb+rNnjMSHZzFEkLY=,shrtayWemUXiDJSRRnYEZy8eIxI=
-16,81,Wers99DLxMUb+rNnjMSHZzFEkLY=,shrtayWemUXiDJSRRnYEZy8eIxI=
-13,83,Wers99DLxMUb+rNnjMSHZzFEkLY=,shrtayWemUXiDJSRRnYEZy8eIxI=
-16,84,Wers99DLxMUb+rNnjMSHZzFEkLY=,w+6daClYfTQ19wq+Zx4VZ17MWF4=
-15,93,Wers99DLxMUb+rNnjMSHZzFEkLY=,OUk9kySOZA0GBiEbO05fz9KJ9TM=
-14,91,Wers99DLxMUb+rNnjMSHZzFEkLY=,uGDdfpqARrsYT+qQsn6hjBgscSI=
-12,91,Wers99DLxMUb+rNnjMSHZzFEkLY=,1bji1eEykLAPUpYFQBAjFXH18jQ=
-13,92,Wers99DLxMUb+rNnjMSHZzFEkLY=,OUk9kySOZA0GBiEbO05fz9KJ9TM=
-15,92,Wers99DLxMUb+rNnjMSHZzFEkLY=,OUk9kySOZA0GBiEbO05fz9KJ9TM=
-13,93,Wers99DLxMUb+rNnjMSHZzFEkLY=,OUk9kySOZA0GBiEbO05fz9KJ9TM=
-14,92,Wers99DLxMUb+rNnjMSHZzFEkLY=,OUk9kySOZA0GBiEbO05fz9KJ9TM=
-14,93,Wers99DLxMUb+rNnjMSHZzFEkLY=,OUk9kySOZA0GBiEbO05fz9KJ9TM=
-15,91,Wers99DLxMUb+rNnjMSHZzFEkLY=,uGDdfpqARrsYT+qQsn6hjBgscSI=
-16,94,Wers99DLxMUb+rNnjMSHZzFEkLY=,OUk9kySOZA0GBiEbO05fz9KJ9TM=
-15,94,Wers99DLxMUb+rNnjMSHZzFEkLY=,OUk9kySOZA0GBiEbO05fz9KJ9TM=
-14,94,Wers99DLxMUb+rNnjMSHZzFEkLY=,OUk9kySOZA0GBiEbO05fz9KJ9TM=
-13,94,Wers99DLxMUb+rNnjMSHZzFEkLY=,OUk9kySOZA0GBiEbO05fz9KJ9TM=
-13,91,Wers99DLxMUb+rNnjMSHZzFEkLY=,uGDdfpqARrsYT+qQsn6hjBgscSI=
-16,93,Wers99DLxMUb+rNnjMSHZzFEkLY=,OUk9kySOZA0GBiEbO05fz9KJ9TM=
-13,95,Wers99DLxMUb+rNnjMSHZzFEkLY=,OUk9kySOZA0GBiEbO05fz9KJ9TM=
-14,95,Wers99DLxMUb+rNnjMSHZzFEkLY=,OUk9kySOZA0GBiEbO05fz9KJ9TM=
-15,95,Wers99DLxMUb+rNnjMSHZzFEkLY=,OUk9kySOZA0GBiEbO05fz9KJ9TM=
-16,95,Wers99DLxMUb+rNnjMSHZzFEkLY=,OUk9kySOZA0GBiEbO05fz9KJ9TM=
-16,92,Wers99DLxMUb+rNnjMSHZzFEkLY=,OUk9kySOZA0GBiEbO05fz9KJ9TM=
-16,91,Wers99DLxMUb+rNnjMSHZzFEkLY=,uGDdfpqARrsYT+qQsn6hjBgscSI=
-11,65,zkGgJD06k7iL3TvRw+JjIUtJT5s=,HIpD4cb0ewakvyDpbGn3WBmGkLU=
-10,66,zkGgJD06k7iL3TvRw+JjIUtJT5s=,HIpD4cb0ewakvyDpbGn3WBmGkLU=
-11,66,zkGgJD06k7iL3TvRw+JjIUtJT5s=,HIpD4cb0ewakvyDpbGn3WBmGkLU=
-10,65,zkGgJD06k7iL3TvRw+JjIUtJT5s=,HIpD4cb0ewakvyDpbGn3WBmGkLU=
-11,69,zkGgJD06k7iL3TvRw+JjIUtJT5s=,semDk+3zFoyh3PwMZpQd6WJhBOY=
-10,68,zkGgJD06k7iL3TvRw+JjIUtJT5s=,semDk+3zFoyh3PwMZpQd6WJhBOY=
-11,68,zkGgJD06k7iL3TvRw+JjIUtJT5s=,semDk+3zFoyh3PwMZpQd6WJhBOY=
-10,70,zkGgJD06k7iL3TvRw+JjIUtJT5s=,semDk+3zFoyh3PwMZpQd6WJhBOY=
-10,69,zkGgJD06k7iL3TvRw+JjIUtJT5s=,semDk+3zFoyh3PwMZpQd6WJhBOY=
-11,70,zkGgJD06k7iL3TvRw+JjIUtJT5s=,semDk+3zFoyh3PwMZpQd6WJhBOY=
-11,67,zkGgJD06k7iL3TvRw+JjIUtJT5s=,HIpD4cb0ewakvyDpbGn3WBmGkLU=
-10,67,zkGgJD06k7iL3TvRw+JjIUtJT5s=,HIpD4cb0ewakvyDpbGn3WBmGkLU=
-3,69,zkGgJD06k7iL3TvRw+JjIUtJT5s=,obcWtKRG/UL8PYnTnON0mzot508=
-2,70,zkGgJD06k7iL3TvRw+JjIUtJT5s=,obcWtKRG/UL8PYnTnON0mzot508=
-2,69,zkGgJD06k7iL3TvRw+JjIUtJT5s=,obcWtKRG/UL8PYnTnON0mzot508=
-3,70,zkGgJD06k7iL3TvRw+JjIUtJT5s=,obcWtKRG/UL8PYnTnON0mzot508=
-4,70,zkGgJD06k7iL3TvRw+JjIUtJT5s=,obcWtKRG/UL8PYnTnON0mzot508=
-9,69,zkGgJD06k7iL3TvRw+JjIUtJT5s=,semDk+3zFoyh3PwMZpQd6WJhBOY=
-8,69,zkGgJD06k7iL3TvRw+JjIUtJT5s=,tQnhQxGIzVulmUlKZ2b9hmAY8+s=
-9,70,zkGgJD06k7iL3TvRw+JjIUtJT5s=,semDk+3zFoyh3PwMZpQd6WJhBOY=
-5,70,zkGgJD06k7iL3TvRw+JjIUtJT5s=,tQnhQxGIzVulmUlKZ2b9hmAY8+s=
-8,70,zkGgJD06k7iL3TvRw+JjIUtJT5s=,tQnhQxGIzVulmUlKZ2b9hmAY8+s=
-6,70,zkGgJD06k7iL3TvRw+JjIUtJT5s=,tQnhQxGIzVulmUlKZ2b9hmAY8+s=
-7,70,zkGgJD06k7iL3TvRw+JjIUtJT5s=,tQnhQxGIzVulmUlKZ2b9hmAY8+s=
-7,69,zkGgJD06k7iL3TvRw+JjIUtJT5s=,tQnhQxGIzVulmUlKZ2b9hmAY8+s=
-5,69,zkGgJD06k7iL3TvRw+JjIUtJT5s=,tQnhQxGIzVulmUlKZ2b9hmAY8+s=
-6,69,zkGgJD06k7iL3TvRw+JjIUtJT5s=,tQnhQxGIzVulmUlKZ2b9hmAY8+s=
-4,69,zkGgJD06k7iL3TvRw+JjIUtJT5s=,obcWtKRG/UL8PYnTnON0mzot508=
-7,73,zkGgJD06k7iL3TvRw+JjIUtJT5s=,Oy16p+4tGbIbudD1ClmaPDV9mRs=
-7,74,zkGgJD06k7iL3TvRw+JjIUtJT5s=,Oy16p+4tGbIbudD1ClmaPDV9mRs=
-6,73,zkGgJD06k7iL3TvRw+JjIUtJT5s=,Oy16p+4tGbIbudD1ClmaPDV9mRs=
-6,74,zkGgJD06k7iL3TvRw+JjIUtJT5s=,Oy16p+4tGbIbudD1ClmaPDV9mRs=
-6,72,zkGgJD06k7iL3TvRw+JjIUtJT5s=,Oy16p+4tGbIbudD1ClmaPDV9mRs=
-7,72,zkGgJD06k7iL3TvRw+JjIUtJT5s=,Oy16p+4tGbIbudD1ClmaPDV9mRs=
-6,71,zkGgJD06k7iL3TvRw+JjIUtJT5s=,tQnhQxGIzVulmUlKZ2b9hmAY8+s=
-7,71,zkGgJD06k7iL3TvRw+JjIUtJT5s=,tQnhQxGIzVulmUlKZ2b9hmAY8+s=
-14,74,zkGgJD06k7iL3TvRw+JjIUtJT5s=,5GeJPE+b6yWy7pMPm+S2OgOHqt4=
-15,73,zkGgJD06k7iL3TvRw+JjIUtJT5s=,5GeJPE+b6yWy7pMPm+S2OgOHqt4=
-14,73,zkGgJD06k7iL3TvRw+JjIUtJT5s=,5GeJPE+b6yWy7pMPm+S2OgOHqt4=
-15,74,zkGgJD06k7iL3TvRw+JjIUtJT5s=,5GeJPE+b6yWy7pMPm+S2OgOHqt4=
-8,73,zkGgJD06k7iL3TvRw+JjIUtJT5s=,Oy16p+4tGbIbudD1ClmaPDV9mRs=
-13,74,zkGgJD06k7iL3TvRw+JjIUtJT5s=,5GeJPE+b6yWy7pMPm+S2OgOHqt4=
-8,74,zkGgJD06k7iL3TvRw+JjIUtJT5s=,Oy16p+4tGbIbudD1ClmaPDV9mRs=
-11,71,zkGgJD06k7iL3TvRw+JjIUtJT5s=,semDk+3zFoyh3PwMZpQd6WJhBOY=
-11,72,zkGgJD06k7iL3TvRw+JjIUtJT5s=,kCDaA+u1n8Zkv3iR/khK3UvpJIM=
-10,74,zkGgJD06k7iL3TvRw+JjIUtJT5s=,kCDaA+u1n8Zkv3iR/khK3UvpJIM=
-9,74,zkGgJD06k7iL3TvRw+JjIUtJT5s=,kCDaA+u1n8Zkv3iR/khK3UvpJIM=
-11,74,SxX7p+LXE8nssEiT5d5VMRr+sMo=,kCDaA+u1n8Zkv3iR/khK3UvpJIM=
-12,74,SxX7p+LXE8nssEiT5d5VMRr+sMo=,kCDaA+u1n8Zkv3iR/khK3UvpJIM=
-8,71,SxX7p+LXE8nssEiT5d5VMRr+sMo=,tQnhQxGIzVulmUlKZ2b9hmAY8+s=
-10,71,SxX7p+LXE8nssEiT5d5VMRr+sMo=,semDk+3zFoyh3PwMZpQd6WJhBOY=
-9,73,SxX7p+LXE8nssEiT5d5VMRr+sMo=,kCDaA+u1n8Zkv3iR/khK3UvpJIM=
-8,72,SxX7p+LXE8nssEiT5d5VMRr+sMo=,Oy16p+4tGbIbudD1ClmaPDV9mRs=
-13,73,SxX7p+LXE8nssEiT5d5VMRr+sMo=,5GeJPE+b6yWy7pMPm+S2OgOHqt4=
-9,71,SxX7p+LXE8nssEiT5d5VMRr+sMo=,semDk+3zFoyh3PwMZpQd6WJhBOY=
-10,72,SxX7p+LXE8nssEiT5d5VMRr+sMo=,kCDaA+u1n8Zkv3iR/khK3UvpJIM=
-10,73,SxX7p+LXE8nssEiT5d5VMRr+sMo=,kCDaA+u1n8Zkv3iR/khK3UvpJIM=
-12,73,SxX7p+LXE8nssEiT5d5VMRr+sMo=,kCDaA+u1n8Zkv3iR/khK3UvpJIM=
-11,73,SxX7p+LXE8nssEiT5d5VMRr+sMo=,kCDaA+u1n8Zkv3iR/khK3UvpJIM=
-9,72,SxX7p+LXE8nssEiT5d5VMRr+sMo=,kCDaA+u1n8Zkv3iR/khK3UvpJIM=
-14,78,SxX7p+LXE8nssEiT5d5VMRr+sMo=,IDDLELR3WU8+Y9kI6gwT7FGqeZk=
-14,76,SxX7p+LXE8nssEiT5d5VMRr+sMo=,IDDLELR3WU8+Y9kI6gwT7FGqeZk=
-15,77,SxX7p+LXE8nssEiT5d5VMRr+sMo=,IDDLELR3WU8+Y9kI6gwT7FGqeZk=
-14,77,SxX7p+LXE8nssEiT5d5VMRr+sMo=,IDDLELR3WU8+Y9kI6gwT7FGqeZk=
-15,75,SxX7p+LXE8nssEiT5d5VMRr+sMo=,5GeJPE+b6yWy7pMPm+S2OgOHqt4=
-14,75,SxX7p+LXE8nssEiT5d5VMRr+sMo=,5GeJPE+b6yWy7pMPm+S2OgOHqt4=
-15,76,SxX7p+LXE8nssEiT5d5VMRr+sMo=,IDDLELR3WU8+Y9kI6gwT7FGqeZk=
-15,78,SxX7p+LXE8nssEiT5d5VMRr+sMo=,IDDLELR3WU8+Y9kI6gwT7FGqeZk=
-8,67,SxX7p+LXE8nssEiT5d5VMRr+sMo=,Uk9KzipENQ/dLtpkttiQy5Aucqw=
-7,67,SxX7p+LXE8nssEiT5d5VMRr+sMo=,Uk9KzipENQ/dLtpkttiQy5Aucqw=
-9,66,SxX7p+LXE8nssEiT5d5VMRr+sMo=,HIpD4cb0ewakvyDpbGn3WBmGkLU=
-8,68,SxX7p+LXE8nssEiT5d5VMRr+sMo=,tQnhQxGIzVulmUlKZ2b9hmAY8+s=
-9,68,SxX7p+LXE8nssEiT5d5VMRr+sMo=,semDk+3zFoyh3PwMZpQd6WJhBOY=
-6,66,SxX7p+LXE8nssEiT5d5VMRr+sMo=,Uk9KzipENQ/dLtpkttiQy5Aucqw=
-7,68,SxX7p+LXE8nssEiT5d5VMRr+sMo=,tQnhQxGIzVulmUlKZ2b9hmAY8+s=
-6,68,SxX7p+LXE8nssEiT5d5VMRr+sMo=,tQnhQxGIzVulmUlKZ2b9hmAY8+s=
-9,67,SxX7p+LXE8nssEiT5d5VMRr+sMo=,HIpD4cb0ewakvyDpbGn3WBmGkLU=
-8,66,SxX7p+LXE8nssEiT5d5VMRr+sMo=,Uk9KzipENQ/dLtpkttiQy5Aucqw=
-9,65,SxX7p+LXE8nssEiT5d5VMRr+sMo=,HIpD4cb0ewakvyDpbGn3WBmGkLU=
-6,67,SxX7p+LXE8nssEiT5d5VMRr+sMo=,Uk9KzipENQ/dLtpkttiQy5Aucqw=
-8,65,SxX7p+LXE8nssEiT5d5VMRr+sMo=,Uk9KzipENQ/dLtpkttiQy5Aucqw=
-7,66,SxX7p+LXE8nssEiT5d5VMRr+sMo=,Uk9KzipENQ/dLtpkttiQy5Aucqw=
-6,65,SxX7p+LXE8nssEiT5d5VMRr+sMo=,Uk9KzipENQ/dLtpkttiQy5Aucqw=
-7,65,SxX7p+LXE8nssEiT5d5VMRr+sMo=,Uk9KzipENQ/dLtpkttiQy5Aucqw=
-13,76,SxX7p+LXE8nssEiT5d5VMRr+sMo=,IDDLELR3WU8+Y9kI6gwT7FGqeZk=
-13,78,SxX7p+LXE8nssEiT5d5VMRr+sMo=,IDDLELR3WU8+Y9kI6gwT7FGqeZk=
-11,78,SxX7p+LXE8nssEiT5d5VMRr+sMo=,TJySCdrwE/sZSLAoIuSw7YEIHyM=
-12,78,SxX7p+LXE8nssEiT5d5VMRr+sMo=,TJySCdrwE/sZSLAoIuSw7YEIHyM=
-13,77,SxX7p+LXE8nssEiT5d5VMRr+sMo=,IDDLELR3WU8+Y9kI6gwT7FGqeZk=
-12,77,SxX7p+LXE8nssEiT5d5VMRr+sMo=,TJySCdrwE/sZSLAoIuSw7YEIHyM=
-13,75,SxX7p+LXE8nssEiT5d5VMRr+sMo=,5GeJPE+b6yWy7pMPm+S2OgOHqt4=
-11,76,SxX7p+LXE8nssEiT5d5VMRr+sMo=,TJySCdrwE/sZSLAoIuSw7YEIHyM=
-12,76,SxX7p+LXE8nssEiT5d5VMRr+sMo=,TJySCdrwE/sZSLAoIuSw7YEIHyM=
-10,76,SxX7p+LXE8nssEiT5d5VMRr+sMo=,TJySCdrwE/sZSLAoIuSw7YEIHyM=
-11,75,SxX7p+LXE8nssEiT5d5VMRr+sMo=,kCDaA+u1n8Zkv3iR/khK3UvpJIM=
-11,77,SxX7p+LXE8nssEiT5d5VMRr+sMo=,TJySCdrwE/sZSLAoIuSw7YEIHyM=
-12,75,SxX7p+LXE8nssEiT5d5VMRr+sMo=,kCDaA+u1n8Zkv3iR/khK3UvpJIM=
-10,75,SxX7p+LXE8nssEiT5d5VMRr+sMo=,kCDaA+u1n8Zkv3iR/khK3UvpJIM=
-10,78,SxX7p+LXE8nssEiT5d5VMRr+sMo=,TJySCdrwE/sZSLAoIuSw7YEIHyM=
-10,77,SxX7p+LXE8nssEiT5d5VMRr+sMo=,TJySCdrwE/sZSLAoIuSw7YEIHyM=
-3,68,SxX7p+LXE8nssEiT5d5VMRr+sMo=,obcWtKRG/UL8PYnTnON0mzot508=
-2,68,SxX7p+LXE8nssEiT5d5VMRr+sMo=,obcWtKRG/UL8PYnTnON0mzot508=
-2,66,SxX7p+LXE8nssEiT5d5VMRr+sMo=,Hk5P+sIgBvzV2otAE6pnL56qfC8=
-5,66,SxX7p+LXE8nssEiT5d5VMRr+sMo=,Uk9KzipENQ/dLtpkttiQy5Aucqw=
-5,68,SxX7p+LXE8nssEiT5d5VMRr+sMo=,tQnhQxGIzVulmUlKZ2b9hmAY8+s=
-5,67,SxX7p+LXE8nssEiT5d5VMRr+sMo=,Uk9KzipENQ/dLtpkttiQy5Aucqw=
-2,67,SxX7p+LXE8nssEiT5d5VMRr+sMo=,Hk5P+sIgBvzV2otAE6pnL56qfC8=
-4,65,SxX7p+LXE8nssEiT5d5VMRr+sMo=,Hk5P+sIgBvzV2otAE6pnL56qfC8=
-4,68,SxX7p+LXE8nssEiT5d5VMRr+sMo=,obcWtKRG/UL8PYnTnON0mzot508=
-3,66,SxX7p+LXE8nssEiT5d5VMRr+sMo=,Hk5P+sIgBvzV2otAE6pnL56qfC8=
-4,66,SxX7p+LXE8nssEiT5d5VMRr+sMo=,Hk5P+sIgBvzV2otAE6pnL56qfC8=
-3,67,SxX7p+LXE8nssEiT5d5VMRr+sMo=,Hk5P+sIgBvzV2otAE6pnL56qfC8=
-4,67,SxX7p+LXE8nssEiT5d5VMRr+sMo=,Hk5P+sIgBvzV2otAE6pnL56qfC8=
-5,65,SxX7p+LXE8nssEiT5d5VMRr+sMo=,Uk9KzipENQ/dLtpkttiQy5Aucqw=
-2,65,SxX7p+LXE8nssEiT5d5VMRr+sMo=,Hk5P+sIgBvzV2otAE6pnL56qfC8=
-3,65,SxX7p+LXE8nssEiT5d5VMRr+sMo=,Hk5P+sIgBvzV2otAE6pnL56qfC8=
-8,77,SxX7p+LXE8nssEiT5d5VMRr+sMo=,TKNlLnOtru9aboLzDNmEYXWXtCE=
-7,79,SxX7p+LXE8nssEiT5d5VMRr+sMo=,TKNlLnOtru9aboLzDNmEYXWXtCE=
-7,77,SxX7p+LXE8nssEiT5d5VMRr+sMo=,TKNlLnOtru9aboLzDNmEYXWXtCE=
-6,79,SxX7p+LXE8nssEiT5d5VMRr+sMo=,TKNlLnOtru9aboLzDNmEYXWXtCE=
-6,77,SxX7p+LXE8nssEiT5d5VMRr+sMo=,TKNlLnOtru9aboLzDNmEYXWXtCE=
-9,75,SxX7p+LXE8nssEiT5d5VMRr+sMo=,kCDaA+u1n8Zkv3iR/khK3UvpJIM=
-8,78,SxX7p+LXE8nssEiT5d5VMRr+sMo=,TKNlLnOtru9aboLzDNmEYXWXtCE=
-7,78,SxX7p+LXE8nssEiT5d5VMRr+sMo=,TKNlLnOtru9aboLzDNmEYXWXtCE=
-9,76,SxX7p+LXE8nssEiT5d5VMRr+sMo=,TJySCdrwE/sZSLAoIuSw7YEIHyM=
-8,75,SxX7p+LXE8nssEiT5d5VMRr+sMo=,Oy16p+4tGbIbudD1ClmaPDV9mRs=
-7,75,SxX7p+LXE8nssEiT5d5VMRr+sMo=,Oy16p+4tGbIbudD1ClmaPDV9mRs=
-6,76,SxX7p+LXE8nssEiT5d5VMRr+sMo=,TKNlLnOtru9aboLzDNmEYXWXtCE=
-7,76,SxX7p+LXE8nssEiT5d5VMRr+sMo=,TKNlLnOtru9aboLzDNmEYXWXtCE=
-6,75,SxX7p+LXE8nssEiT5d5VMRr+sMo=,Oy16p+4tGbIbudD1ClmaPDV9mRs=
-8,76,SxX7p+LXE8nssEiT5d5VMRr+sMo=,TKNlLnOtru9aboLzDNmEYXWXtCE=
-9,78,SxX7p+LXE8nssEiT5d5VMRr+sMo=,TJySCdrwE/sZSLAoIuSw7YEIHyM=
-9,77,SxX7p+LXE8nssEiT5d5VMRr+sMo=,TJySCdrwE/sZSLAoIuSw7YEIHyM=
-6,78,SxX7p+LXE8nssEiT5d5VMRr+sMo=,TKNlLnOtru9aboLzDNmEYXWXtCE=
-1,69,SxX7p+LXE8nssEiT5d5VMRr+sMo=,obcWtKRG/UL8PYnTnON0mzot508=
-1,70,SxX7p+LXE8nssEiT5d5VMRr+sMo=,obcWtKRG/UL8PYnTnON0mzot508=
-3,64,SxX7p+LXE8nssEiT5d5VMRr+sMo=,Hk5P+sIgBvzV2otAE6pnL56qfC8=
-1,65,SxX7p+LXE8nssEiT5d5VMRr+sMo=,Hk5P+sIgBvzV2otAE6pnL56qfC8=
-2,64,SxX7p+LXE8nssEiT5d5VMRr+sMo=,Hk5P+sIgBvzV2otAE6pnL56qfC8=
-1,66,SxX7p+LXE8nssEiT5d5VMRr+sMo=,Hk5P+sIgBvzV2otAE6pnL56qfC8=
-1,67,SxX7p+LXE8nssEiT5d5VMRr+sMo=,Hk5P+sIgBvzV2otAE6pnL56qfC8=
-1,68,SxX7p+LXE8nssEiT5d5VMRr+sMo=,obcWtKRG/UL8PYnTnON0mzot508=
-7,64,SxX7p+LXE8nssEiT5d5VMRr+sMo=,Uk9KzipENQ/dLtpkttiQy5Aucqw=
-6,64,SxX7p+LXE8nssEiT5d5VMRr+sMo=,Uk9KzipENQ/dLtpkttiQy5Aucqw=
-5,64,SxX7p+LXE8nssEiT5d5VMRr+sMo=,Uk9KzipENQ/dLtpkttiQy5Aucqw=
-9,64,SxX7p+LXE8nssEiT5d5VMRr+sMo=,HIpD4cb0ewakvyDpbGn3WBmGkLU=
-4,64,SxX7p+LXE8nssEiT5d5VMRr+sMo=,Hk5P+sIgBvzV2otAE6pnL56qfC8=
-11,64,SxX7p+LXE8nssEiT5d5VMRr+sMo=,HIpD4cb0ewakvyDpbGn3WBmGkLU=
-10,64,SxX7p+LXE8nssEiT5d5VMRr+sMo=,HIpD4cb0ewakvyDpbGn3WBmGkLU=
-8,64,SxX7p+LXE8nssEiT5d5VMRr+sMo=,Uk9KzipENQ/dLtpkttiQy5Aucqw=
-14,66,SxX7p+LXE8nssEiT5d5VMRr+sMo=,2dxQFActUKQVprEu+zfhzTvmtCw=
-13,66,SxX7p+LXE8nssEiT5d5VMRr+sMo=,2dxQFActUKQVprEu+zfhzTvmtCw=
-14,65,SxX7p+LXE8nssEiT5d5VMRr+sMo=,2dxQFActUKQVprEu+zfhzTvmtCw=
-13,65,SxX7p+LXE8nssEiT5d5VMRr+sMo=,2dxQFActUKQVprEu+zfhzTvmtCw=
-12,65,SxX7p+LXE8nssEiT5d5VMRr+sMo=,HIpD4cb0ewakvyDpbGn3WBmGkLU=
-15,65,SxX7p+LXE8nssEiT5d5VMRr+sMo=,2dxQFActUKQVprEu+zfhzTvmtCw=
-15,66,SxX7p+LXE8nssEiT5d5VMRr+sMo=,2dxQFActUKQVprEu+zfhzTvmtCw=
-12,66,SxX7p+LXE8nssEiT5d5VMRr+sMo=,HIpD4cb0ewakvyDpbGn3WBmGkLU=
-16,73,SxX7p+LXE8nssEiT5d5VMRr+sMo=,5GeJPE+b6yWy7pMPm+S2OgOHqt4=
-16,74,SxX7p+LXE8nssEiT5d5VMRr+sMo=,5GeJPE+b6yWy7pMPm+S2OgOHqt4=
-16,65,SxX7p+LXE8nssEiT5d5VMRr+sMo=,2dxQFActUKQVprEu+zfhzTvmtCw=
-16,66,SxX7p+LXE8nssEiT5d5VMRr+sMo=,2dxQFActUKQVprEu+zfhzTvmtCw=
-14,64,SxX7p+LXE8nssEiT5d5VMRr+sMo=,2dxQFActUKQVprEu+zfhzTvmtCw=
-13,64,SxX7p+LXE8nssEiT5d5VMRr+sMo=,2dxQFActUKQVprEu+zfhzTvmtCw=
-16,64,SxX7p+LXE8nssEiT5d5VMRr+sMo=,2dxQFActUKQVprEu+zfhzTvmtCw=
-15,64,SxX7p+LXE8nssEiT5d5VMRr+sMo=,2dxQFActUKQVprEu+zfhzTvmtCw=
-12,64,SxX7p+LXE8nssEiT5d5VMRr+sMo=,HIpD4cb0ewakvyDpbGn3WBmGkLU=
-16,77,SxX7p+LXE8nssEiT5d5VMRr+sMo=,IDDLELR3WU8+Y9kI6gwT7FGqeZk=
-16,75,SxX7p+LXE8nssEiT5d5VMRr+sMo=,5GeJPE+b6yWy7pMPm+S2OgOHqt4=
-16,76,SxX7p+LXE8nssEiT5d5VMRr+sMo=,IDDLELR3WU8+Y9kI6gwT7FGqeZk=
-16,78,SxX7p+LXE8nssEiT5d5VMRr+sMo=,IDDLELR3WU8+Y9kI6gwT7FGqeZk=
-15,79,SxX7p+LXE8nssEiT5d5VMRr+sMo=,IDDLELR3WU8+Y9kI6gwT7FGqeZk=
-14,79,SxX7p+LXE8nssEiT5d5VMRr+sMo=,IDDLELR3WU8+Y9kI6gwT7FGqeZk=
-8,79,SxX7p+LXE8nssEiT5d5VMRr+sMo=,TKNlLnOtru9aboLzDNmEYXWXtCE=
-12,79,SxX7p+LXE8nssEiT5d5VMRr+sMo=,TJySCdrwE/sZSLAoIuSw7YEIHyM=
-11,79,SxX7p+LXE8nssEiT5d5VMRr+sMo=,TJySCdrwE/sZSLAoIuSw7YEIHyM=
-10,79,SxX7p+LXE8nssEiT5d5VMRr+sMo=,TJySCdrwE/sZSLAoIuSw7YEIHyM=
-9,79,SxX7p+LXE8nssEiT5d5VMRr+sMo=,TJySCdrwE/sZSLAoIuSw7YEIHyM=
-13,79,SxX7p+LXE8nssEiT5d5VMRr+sMo=,IDDLELR3WU8+Y9kI6gwT7FGqeZk=
-16,79,SxX7p+LXE8nssEiT5d5VMRr+sMo=,IDDLELR3WU8+Y9kI6gwT7FGqeZk=
-1,64,SxX7p+LXE8nssEiT5d5VMRr+sMo=,Hk5P+sIgBvzV2otAE6pnL56qfC8=
-12,67,SxX7p+LXE8nssEiT5d5VMRr+sMo=,HIpD4cb0ewakvyDpbGn3WBmGkLU=
-14,67,SxX7p+LXE8nssEiT5d5VMRr+sMo=,2dxQFActUKQVprEu+zfhzTvmtCw=
-16,71,SxX7p+LXE8nssEiT5d5VMRr+sMo=,bG/r0ZNxUPHwGSXcN4P1t4qUcpg=
-16,70,SxX7p+LXE8nssEiT5d5VMRr+sMo=,bG/r0ZNxUPHwGSXcN4P1t4qUcpg=
-16,68,SxX7p+LXE8nssEiT5d5VMRr+sMo=,bG/r0ZNxUPHwGSXcN4P1t4qUcpg=
-15,71,SxX7p+LXE8nssEiT5d5VMRr+sMo=,bG/r0ZNxUPHwGSXcN4P1t4qUcpg=
-13,67,SxX7p+LXE8nssEiT5d5VMRr+sMo=,2dxQFActUKQVprEu+zfhzTvmtCw=
-14,72,SxX7p+LXE8nssEiT5d5VMRr+sMo=,5GeJPE+b6yWy7pMPm+S2OgOHqt4=
-16,69,SxX7p+LXE8nssEiT5d5VMRr+sMo=,bG/r0ZNxUPHwGSXcN4P1t4qUcpg=
-15,72,SxX7p+LXE8nssEiT5d5VMRr+sMo=,5GeJPE+b6yWy7pMPm+S2OgOHqt4=
-13,68,SxX7p+LXE8nssEiT5d5VMRr+sMo=,bG/r0ZNxUPHwGSXcN4P1t4qUcpg=
-16,72,SxX7p+LXE8nssEiT5d5VMRr+sMo=,5GeJPE+b6yWy7pMPm+S2OgOHqt4=
-14,68,SxX7p+LXE8nssEiT5d5VMRr+sMo=,bG/r0ZNxUPHwGSXcN4P1t4qUcpg=
-15,67,SxX7p+LXE8nssEiT5d5VMRr+sMo=,2dxQFActUKQVprEu+zfhzTvmtCw=
-13,69,SxX7p+LXE8nssEiT5d5VMRr+sMo=,bG/r0ZNxUPHwGSXcN4P1t4qUcpg=
-14,69,SxX7p+LXE8nssEiT5d5VMRr+sMo=,bG/r0ZNxUPHwGSXcN4P1t4qUcpg=
-13,72,SxX7p+LXE8nssEiT5d5VMRr+sMo=,5GeJPE+b6yWy7pMPm+S2OgOHqt4=
-12,72,SxX7p+LXE8nssEiT5d5VMRr+sMo=,kCDaA+u1n8Zkv3iR/khK3UvpJIM=
-15,68,SxX7p+LXE8nssEiT5d5VMRr+sMo=,bG/r0ZNxUPHwGSXcN4P1t4qUcpg=
-12,68,SxX7p+LXE8nssEiT5d5VMRr+sMo=,semDk+3zFoyh3PwMZpQd6WJhBOY=
-13,71,SxX7p+LXE8nssEiT5d5VMRr+sMo=,bG/r0ZNxUPHwGSXcN4P1t4qUcpg=
-15,70,SxX7p+LXE8nssEiT5d5VMRr+sMo=,bG/r0ZNxUPHwGSXcN4P1t4qUcpg=
-16,67,SxX7p+LXE8nssEiT5d5VMRr+sMo=,2dxQFActUKQVprEu+zfhzTvmtCw=
-15,69,SxX7p+LXE8nssEiT5d5VMRr+sMo=,bG/r0ZNxUPHwGSXcN4P1t4qUcpg=
-13,70,SxX7p+LXE8nssEiT5d5VMRr+sMo=,bG/r0ZNxUPHwGSXcN4P1t4qUcpg=
-14,71,SxX7p+LXE8nssEiT5d5VMRr+sMo=,bG/r0ZNxUPHwGSXcN4P1t4qUcpg=
-14,70,SxX7p+LXE8nssEiT5d5VMRr+sMo=,bG/r0ZNxUPHwGSXcN4P1t4qUcpg=
-12,71,SxX7p+LXE8nssEiT5d5VMRr+sMo=,semDk+3zFoyh3PwMZpQd6WJhBOY=
-12,70,SxX7p+LXE8nssEiT5d5VMRr+sMo=,semDk+3zFoyh3PwMZpQd6WJhBOY=
-12,69,SxX7p+LXE8nssEiT5d5VMRr+sMo=,semDk+3zFoyh3PwMZpQd6WJhBOY=
-4,79,SxX7p+LXE8nssEiT5d5VMRr+sMo=,x/A4tKYoFnG5o2Iwo/+3oY8ZqIA=
-4,77,SxX7p+LXE8nssEiT5d5VMRr+sMo=,x/A4tKYoFnG5o2Iwo/+3oY8ZqIA=
-2,78,SxX7p+LXE8nssEiT5d5VMRr+sMo=,x/A4tKYoFnG5o2Iwo/+3oY8ZqIA=
-1,78,SxX7p+LXE8nssEiT5d5VMRr+sMo=,x/A4tKYoFnG5o2Iwo/+3oY8ZqIA=
-3,77,SxX7p+LXE8nssEiT5d5VMRr+sMo=,x/A4tKYoFnG5o2Iwo/+3oY8ZqIA=
-4,78,SxX7p+LXE8nssEiT5d5VMRr+sMo=,x/A4tKYoFnG5o2Iwo/+3oY8ZqIA=
-2,79,SxX7p+LXE8nssEiT5d5VMRr+sMo=,x/A4tKYoFnG5o2Iwo/+3oY8ZqIA=
-3,78,SxX7p+LXE8nssEiT5d5VMRr+sMo=,x/A4tKYoFnG5o2Iwo/+3oY8ZqIA=
-3,79,SxX7p+LXE8nssEiT5d5VMRr+sMo=,x/A4tKYoFnG5o2Iwo/+3oY8ZqIA=
-5,78,SxX7p+LXE8nssEiT5d5VMRr+sMo=,TKNlLnOtru9aboLzDNmEYXWXtCE=
-5,77,SxX7p+LXE8nssEiT5d5VMRr+sMo=,TKNlLnOtru9aboLzDNmEYXWXtCE=
-1,79,SxX7p+LXE8nssEiT5d5VMRr+sMo=,x/A4tKYoFnG5o2Iwo/+3oY8ZqIA=
-5,79,SxX7p+LXE8nssEiT5d5VMRr+sMo=,TKNlLnOtru9aboLzDNmEYXWXtCE=
-1,77,SxX7p+LXE8nssEiT5d5VMRr+sMo=,x/A4tKYoFnG5o2Iwo/+3oY8ZqIA=
-2,77,SxX7p+LXE8nssEiT5d5VMRr+sMo=,x/A4tKYoFnG5o2Iwo/+3oY8ZqIA=
-1,71,SxX7p+LXE8nssEiT5d5VMRr+sMo=,obcWtKRG/UL8PYnTnON0mzot508=
-1,74,SxX7p+LXE8nssEiT5d5VMRr+sMo=,CddOJWRshHIG8/HmAWwTqx8dHbY=
-3,74,SxX7p+LXE8nssEiT5d5VMRr+sMo=,CddOJWRshHIG8/HmAWwTqx8dHbY=
-4,75,SxX7p+LXE8nssEiT5d5VMRr+sMo=,CddOJWRshHIG8/HmAWwTqx8dHbY=
-5,76,SxX7p+LXE8nssEiT5d5VMRr+sMo=,TKNlLnOtru9aboLzDNmEYXWXtCE=
-1,76,SxX7p+LXE8nssEiT5d5VMRr+sMo=,x/A4tKYoFnG5o2Iwo/+3oY8ZqIA=
-2,74,SxX7p+LXE8nssEiT5d5VMRr+sMo=,CddOJWRshHIG8/HmAWwTqx8dHbY=
-5,72,SxX7p+LXE8nssEiT5d5VMRr+sMo=,Oy16p+4tGbIbudD1ClmaPDV9mRs=
-3,75,SxX7p+LXE8nssEiT5d5VMRr+sMo=,CddOJWRshHIG8/HmAWwTqx8dHbY=
-3,73,SxX7p+LXE8nssEiT5d5VMRr+sMo=,CddOJWRshHIG8/HmAWwTqx8dHbY=
-1,72,SxX7p+LXE8nssEiT5d5VMRr+sMo=,CddOJWRshHIG8/HmAWwTqx8dHbY=
-4,73,SxX7p+LXE8nssEiT5d5VMRr+sMo=,CddOJWRshHIG8/HmAWwTqx8dHbY=
-4,74,SxX7p+LXE8nssEiT5d5VMRr+sMo=,CddOJWRshHIG8/HmAWwTqx8dHbY=
-1,73,SxX7p+LXE8nssEiT5d5VMRr+sMo=,CddOJWRshHIG8/HmAWwTqx8dHbY=
-2,73,SxX7p+LXE8nssEiT5d5VMRr+sMo=,CddOJWRshHIG8/HmAWwTqx8dHbY=
-3,76,SxX7p+LXE8nssEiT5d5VMRr+sMo=,x/A4tKYoFnG5o2Iwo/+3oY8ZqIA=
-5,75,SxX7p+LXE8nssEiT5d5VMRr+sMo=,Oy16p+4tGbIbudD1ClmaPDV9mRs=
-2,71,SxX7p+LXE8nssEiT5d5VMRr+sMo=,obcWtKRG/UL8PYnTnON0mzot508=
-2,72,SxX7p+LXE8nssEiT5d5VMRr+sMo=,CddOJWRshHIG8/HmAWwTqx8dHbY=
-2,76,SxX7p+LXE8nssEiT5d5VMRr+sMo=,x/A4tKYoFnG5o2Iwo/+3oY8ZqIA=
-4,72,SxX7p+LXE8nssEiT5d5VMRr+sMo=,CddOJWRshHIG8/HmAWwTqx8dHbY=
-4,76,SxX7p+LXE8nssEiT5d5VMRr+sMo=,x/A4tKYoFnG5o2Iwo/+3oY8ZqIA=
-3,72,SxX7p+LXE8nssEiT5d5VMRr+sMo=,CddOJWRshHIG8/HmAWwTqx8dHbY=
-2,75,SxX7p+LXE8nssEiT5d5VMRr+sMo=,CddOJWRshHIG8/HmAWwTqx8dHbY=
-1,75,SxX7p+LXE8nssEiT5d5VMRr+sMo=,CddOJWRshHIG8/HmAWwTqx8dHbY=
-3,71,SxX7p+LXE8nssEiT5d5VMRr+sMo=,obcWtKRG/UL8PYnTnON0mzot508=
-5,73,SxX7p+LXE8nssEiT5d5VMRr+sMo=,Oy16p+4tGbIbudD1ClmaPDV9mRs=
-5,74,SxX7p+LXE8nssEiT5d5VMRr+sMo=,Oy16p+4tGbIbudD1ClmaPDV9mRs=
-5,71,SxX7p+LXE8nssEiT5d5VMRr+sMo=,tQnhQxGIzVulmUlKZ2b9hmAY8+s=
-4,71,SxX7p+LXE8nssEiT5d5VMRr+sMo=,obcWtKRG/UL8PYnTnON0mzot508=
