-57,0,lr5mT5a5R6TN2Ukzovd0niW8yhM=,DpnlzsAWxMeNdT1MgEsHaisaIEE=
-56,0,lr5mT5a5R6TN2Ukzovd0niW8yhM=,GuWZFC+E5Ym31f5VsMJsI33jiHg=
-58,1,lr5mT5a5R6TN2Ukzovd0niW8yhM=,DpnlzsAWxMeNdT1MgEsHaisaIEE=
-59,1,lr5mT5a5R6TN2Ukzovd0niW8yhM=,mxsxJW0S23QruM5U4RC02fmLEnI=
-50,1,lr5mT5a5R6TN2Ukzovd0niW8yhM=,y/TLwtlWt1/93Ri9JPltVSceQcs=
-51,1,lr5mT5a5R6TN2Ukzovd0niW8yhM=,tBx1JjGEeZWcoURdS9jU6ZxOLRc=
-53,1,lr5mT5a5R6TN2Ukzovd0niW8yhM=,vsJbtuWK+MJODocZ1emkHx1Atg0=
-52,1,lr5mT5a5R6TN2Ukzovd0niW8yhM=,tBx1JjGEeZWcoURdS9jU6ZxOLRc=
-56,1,lr5mT5a5R6TN2Ukzovd0niW8yhM=,GuWZFC+E5Ym31f5VsMJsI33jiHg=
-54,1,lr5mT5a5R6TN2Ukzovd0niW8yhM=,vsJbtuWK+MJODocZ1emkHx1Atg0=
-57,1,lr5mT5a5R6TN2Ukzovd0niW8yhM=,DpnlzsAWxMeNdT1MgEsHaisaIEE=
-55,1,lr5mT5a5R6TN2Ukzovd0niW8yhM=,GuWZFC+E5Ym31f5VsMJsI33jiHg=
-49,1,lr5mT5a5R6TN2Ukzovd0niW8yhM=,y/TLwtlWt1/93Ri9JPltVSceQcs=
-54,0,lr5mT5a5R6TN2Ukzovd0niW8yhM=,vsJbtuWK+MJODocZ1emkHx1Atg0=
-52,0,lr5mT5a5R6TN2Ukzovd0niW8yhM=,tBx1JjGEeZWcoURdS9jU6ZxOLRc=
-55,0,lr5mT5a5R6TN2Ukzovd0niW8yhM=,GuWZFC+E5Ym31f5VsMJsI33jiHg=
-53,0,lr5mT5a5R6TN2Ukzovd0niW8yhM=,vsJbtuWK+MJODocZ1emkHx1Atg0=
-50,0,lr5mT5a5R6TN2Ukzovd0niW8yhM=,y/TLwtlWt1/93Ri9JPltVSceQcs=
-49,0,lr5mT5a5R6TN2Ukzovd0niW8yhM=,y/TLwtlWt1/93Ri9JPltVSceQcs=
-51,0,lr5mT5a5R6TN2Ukzovd0niW8yhM=,tBx1JjGEeZWcoURdS9jU6ZxOLRc=
-58,0,lr5mT5a5R6TN2Ukzovd0niW8yhM=,DpnlzsAWxMeNdT1MgEsHaisaIEE=
-59,0,lr5mT5a5R6TN2Ukzovd0niW8yhM=,mxsxJW0S23QruM5U4RC02fmLEnI=
-60,1,lr5mT5a5R6TN2Ukzovd0niW8yhM=,mxsxJW0S23QruM5U4RC02fmLEnI=
-61,1,lr5mT5a5R6TN2Ukzovd0niW8yhM=,bOtYLSZdcI2FrpoWnqcVmY6Cy4o=
-60,0,lr5mT5a5R6TN2Ukzovd0niW8yhM=,mxsxJW0S23QruM5U4RC02fmLEnI=
-61,0,lr5mT5a5R6TN2Ukzovd0niW8yhM=,bOtYLSZdcI2FrpoWnqcVmY6Cy4o=
-64,1,lr5mT5a5R6TN2Ukzovd0niW8yhM=,Z/zYyRTgxLbBlDRIREMUhSflv50=
-62,1,lr5mT5a5R6TN2Ukzovd0niW8yhM=,bOtYLSZdcI2FrpoWnqcVmY6Cy4o=
-62,0,lr5mT5a5R6TN2Ukzovd0niW8yhM=,bOtYLSZdcI2FrpoWnqcVmY6Cy4o=
-63,1,lr5mT5a5R6TN2Ukzovd0niW8yhM=,Z/zYyRTgxLbBlDRIREMUhSflv50=
-63,0,lr5mT5a5R6TN2Ukzovd0niW8yhM=,Z/zYyRTgxLbBlDRIREMUhSflv50=
-64,0,lr5mT5a5R6TN2Ukzovd0niW8yhM=,Z/zYyRTgxLbBlDRIREMUhSflv50=
-34,14,lr5mT5a5R6TN2Ukzovd0niW8yhM=,cpMn9bs8VVYsKvPL5MXU3zRyop4=
-33,10,lr5mT5a5R6TN2Ukzovd0niW8yhM=,qkFHsh7RJukREO9A6Dx+3VWnJGc=
-33,9,lr5mT5a5R6TN2Ukzovd0niW8yhM=,pkGIpYIKrt6Td5WxfgjfSQglvt4=
-33,14,lr5mT5a5R6TN2Ukzovd0niW8yhM=,cpMn9bs8VVYsKvPL5MXU3zRyop4=
-34,12,lr5mT5a5R6TN2Ukzovd0niW8yhM=,nemPLi8Xo4QmpdULd4ZJczlRQTk=
-33,15,lr5mT5a5R6TN2Ukzovd0niW8yhM=,cpMn9bs8VVYsKvPL5MXU3zRyop4=
-34,13,lr5mT5a5R6TN2Ukzovd0niW8yhM=,nemPLi8Xo4QmpdULd4ZJczlRQTk=
-33,13,lr5mT5a5R6TN2Ukzovd0niW8yhM=,nemPLi8Xo4QmpdULd4ZJczlRQTk=
-34,10,lr5mT5a5R6TN2Ukzovd0niW8yhM=,qkFHsh7RJukREO9A6Dx+3VWnJGc=
-34,11,lr5mT5a5R6TN2Ukzovd0niW8yhM=,qkFHsh7RJukREO9A6Dx+3VWnJGc=
-33,11,lr5mT5a5R6TN2Ukzovd0niW8yhM=,qkFHsh7RJukREO9A6Dx+3VWnJGc=
-33,12,lr5mT5a5R6TN2Ukzovd0niW8yhM=,nemPLi8Xo4QmpdULd4ZJczlRQTk=
-34,9,lr5mT5a5R6TN2Ukzovd0niW8yhM=,pkGIpYIKrt6Td5WxfgjfSQglvt4=
-34,7,lr5mT5a5R6TN2Ukzovd0niW8yhM=,UjeJTuQb82G922A6Xe06mHarpck=
-33,8,lr5mT5a5R6TN2Ukzovd0niW8yhM=,pkGIpYIKrt6Td5WxfgjfSQglvt4=
-34,6,lr5mT5a5R6TN2Ukzovd0niW8yhM=,UjeJTuQb82G922A6Xe06mHarpck=
-34,5,lr5mT5a5R6TN2Ukzovd0niW8yhM=,55axpXdpf5Uo91+jnku2bPKyEvU=
-33,5,lr5mT5a5R6TN2Ukzovd0niW8yhM=,55axpXdpf5Uo91+jnku2bPKyEvU=
-34,8,lr5mT5a5R6TN2Ukzovd0niW8yhM=,pkGIpYIKrt6Td5WxfgjfSQglvt4=
-33,7,lr5mT5a5R6TN2Ukzovd0niW8yhM=,UjeJTuQb82G922A6Xe06mHarpck=
-33,6,lr5mT5a5R6TN2Ukzovd0niW8yhM=,UjeJTuQb82G922A6Xe06mHarpck=
-36,1,lr5mT5a5R6TN2Ukzovd0niW8yhM=,B262pOKmJJ+T+LPjKSht1PRnkbA=
-37,1,lr5mT5a5R6TN2Ukzovd0niW8yhM=,fu3XtY1P2opRk8JF0dBuhJheOLA=
-39,1,lr5mT5a5R6TN2Ukzovd0niW8yhM=,28uu0EjLScsbFullCQiEUwT36Rk=
-38,1,lr5mT5a5R6TN2Ukzovd0niW8yhM=,fu3XtY1P2opRk8JF0dBuhJheOLA=
-37,0,lr5mT5a5R6TN2Ukzovd0niW8yhM=,fu3XtY1P2opRk8JF0dBuhJheOLA=
-36,0,lr5mT5a5R6TN2Ukzovd0niW8yhM=,B262pOKmJJ+T+LPjKSht1PRnkbA=
-38,0,lr5mT5a5R6TN2Ukzovd0niW8yhM=,fu3XtY1P2opRk8JF0dBuhJheOLA=
-39,0,lr5mT5a5R6TN2Ukzovd0niW8yhM=,28uu0EjLScsbFullCQiEUwT36Rk=
-44,1,lr5mT5a5R6TN2Ukzovd0niW8yhM=,sy1shSFjssILOKaY++DV8NSE13s=
-45,1,lr5mT5a5R6TN2Ukzovd0niW8yhM=,F8gx63QiIYLX4xQOeMhHNb3ezBI=
-42,1,lr5mT5a5R6TN2Ukzovd0niW8yhM=,oTvxGL5NN3fbfpvX8zvm+AiQS5g=
-41,1,lr5mT5a5R6TN2Ukzovd0niW8yhM=,oTvxGL5NN3fbfpvX8zvm+AiQS5g=
-43,1,lr5mT5a5R6TN2Ukzovd0niW8yhM=,sy1shSFjssILOKaY++DV8NSE13s=
-40,1,lr5mT5a5R6TN2Ukzovd0niW8yhM=,28uu0EjLScsbFullCQiEUwT36Rk=
-41,0,lr5mT5a5R6TN2Ukzovd0niW8yhM=,oTvxGL5NN3fbfpvX8zvm+AiQS5g=
-40,0,lr5mT5a5R6TN2Ukzovd0niW8yhM=,28uu0EjLScsbFullCQiEUwT36Rk=
-46,1,lr5mT5a5R6TN2Ukzovd0niW8yhM=,F8gx63QiIYLX4xQOeMhHNb3ezBI=
-47,1,lr5mT5a5R6TN2Ukzovd0niW8yhM=,geN1CYRCPrFwv9BTGpNCZcCM4p4=
-34,1,lr5mT5a5R6TN2Ukzovd0niW8yhM=,X6QYEoNYH8cvmo/IOv8VqnAd8FU=
-34,4,lr5mT5a5R6TN2Ukzovd0niW8yhM=,55axpXdpf5Uo91+jnku2bPKyEvU=
-35,1,lr5mT5a5R6TN2Ukzovd0niW8yhM=,B262pOKmJJ+T+LPjKSht1PRnkbA=
-33,4,lr5mT5a5R6TN2Ukzovd0niW8yhM=,55axpXdpf5Uo91+jnku2bPKyEvU=
-45,0,lr5mT5a5R6TN2Ukzovd0niW8yhM=,F8gx63QiIYLX4xQOeMhHNb3ezBI=
-44,0,lr5mT5a5R6TN2Ukzovd0niW8yhM=,sy1shSFjssILOKaY++DV8NSE13s=
-43,0,lr5mT5a5R6TN2Ukzovd0niW8yhM=,sy1shSFjssILOKaY++DV8NSE13s=
-33,1,lr5mT5a5R6TN2Ukzovd0niW8yhM=,X6QYEoNYH8cvmo/IOv8VqnAd8FU=
-48,1,lr5mT5a5R6TN2Ukzovd0niW8yhM=,geN1CYRCPrFwv9BTGpNCZcCM4p4=
-34,15,lr5mT5a5R6TN2Ukzovd0niW8yhM=,cpMn9bs8VVYsKvPL5MXU3zRyop4=
-48,0,lr5mT5a5R6TN2Ukzovd0niW8yhM=,geN1CYRCPrFwv9BTGpNCZcCM4p4=
-47,0,lr5mT5a5R6TN2Ukzovd0niW8yhM=,geN1CYRCPrFwv9BTGpNCZcCM4p4=
-46,0,lr5mT5a5R6TN2Ukzovd0niW8yhM=,F8gx63QiIYLX4xQOeMhHNb3ezBI=
-42,0,lr5mT5a5R6TN2Ukzovd0niW8yhM=,oTvxGL5NN3fbfpvX8zvm+AiQS5g=
-35,0,lr5mT5a5R6TN2Ukzovd0niW8yhM=,B262pOKmJJ+T+LPjKSht1PRnkbA=
-34,0,lr5mT5a5R6TN2Ukzovd0niW8yhM=,X6QYEoNYH8cvmo/IOv8VqnAd8FU=
-33,0,lr5mT5a5R6TN2Ukzovd0niW8yhM=,X6QYEoNYH8cvmo/IOv8VqnAd8FU=
-33,16,9Ev8LVrbQm2lBr69yA79qLq4reU=,o/iaarAwVL6ulzValveSfMNrg28=
-34,16,9Ev8LVrbQm2lBr69yA79qLq4reU=,o/iaarAwVL6ulzValveSfMNrg28=
-34,17,9Ev8LVrbQm2lBr69yA79qLq4reU=,o/iaarAwVL6ulzValveSfMNrg28=
-33,17,9Ev8LVrbQm2lBr69yA79qLq4reU=,o/iaarAwVL6ulzValveSfMNrg28=
-34,19,9Ev8LVrbQm2lBr69yA79qLq4reU=,B4NIC8qPf/Nri1YNsN9WPRZyzP0=
-34,18,9Ev8LVrbQm2lBr69yA79qLq4reU=,B4NIC8qPf/Nri1YNsN9WPRZyzP0=
-33,19,9Ev8LVrbQm2lBr69yA79qLq4reU=,B4NIC8qPf/Nri1YNsN9WPRZyzP0=
-33,18,9Ev8LVrbQm2lBr69yA79qLq4reU=,B4NIC8qPf/Nri1YNsN9WPRZyzP0=
