-455,-2,W1qY0ausPvsqwUSe2oFfZhuKtok=,aOvBL1U0Iwfle3M3fXM15C+d44A=
-451,-2,W1qY0ausPvsqwUSe2oFfZhuKtok=,kQc6jPAyMFe8Xo5b35WoQz7KT1M=
-452,-3,W1qY0ausPvsqwUSe2oFfZhuKtok=,kQc6jPAyMFe8Xo5b35WoQz7KT1M=
-453,-3,W1qY0ausPvsqwUSe2oFfZhuKtok=,aOvBL1U0Iwfle3M3fXM15C+d44A=
-453,-2,W1qY0ausPvsqwUSe2oFfZhuKtok=,aOvBL1U0Iwfle3M3fXM15C+d44A=
-451,-3,W1qY0ausPvsqwUSe2oFfZhuKtok=,kQc6jPAyMFe8Xo5b35WoQz7KT1M=
-452,-2,W1qY0ausPvsqwUSe2oFfZhuKtok=,kQc6jPAyMFe8Xo5b35WoQz7KT1M=
-450,-3,W1qY0ausPvsqwUSe2oFfZhuKtok=,kQc6jPAyMFe8Xo5b35WoQz7KT1M=
-450,-2,W1qY0ausPvsqwUSe2oFfZhuKtok=,kQc6jPAyMFe8Xo5b35WoQz7KT1M=
-454,-3,W1qY0ausPvsqwUSe2oFfZhuKtok=,aOvBL1U0Iwfle3M3fXM15C+d44A=
-455,-3,W1qY0ausPvsqwUSe2oFfZhuKtok=,aOvBL1U0Iwfle3M3fXM15C+d44A=
-454,-2,W1qY0ausPvsqwUSe2oFfZhuKtok=,aOvBL1U0Iwfle3M3fXM15C+d44A=
-463,-3,W1qY0ausPvsqwUSe2oFfZhuKtok=,5gp9CsS6l2ag8kW5pBeSBoRqRCU=
-462,-3,W1qY0ausPvsqwUSe2oFfZhuKtok=,5gp9CsS6l2ag8kW5pBeSBoRqRCU=
-463,-4,W1qY0ausPvsqwUSe2oFfZhuKtok=,5gp9CsS6l2ag8kW5pBeSBoRqRCU=
-463,-2,W1qY0ausPvsqwUSe2oFfZhuKtok=,5gp9CsS6l2ag8kW5pBeSBoRqRCU=
-462,-4,W1qY0ausPvsqwUSe2oFfZhuKtok=,5gp9CsS6l2ag8kW5pBeSBoRqRCU=
-462,-2,W1qY0ausPvsqwUSe2oFfZhuKtok=,5gp9CsS6l2ag8kW5pBeSBoRqRCU=
-460,-3,W1qY0ausPvsqwUSe2oFfZhuKtok=,IaIJwPGNACqpJECak4p9nJ8I8Q4=
-459,-3,W1qY0ausPvsqwUSe2oFfZhuKtok=,IaIJwPGNACqpJECak4p9nJ8I8Q4=
-458,-3,W1qY0ausPvsqwUSe2oFfZhuKtok=,IaIJwPGNACqpJECak4p9nJ8I8Q4=
-460,-4,W1qY0ausPvsqwUSe2oFfZhuKtok=,IaIJwPGNACqpJECak4p9nJ8I8Q4=
-461,-3,W1qY0ausPvsqwUSe2oFfZhuKtok=,5gp9CsS6l2ag8kW5pBeSBoRqRCU=
-458,-4,W1qY0ausPvsqwUSe2oFfZhuKtok=,IaIJwPGNACqpJECak4p9nJ8I8Q4=
-459,-4,W1qY0ausPvsqwUSe2oFfZhuKtok=,IaIJwPGNACqpJECak4p9nJ8I8Q4=
-456,-2,W1qY0ausPvsqwUSe2oFfZhuKtok=,aOvBL1U0Iwfle3M3fXM15C+d44A=
-456,-3,W1qY0ausPvsqwUSe2oFfZhuKtok=,aOvBL1U0Iwfle3M3fXM15C+d44A=
-457,-3,W1qY0ausPvsqwUSe2oFfZhuKtok=,IaIJwPGNACqpJECak4p9nJ8I8Q4=
-460,-2,W1qY0ausPvsqwUSe2oFfZhuKtok=,IaIJwPGNACqpJECak4p9nJ8I8Q4=
-459,-2,W1qY0ausPvsqwUSe2oFfZhuKtok=,IaIJwPGNACqpJECak4p9nJ8I8Q4=
-458,-2,W1qY0ausPvsqwUSe2oFfZhuKtok=,IaIJwPGNACqpJECak4p9nJ8I8Q4=
-457,-2,W1qY0ausPvsqwUSe2oFfZhuKtok=,IaIJwPGNACqpJECak4p9nJ8I8Q4=
-461,-4,W1qY0ausPvsqwUSe2oFfZhuKtok=,5gp9CsS6l2ag8kW5pBeSBoRqRCU=
-461,-2,W1qY0ausPvsqwUSe2oFfZhuKtok=,5gp9CsS6l2ag8kW5pBeSBoRqRCU=
-464,-3,W1qY0ausPvsqwUSe2oFfZhuKtok=,5gp9CsS6l2ag8kW5pBeSBoRqRCU=
-464,-2,W1qY0ausPvsqwUSe2oFfZhuKtok=,5gp9CsS6l2ag8kW5pBeSBoRqRCU=
-458,-1,W1qY0ausPvsqwUSe2oFfZhuKtok=,IaIJwPGNACqpJECak4p9nJ8I8Q4=
-459,-1,W1qY0ausPvsqwUSe2oFfZhuKtok=,IaIJwPGNACqpJECak4p9nJ8I8Q4=
-461,-1,W1qY0ausPvsqwUSe2oFfZhuKtok=,5gp9CsS6l2ag8kW5pBeSBoRqRCU=
-449,-3,W1qY0ausPvsqwUSe2oFfZhuKtok=,kQc6jPAyMFe8Xo5b35WoQz7KT1M=
-460,-1,W1qY0ausPvsqwUSe2oFfZhuKtok=,IaIJwPGNACqpJECak4p9nJ8I8Q4=
-449,-2,W1qY0ausPvsqwUSe2oFfZhuKtok=,kQc6jPAyMFe8Xo5b35WoQz7KT1M=
-462,-1,W1qY0ausPvsqwUSe2oFfZhuKtok=,5gp9CsS6l2ag8kW5pBeSBoRqRCU=
-456,-4,W1qY0ausPvsqwUSe2oFfZhuKtok=,aOvBL1U0Iwfle3M3fXM15C+d44A=
-455,-4,W1qY0ausPvsqwUSe2oFfZhuKtok=,aOvBL1U0Iwfle3M3fXM15C+d44A=
-454,-4,W1qY0ausPvsqwUSe2oFfZhuKtok=,aOvBL1U0Iwfle3M3fXM15C+d44A=
-457,-4,W1qY0ausPvsqwUSe2oFfZhuKtok=,IaIJwPGNACqpJECak4p9nJ8I8Q4=
-452,-4,W1qY0ausPvsqwUSe2oFfZhuKtok=,kQc6jPAyMFe8Xo5b35WoQz7KT1M=
-451,-4,W1qY0ausPvsqwUSe2oFfZhuKtok=,kQc6jPAyMFe8Xo5b35WoQz7KT1M=
-450,-4,W1qY0ausPvsqwUSe2oFfZhuKtok=,kQc6jPAyMFe8Xo5b35WoQz7KT1M=
-453,-4,W1qY0ausPvsqwUSe2oFfZhuKtok=,aOvBL1U0Iwfle3M3fXM15C+d44A=
-449,-4,W1qY0ausPvsqwUSe2oFfZhuKtok=,kQc6jPAyMFe8Xo5b35WoQz7KT1M=
-464,-4,W1qY0ausPvsqwUSe2oFfZhuKtok=,5gp9CsS6l2ag8kW5pBeSBoRqRCU=
-450,-1,W1qY0ausPvsqwUSe2oFfZhuKtok=,kQc6jPAyMFe8Xo5b35WoQz7KT1M=
-454,-1,W1qY0ausPvsqwUSe2oFfZhuKtok=,aOvBL1U0Iwfle3M3fXM15C+d44A=
-463,-1,W1qY0ausPvsqwUSe2oFfZhuKtok=,5gp9CsS6l2ag8kW5pBeSBoRqRCU=
-449,-1,W1qY0ausPvsqwUSe2oFfZhuKtok=,kQc6jPAyMFe8Xo5b35WoQz7KT1M=
-457,-1,W1qY0ausPvsqwUSe2oFfZhuKtok=,IaIJwPGNACqpJECak4p9nJ8I8Q4=
-455,-1,W1qY0ausPvsqwUSe2oFfZhuKtok=,aOvBL1U0Iwfle3M3fXM15C+d44A=
-453,-1,W1qY0ausPvsqwUSe2oFfZhuKtok=,aOvBL1U0Iwfle3M3fXM15C+d44A=
-451,-1,W1qY0ausPvsqwUSe2oFfZhuKtok=,kQc6jPAyMFe8Xo5b35WoQz7KT1M=
-456,-1,W1qY0ausPvsqwUSe2oFfZhuKtok=,aOvBL1U0Iwfle3M3fXM15C+d44A=
-452,-1,W1qY0ausPvsqwUSe2oFfZhuKtok=,kQc6jPAyMFe8Xo5b35WoQz7KT1M=
-464,-1,W1qY0ausPvsqwUSe2oFfZhuKtok=,5gp9CsS6l2ag8kW5pBeSBoRqRCU=
-467,-3,W1qY0ausPvsqwUSe2oFfZhuKtok=,2pubztzhTcyoTpzcFVFBAK9ejbs=
-468,-3,W1qY0ausPvsqwUSe2oFfZhuKtok=,2pubztzhTcyoTpzcFVFBAK9ejbs=
-468,-2,W1qY0ausPvsqwUSe2oFfZhuKtok=,2pubztzhTcyoTpzcFVFBAK9ejbs=
-470,-3,W1qY0ausPvsqwUSe2oFfZhuKtok=,0uvxbhPRywrTjixBTHY17bu4Rfo=
-469,-3,W1qY0ausPvsqwUSe2oFfZhuKtok=,0uvxbhPRywrTjixBTHY17bu4Rfo=
-470,-2,W1qY0ausPvsqwUSe2oFfZhuKtok=,0uvxbhPRywrTjixBTHY17bu4Rfo=
-469,-2,W1qY0ausPvsqwUSe2oFfZhuKtok=,0uvxbhPRywrTjixBTHY17bu4Rfo=
-471,-2,W1qY0ausPvsqwUSe2oFfZhuKtok=,0uvxbhPRywrTjixBTHY17bu4Rfo=
-471,-3,W1qY0ausPvsqwUSe2oFfZhuKtok=,0uvxbhPRywrTjixBTHY17bu4Rfo=
-467,-2,W1qY0ausPvsqwUSe2oFfZhuKtok=,2pubztzhTcyoTpzcFVFBAK9ejbs=
-466,-3,W1qY0ausPvsqwUSe2oFfZhuKtok=,2pubztzhTcyoTpzcFVFBAK9ejbs=
-466,-2,W1qY0ausPvsqwUSe2oFfZhuKtok=,2pubztzhTcyoTpzcFVFBAK9ejbs=
-478,-3,W1qY0ausPvsqwUSe2oFfZhuKtok=,r7rgPnuQiUIGBbuK1lpFQZ8BaUQ=
-479,-3,W1qY0ausPvsqwUSe2oFfZhuKtok=,r7rgPnuQiUIGBbuK1lpFQZ8BaUQ=
-479,-2,W1qY0ausPvsqwUSe2oFfZhuKtok=,r7rgPnuQiUIGBbuK1lpFQZ8BaUQ=
-468,-4,W1qY0ausPvsqwUSe2oFfZhuKtok=,2pubztzhTcyoTpzcFVFBAK9ejbs=
-467,-4,W1qY0ausPvsqwUSe2oFfZhuKtok=,2pubztzhTcyoTpzcFVFBAK9ejbs=
-469,-4,W1qY0ausPvsqwUSe2oFfZhuKtok=,0uvxbhPRywrTjixBTHY17bu4Rfo=
-466,-4,W1qY0ausPvsqwUSe2oFfZhuKtok=,2pubztzhTcyoTpzcFVFBAK9ejbs=
-478,-2,W1qY0ausPvsqwUSe2oFfZhuKtok=,r7rgPnuQiUIGBbuK1lpFQZ8BaUQ=
-471,-4,W1qY0ausPvsqwUSe2oFfZhuKtok=,0uvxbhPRywrTjixBTHY17bu4Rfo=
-470,-4,W1qY0ausPvsqwUSe2oFfZhuKtok=,0uvxbhPRywrTjixBTHY17bu4Rfo=
-476,-3,W1qY0ausPvsqwUSe2oFfZhuKtok=,0toIp6Tek1U6kwaahZXUIIGb92I=
-472,-4,W1qY0ausPvsqwUSe2oFfZhuKtok=,0uvxbhPRywrTjixBTHY17bu4Rfo=
-475,-3,W1qY0ausPvsqwUSe2oFfZhuKtok=,0toIp6Tek1U6kwaahZXUIIGb92I=
-474,-3,W1qY0ausPvsqwUSe2oFfZhuKtok=,0toIp6Tek1U6kwaahZXUIIGb92I=
-473,-3,W1qY0ausPvsqwUSe2oFfZhuKtok=,0toIp6Tek1U6kwaahZXUIIGb92I=
-472,-2,W1qY0ausPvsqwUSe2oFfZhuKtok=,0uvxbhPRywrTjixBTHY17bu4Rfo=
-477,-3,W1qY0ausPvsqwUSe2oFfZhuKtok=,r7rgPnuQiUIGBbuK1lpFQZ8BaUQ=
-476,-2,W1qY0ausPvsqwUSe2oFfZhuKtok=,0toIp6Tek1U6kwaahZXUIIGb92I=
-474,-4,W1qY0ausPvsqwUSe2oFfZhuKtok=,0toIp6Tek1U6kwaahZXUIIGb92I=
-475,-2,W1qY0ausPvsqwUSe2oFfZhuKtok=,0toIp6Tek1U6kwaahZXUIIGb92I=
-472,-3,W1qY0ausPvsqwUSe2oFfZhuKtok=,0uvxbhPRywrTjixBTHY17bu4Rfo=
-477,-2,W1qY0ausPvsqwUSe2oFfZhuKtok=,r7rgPnuQiUIGBbuK1lpFQZ8BaUQ=
-474,-2,W1qY0ausPvsqwUSe2oFfZhuKtok=,0toIp6Tek1U6kwaahZXUIIGb92I=
-473,-2,W1qY0ausPvsqwUSe2oFfZhuKtok=,0toIp6Tek1U6kwaahZXUIIGb92I=
-473,-4,W1qY0ausPvsqwUSe2oFfZhuKtok=,0toIp6Tek1U6kwaahZXUIIGb92I=
-475,-4,W1qY0ausPvsqwUSe2oFfZhuKtok=,0toIp6Tek1U6kwaahZXUIIGb92I=
-474,-1,W1qY0ausPvsqwUSe2oFfZhuKtok=,0toIp6Tek1U6kwaahZXUIIGb92I=
-475,-1,W1qY0ausPvsqwUSe2oFfZhuKtok=,0toIp6Tek1U6kwaahZXUIIGb92I=
-476,-1,W1qY0ausPvsqwUSe2oFfZhuKtok=,0toIp6Tek1U6kwaahZXUIIGb92I=
-479,-1,W1qY0ausPvsqwUSe2oFfZhuKtok=,r7rgPnuQiUIGBbuK1lpFQZ8BaUQ=
-477,-1,W1qY0ausPvsqwUSe2oFfZhuKtok=,r7rgPnuQiUIGBbuK1lpFQZ8BaUQ=
-478,-1,W1qY0ausPvsqwUSe2oFfZhuKtok=,r7rgPnuQiUIGBbuK1lpFQZ8BaUQ=
-476,-4,W1qY0ausPvsqwUSe2oFfZhuKtok=,0toIp6Tek1U6kwaahZXUIIGb92I=
-479,-4,W1qY0ausPvsqwUSe2oFfZhuKtok=,r7rgPnuQiUIGBbuK1lpFQZ8BaUQ=
-478,-4,W1qY0ausPvsqwUSe2oFfZhuKtok=,r7rgPnuQiUIGBbuK1lpFQZ8BaUQ=
-477,-4,W1qY0ausPvsqwUSe2oFfZhuKtok=,r7rgPnuQiUIGBbuK1lpFQZ8BaUQ=
-465,-2,W1qY0ausPvsqwUSe2oFfZhuKtok=,2pubztzhTcyoTpzcFVFBAK9ejbs=
-465,-3,W1qY0ausPvsqwUSe2oFfZhuKtok=,2pubztzhTcyoTpzcFVFBAK9ejbs=
-465,-4,W1qY0ausPvsqwUSe2oFfZhuKtok=,2pubztzhTcyoTpzcFVFBAK9ejbs=
-466,-1,W1qY0ausPvsqwUSe2oFfZhuKtok=,2pubztzhTcyoTpzcFVFBAK9ejbs=
-472,-1,W1qY0ausPvsqwUSe2oFfZhuKtok=,0uvxbhPRywrTjixBTHY17bu4Rfo=
-467,-1,W1qY0ausPvsqwUSe2oFfZhuKtok=,2pubztzhTcyoTpzcFVFBAK9ejbs=
-469,-1,W1qY0ausPvsqwUSe2oFfZhuKtok=,0uvxbhPRywrTjixBTHY17bu4Rfo=
-480,-3,W1qY0ausPvsqwUSe2oFfZhuKtok=,r7rgPnuQiUIGBbuK1lpFQZ8BaUQ=
-480,-4,W1qY0ausPvsqwUSe2oFfZhuKtok=,r7rgPnuQiUIGBbuK1lpFQZ8BaUQ=
-480,-2,W1qY0ausPvsqwUSe2oFfZhuKtok=,r7rgPnuQiUIGBbuK1lpFQZ8BaUQ=
-471,-1,W1qY0ausPvsqwUSe2oFfZhuKtok=,0uvxbhPRywrTjixBTHY17bu4Rfo=
-465,-1,W1qY0ausPvsqwUSe2oFfZhuKtok=,2pubztzhTcyoTpzcFVFBAK9ejbs=
-480,-1,W1qY0ausPvsqwUSe2oFfZhuKtok=,r7rgPnuQiUIGBbuK1lpFQZ8BaUQ=
-468,-1,W1qY0ausPvsqwUSe2oFfZhuKtok=,2pubztzhTcyoTpzcFVFBAK9ejbs=
-470,-1,W1qY0ausPvsqwUSe2oFfZhuKtok=,0uvxbhPRywrTjixBTHY17bu4Rfo=
-473,-1,W1qY0ausPvsqwUSe2oFfZhuKtok=,0toIp6Tek1U6kwaahZXUIIGb92I=
