21,-113,hQ5odSCJsAvSz+uluTbYoGtKjWs=,ajeo9QdxOyle91nMY+Bi3veswfs=
29,-127,hQ5odSCJsAvSz+uluTbYoGtKjWs=,2+R+xsvvhJmIIuQpmIv4bRsdVEs=
31,-128,hQ5odSCJsAvSz+uluTbYoGtKjWs=,2+R+xsvvhJmIIuQpmIv4bRsdVEs=
30,-127,hQ5odSCJsAvSz+uluTbYoGtKjWs=,2+R+xsvvhJmIIuQpmIv4bRsdVEs=
31,-127,hQ5odSCJsAvSz+uluTbYoGtKjWs=,2+R+xsvvhJmIIuQpmIv4bRsdVEs=
29,-125,hQ5odSCJsAvSz+uluTbYoGtKjWs=,2+R+xsvvhJmIIuQpmIv4bRsdVEs=
29,-128,hQ5odSCJsAvSz+uluTbYoGtKjWs=,2+R+xsvvhJmIIuQpmIv4bRsdVEs=
30,-125,hQ5odSCJsAvSz+uluTbYoGtKjWs=,2+R+xsvvhJmIIuQpmIv4bRsdVEs=
29,-126,hQ5odSCJsAvSz+uluTbYoGtKjWs=,2+R+xsvvhJmIIuQpmIv4bRsdVEs=
30,-128,hQ5odSCJsAvSz+uluTbYoGtKjWs=,2+R+xsvvhJmIIuQpmIv4bRsdVEs=
30,-126,hQ5odSCJsAvSz+uluTbYoGtKjWs=,2+R+xsvvhJmIIuQpmIv4bRsdVEs=
31,-126,hQ5odSCJsAvSz+uluTbYoGtKjWs=,2+R+xsvvhJmIIuQpmIv4bRsdVEs=
31,-125,hQ5odSCJsAvSz+uluTbYoGtKjWs=,2+R+xsvvhJmIIuQpmIv4bRsdVEs=
22,-116,hQ5odSCJsAvSz+uluTbYoGtKjWs=,ajeo9QdxOyle91nMY+Bi3veswfs=
22,-115,hQ5odSCJsAvSz+uluTbYoGtKjWs=,ajeo9QdxOyle91nMY+Bi3veswfs=
21,-115,hQ5odSCJsAvSz+uluTbYoGtKjWs=,ajeo9QdxOyle91nMY+Bi3veswfs=
20,-116,hQ5odSCJsAvSz+uluTbYoGtKjWs=,ajeo9QdxOyle91nMY+Bi3veswfs=
21,-116,hQ5odSCJsAvSz+uluTbYoGtKjWs=,ajeo9QdxOyle91nMY+Bi3veswfs=
22,-114,hQ5odSCJsAvSz+uluTbYoGtKjWs=,ajeo9QdxOyle91nMY+Bi3veswfs=
23,-115,hQ5odSCJsAvSz+uluTbYoGtKjWs=,ajeo9QdxOyle91nMY+Bi3veswfs=
23,-116,hQ5odSCJsAvSz+uluTbYoGtKjWs=,ajeo9QdxOyle91nMY+Bi3veswfs=
23,-114,hQ5odSCJsAvSz+uluTbYoGtKjWs=,ajeo9QdxOyle91nMY+Bi3veswfs=
20,-115,hQ5odSCJsAvSz+uluTbYoGtKjWs=,ajeo9QdxOyle91nMY+Bi3veswfs=
23,-113,hQ5odSCJsAvSz+uluTbYoGtKjWs=,ajeo9QdxOyle91nMY+Bi3veswfs=
21,-114,hQ5odSCJsAvSz+uluTbYoGtKjWs=,ajeo9QdxOyle91nMY+Bi3veswfs=
22,-113,hQ5odSCJsAvSz+uluTbYoGtKjWs=,ajeo9QdxOyle91nMY+Bi3veswfs=
20,-114,hQ5odSCJsAvSz+uluTbYoGtKjWs=,ajeo9QdxOyle91nMY+Bi3veswfs=
20,-113,hQ5odSCJsAvSz+uluTbYoGtKjWs=,ajeo9QdxOyle91nMY+Bi3veswfs=
26,-125,hQ5odSCJsAvSz+uluTbYoGtKjWs=,OUP2TmxkEW0kmTwipkiFxLQKMdY=
24,-127,hQ5odSCJsAvSz+uluTbYoGtKjWs=,OUP2TmxkEW0kmTwipkiFxLQKMdY=
26,-126,hQ5odSCJsAvSz+uluTbYoGtKjWs=,OUP2TmxkEW0kmTwipkiFxLQKMdY=
25,-125,hQ5odSCJsAvSz+uluTbYoGtKjWs=,OUP2TmxkEW0kmTwipkiFxLQKMdY=
26,-127,hQ5odSCJsAvSz+uluTbYoGtKjWs=,OUP2TmxkEW0kmTwipkiFxLQKMdY=
24,-126,hQ5odSCJsAvSz+uluTbYoGtKjWs=,OUP2TmxkEW0kmTwipkiFxLQKMdY=
24,-125,hQ5odSCJsAvSz+uluTbYoGtKjWs=,OUP2TmxkEW0kmTwipkiFxLQKMdY=
25,-127,hQ5odSCJsAvSz+uluTbYoGtKjWs=,OUP2TmxkEW0kmTwipkiFxLQKMdY=
28,-125,hQ5odSCJsAvSz+uluTbYoGtKjWs=,2+R+xsvvhJmIIuQpmIv4bRsdVEs=
25,-126,hQ5odSCJsAvSz+uluTbYoGtKjWs=,OUP2TmxkEW0kmTwipkiFxLQKMdY=
26,-128,hQ5odSCJsAvSz+uluTbYoGtKjWs=,OUP2TmxkEW0kmTwipkiFxLQKMdY=
24,-128,hQ5odSCJsAvSz+uluTbYoGtKjWs=,OUP2TmxkEW0kmTwipkiFxLQKMdY=
27,-125,hQ5odSCJsAvSz+uluTbYoGtKjWs=,OUP2TmxkEW0kmTwipkiFxLQKMdY=
27,-126,hQ5odSCJsAvSz+uluTbYoGtKjWs=,OUP2TmxkEW0kmTwipkiFxLQKMdY=
27,-127,hQ5odSCJsAvSz+uluTbYoGtKjWs=,OUP2TmxkEW0kmTwipkiFxLQKMdY=
25,-128,hQ5odSCJsAvSz+uluTbYoGtKjWs=,OUP2TmxkEW0kmTwipkiFxLQKMdY=
28,-126,hQ5odSCJsAvSz+uluTbYoGtKjWs=,2+R+xsvvhJmIIuQpmIv4bRsdVEs=
28,-127,hQ5odSCJsAvSz+uluTbYoGtKjWs=,2+R+xsvvhJmIIuQpmIv4bRsdVEs=
28,-128,hQ5odSCJsAvSz+uluTbYoGtKjWs=,2+R+xsvvhJmIIuQpmIv4bRsdVEs=
27,-128,hQ5odSCJsAvSz+uluTbYoGtKjWs=,OUP2TmxkEW0kmTwipkiFxLQKMdY=
17,-106,BacJPpwaBTZptq7bbSoMACU1uFs=,z2oyx3hf20OxMO+/J2EUqenuOKw=
17,-107,BacJPpwaBTZptq7bbSoMACU1uFs=,z2oyx3hf20OxMO+/J2EUqenuOKw=
18,-107,BacJPpwaBTZptq7bbSoMACU1uFs=,z2oyx3hf20OxMO+/J2EUqenuOKw=
18,-108,BacJPpwaBTZptq7bbSoMACU1uFs=,z2oyx3hf20OxMO+/J2EUqenuOKw=
17,-108,BacJPpwaBTZptq7bbSoMACU1uFs=,z2oyx3hf20OxMO+/J2EUqenuOKw=
18,-106,BacJPpwaBTZptq7bbSoMACU1uFs=,z2oyx3hf20OxMO+/J2EUqenuOKw=
26,-104,BacJPpwaBTZptq7bbSoMACU1uFs=,JZH38bwRVM4GQeFhNGu6pSMCgjk=
24,-102,BacJPpwaBTZptq7bbSoMACU1uFs=,JZH38bwRVM4GQeFhNGu6pSMCgjk=
25,-101,BacJPpwaBTZptq7bbSoMACU1uFs=,JZH38bwRVM4GQeFhNGu6pSMCgjk=
26,-101,BacJPpwaBTZptq7bbSoMACU1uFs=,JZH38bwRVM4GQeFhNGu6pSMCgjk=
26,-102,BacJPpwaBTZptq7bbSoMACU1uFs=,JZH38bwRVM4GQeFhNGu6pSMCgjk=
25,-102,BacJPpwaBTZptq7bbSoMACU1uFs=,JZH38bwRVM4GQeFhNGu6pSMCgjk=
25,-104,BacJPpwaBTZptq7bbSoMACU1uFs=,JZH38bwRVM4GQeFhNGu6pSMCgjk=
26,-103,BacJPpwaBTZptq7bbSoMACU1uFs=,JZH38bwRVM4GQeFhNGu6pSMCgjk=
24,-103,BacJPpwaBTZptq7bbSoMACU1uFs=,JZH38bwRVM4GQeFhNGu6pSMCgjk=
25,-103,BacJPpwaBTZptq7bbSoMACU1uFs=,JZH38bwRVM4GQeFhNGu6pSMCgjk=
17,-105,BacJPpwaBTZptq7bbSoMACU1uFs=,z2oyx3hf20OxMO+/J2EUqenuOKw=
18,-105,BacJPpwaBTZptq7bbSoMACU1uFs=,z2oyx3hf20OxMO+/J2EUqenuOKw=
16,-107,BacJPpwaBTZptq7bbSoMACU1uFs=,z2oyx3hf20OxMO+/J2EUqenuOKw=
16,-106,BacJPpwaBTZptq7bbSoMACU1uFs=,z2oyx3hf20OxMO+/J2EUqenuOKw=
16,-105,BacJPpwaBTZptq7bbSoMACU1uFs=,z2oyx3hf20OxMO+/J2EUqenuOKw=
27,-102,BacJPpwaBTZptq7bbSoMACU1uFs=,JZH38bwRVM4GQeFhNGu6pSMCgjk=
27,-103,BacJPpwaBTZptq7bbSoMACU1uFs=,JZH38bwRVM4GQeFhNGu6pSMCgjk=
27,-104,BacJPpwaBTZptq7bbSoMACU1uFs=,JZH38bwRVM4GQeFhNGu6pSMCgjk=
27,-101,BacJPpwaBTZptq7bbSoMACU1uFs=,JZH38bwRVM4GQeFhNGu6pSMCgjk=
16,-108,BacJPpwaBTZptq7bbSoMACU1uFs=,z2oyx3hf20OxMO+/J2EUqenuOKw=
21,-112,BacJPpwaBTZptq7bbSoMACU1uFs=,30xiD/utjI6J4FSW4rHxeeq26uM=
22,-112,BacJPpwaBTZptq7bbSoMACU1uFs=,30xiD/utjI6J4FSW4rHxeeq26uM=
23,-112,BacJPpwaBTZptq7bbSoMACU1uFs=,30xiD/utjI6J4FSW4rHxeeq26uM=
20,-111,BacJPpwaBTZptq7bbSoMACU1uFs=,30xiD/utjI6J4FSW4rHxeeq26uM=
21,-111,BacJPpwaBTZptq7bbSoMACU1uFs=,30xiD/utjI6J4FSW4rHxeeq26uM=
22,-111,BacJPpwaBTZptq7bbSoMACU1uFs=,30xiD/utjI6J4FSW4rHxeeq26uM=
23,-111,BacJPpwaBTZptq7bbSoMACU1uFs=,30xiD/utjI6J4FSW4rHxeeq26uM=
20,-110,BacJPpwaBTZptq7bbSoMACU1uFs=,30xiD/utjI6J4FSW4rHxeeq26uM=
21,-110,BacJPpwaBTZptq7bbSoMACU1uFs=,30xiD/utjI6J4FSW4rHxeeq26uM=
20,-112,BacJPpwaBTZptq7bbSoMACU1uFs=,30xiD/utjI6J4FSW4rHxeeq26uM=
23,-110,BacJPpwaBTZptq7bbSoMACU1uFs=,30xiD/utjI6J4FSW4rHxeeq26uM=
22,-110,BacJPpwaBTZptq7bbSoMACU1uFs=,30xiD/utjI6J4FSW4rHxeeq26uM=
21,-97,BacJPpwaBTZptq7bbSoMACU1uFs=,/GBIZny7gQCG48Uk/fxcdjmKmYg=
22,-97,BacJPpwaBTZptq7bbSoMACU1uFs=,/GBIZny7gQCG48Uk/fxcdjmKmYg=
22,-109,BacJPpwaBTZptq7bbSoMACU1uFs=,30xiD/utjI6J4FSW4rHxeeq26uM=
21,-109,BacJPpwaBTZptq7bbSoMACU1uFs=,30xiD/utjI6J4FSW4rHxeeq26uM=
20,-109,BacJPpwaBTZptq7bbSoMACU1uFs=,30xiD/utjI6J4FSW4rHxeeq26uM=
22,-98,BacJPpwaBTZptq7bbSoMACU1uFs=,/GBIZny7gQCG48Uk/fxcdjmKmYg=
24,-101,BacJPpwaBTZptq7bbSoMACU1uFs=,JZH38bwRVM4GQeFhNGu6pSMCgjk=
22,-99,BacJPpwaBTZptq7bbSoMACU1uFs=,/GBIZny7gQCG48Uk/fxcdjmKmYg=
21,-107,BacJPpwaBTZptq7bbSoMACU1uFs=,9yh6ZaadziP/QQ0wbkK/HVizCsw=
19,-107,BacJPpwaBTZptq7bbSoMACU1uFs=,z2oyx3hf20OxMO+/J2EUqenuOKw=
22,-108,BacJPpwaBTZptq7bbSoMACU1uFs=,9yh6ZaadziP/QQ0wbkK/HVizCsw=
23,-105,BacJPpwaBTZptq7bbSoMACU1uFs=,9yh6ZaadziP/QQ0wbkK/HVizCsw=
23,-97,BacJPpwaBTZptq7bbSoMACU1uFs=,/GBIZny7gQCG48Uk/fxcdjmKmYg=
20,-108,BacJPpwaBTZptq7bbSoMACU1uFs=,9yh6ZaadziP/QQ0wbkK/HVizCsw=
22,-105,BacJPpwaBTZptq7bbSoMACU1uFs=,9yh6ZaadziP/QQ0wbkK/HVizCsw=
21,-105,BacJPpwaBTZptq7bbSoMACU1uFs=,9yh6ZaadziP/QQ0wbkK/HVizCsw=
23,-109,BacJPpwaBTZptq7bbSoMACU1uFs=,30xiD/utjI6J4FSW4rHxeeq26uM=
20,-105,BacJPpwaBTZptq7bbSoMACU1uFs=,9yh6ZaadziP/QQ0wbkK/HVizCsw=
23,-106,BacJPpwaBTZptq7bbSoMACU1uFs=,9yh6ZaadziP/QQ0wbkK/HVizCsw=
19,-108,BacJPpwaBTZptq7bbSoMACU1uFs=,z2oyx3hf20OxMO+/J2EUqenuOKw=
22,-106,BacJPpwaBTZptq7bbSoMACU1uFs=,9yh6ZaadziP/QQ0wbkK/HVizCsw=
21,-106,BacJPpwaBTZptq7bbSoMACU1uFs=,9yh6ZaadziP/QQ0wbkK/HVizCsw=
24,-104,BacJPpwaBTZptq7bbSoMACU1uFs=,JZH38bwRVM4GQeFhNGu6pSMCgjk=
20,-106,BacJPpwaBTZptq7bbSoMACU1uFs=,9yh6ZaadziP/QQ0wbkK/HVizCsw=
19,-105,BacJPpwaBTZptq7bbSoMACU1uFs=,z2oyx3hf20OxMO+/J2EUqenuOKw=
19,-106,BacJPpwaBTZptq7bbSoMACU1uFs=,z2oyx3hf20OxMO+/J2EUqenuOKw=
23,-108,BacJPpwaBTZptq7bbSoMACU1uFs=,9yh6ZaadziP/QQ0wbkK/HVizCsw=
20,-100,BacJPpwaBTZptq7bbSoMACU1uFs=,/GBIZny7gQCG48Uk/fxcdjmKmYg=
21,-98,BacJPpwaBTZptq7bbSoMACU1uFs=,/GBIZny7gQCG48Uk/fxcdjmKmYg=
21,-99,BacJPpwaBTZptq7bbSoMACU1uFs=,/GBIZny7gQCG48Uk/fxcdjmKmYg=
21,-100,BacJPpwaBTZptq7bbSoMACU1uFs=,/GBIZny7gQCG48Uk/fxcdjmKmYg=
20,-98,BacJPpwaBTZptq7bbSoMACU1uFs=,/GBIZny7gQCG48Uk/fxcdjmKmYg=
20,-99,BacJPpwaBTZptq7bbSoMACU1uFs=,/GBIZny7gQCG48Uk/fxcdjmKmYg=
20,-97,BacJPpwaBTZptq7bbSoMACU1uFs=,/GBIZny7gQCG48Uk/fxcdjmKmYg=
21,-108,BacJPpwaBTZptq7bbSoMACU1uFs=,9yh6ZaadziP/QQ0wbkK/HVizCsw=
23,-100,BacJPpwaBTZptq7bbSoMACU1uFs=,/GBIZny7gQCG48Uk/fxcdjmKmYg=
22,-100,BacJPpwaBTZptq7bbSoMACU1uFs=,/GBIZny7gQCG48Uk/fxcdjmKmYg=
23,-98,BacJPpwaBTZptq7bbSoMACU1uFs=,/GBIZny7gQCG48Uk/fxcdjmKmYg=
23,-107,BacJPpwaBTZptq7bbSoMACU1uFs=,9yh6ZaadziP/QQ0wbkK/HVizCsw=
22,-107,BacJPpwaBTZptq7bbSoMACU1uFs=,9yh6ZaadziP/QQ0wbkK/HVizCsw=
23,-99,BacJPpwaBTZptq7bbSoMACU1uFs=,/GBIZny7gQCG48Uk/fxcdjmKmYg=
20,-107,BacJPpwaBTZptq7bbSoMACU1uFs=,9yh6ZaadziP/QQ0wbkK/HVizCsw=
