35,45,OQdPQGWpW6Ty+iAvcPJxCSDkXK8=,Dx4r5Qf6htHVl43pe7Yf2dJV4H0=
35,46,OQdPQGWpW6Ty+iAvcPJxCSDkXK8=,KGXdqx8CfgrgM95M+Xg+4Ypc9jg=
36,46,OQdPQGWpW6Ty+iAvcPJxCSDkXK8=,8VO+XM2MhEOEgCOigEfHdMRi/MY=
36,45,OQdPQGWpW6Ty+iAvcPJxCSDkXK8=,sqK6nJilzR6bqfOdKtXyMiy5BlA=
38,46,edxIhubobKLcNl4FdAuH+XYBNeY=,w9yxdQnpOn7OSrDw3/726SSo7Fw=
37,46,edxIhubobKLcNl4FdAuH+XYBNeY=,8VO+XM2MhEOEgCOigEfHdMRi/MY=
38,45,edxIhubobKLcNl4FdAuH+XYBNeY=,cFp1duw+xMLz5KelGruERf+Kh5M=
37,45,edxIhubobKLcNl4FdAuH+XYBNeY=,sqK6nJilzR6bqfOdKtXyMiy5BlA=
40,45,edxIhubobKLcNl4FdAuH+XYBNeY=,iaNhxC6m1u4QfLcool3d04vemmY=
39,46,edxIhubobKLcNl4FdAuH+XYBNeY=,w9yxdQnpOn7OSrDw3/726SSo7Fw=
40,46,edxIhubobKLcNl4FdAuH+XYBNeY=,XKASQPSUFU6ytrCD8gf8ZcPvVQY=
39,45,edxIhubobKLcNl4FdAuH+XYBNeY=,cFp1duw+xMLz5KelGruERf+Kh5M=
40,41,edxIhubobKLcNl4FdAuH+XYBNeY=,37Ijqaa1vtZ9RhotkmScKnqEfQo=
40,43,edxIhubobKLcNl4FdAuH+XYBNeY=,XcJhtaRB43ZDP7e+ssv2xLGdaEE=
39,41,edxIhubobKLcNl4FdAuH+XYBNeY=,en5ncel1r1S96VWkztaf9+n7djw=
39,43,edxIhubobKLcNl4FdAuH+XYBNeY=,QWH4E4teeKhWbPHpt0E1XYKO7Po=
40,44,edxIhubobKLcNl4FdAuH+XYBNeY=,iaNhxC6m1u4QfLcool3d04vemmY=
40,42,edxIhubobKLcNl4FdAuH+XYBNeY=,XcJhtaRB43ZDP7e+ssv2xLGdaEE=
39,42,edxIhubobKLcNl4FdAuH+XYBNeY=,QWH4E4teeKhWbPHpt0E1XYKO7Po=
39,44,edxIhubobKLcNl4FdAuH+XYBNeY=,cFp1duw+xMLz5KelGruERf+Kh5M=
40,36,edxIhubobKLcNl4FdAuH+XYBNeY=,HGCM9cosPtwpPz+QywldZ4Sf81U=
39,35,edxIhubobKLcNl4FdAuH+XYBNeY=,kfglnXgvj7xizZyea7Zv7AqqJfI=
40,35,edxIhubobKLcNl4FdAuH+XYBNeY=,g0MXZAevYjgDdmoDzlrnvFijx0g=
39,36,edxIhubobKLcNl4FdAuH+XYBNeY=,r+8tP3urqbUzFwRxGhhEctZrj4A=
37,33,edxIhubobKLcNl4FdAuH+XYBNeY=,L9njprOlHq2/ue8mC/JPXDgcO+U=
38,34,edxIhubobKLcNl4FdAuH+XYBNeY=,kfglnXgvj7xizZyea7Zv7AqqJfI=
37,34,edxIhubobKLcNl4FdAuH+XYBNeY=,Xm7IeRV7rzZ4S5ZiX//dVNbzzgE=
38,33,edxIhubobKLcNl4FdAuH+XYBNeY=,SZ/yDcfDikFWtMb1N13jlK2HHZQ=
40,39,edxIhubobKLcNl4FdAuH+XYBNeY=,D7VhEJTlBg4GbRZD5tfIR4qBCjs=
39,37,edxIhubobKLcNl4FdAuH+XYBNeY=,r+8tP3urqbUzFwRxGhhEctZrj4A=
40,37,edxIhubobKLcNl4FdAuH+XYBNeY=,HGCM9cosPtwpPz+QywldZ4Sf81U=
39,40,edxIhubobKLcNl4FdAuH+XYBNeY=,en5ncel1r1S96VWkztaf9+n7djw=
40,38,edxIhubobKLcNl4FdAuH+XYBNeY=,D7VhEJTlBg4GbRZD5tfIR4qBCjs=
39,39,edxIhubobKLcNl4FdAuH+XYBNeY=,hPqu3HrNjWEV7AtE1V+CRCcITXg=
39,38,edxIhubobKLcNl4FdAuH+XYBNeY=,hPqu3HrNjWEV7AtE1V+CRCcITXg=
40,40,edxIhubobKLcNl4FdAuH+XYBNeY=,37Ijqaa1vtZ9RhotkmScKnqEfQo=
37,35,edxIhubobKLcNl4FdAuH+XYBNeY=,Xm7IeRV7rzZ4S5ZiX//dVNbzzgE=
38,35,edxIhubobKLcNl4FdAuH+XYBNeY=,kfglnXgvj7xizZyea7Zv7AqqJfI=
37,36,edxIhubobKLcNl4FdAuH+XYBNeY=,qKJZTKjr4z/C6nDXOVJHevsXxdw=
38,36,edxIhubobKLcNl4FdAuH+XYBNeY=,r+8tP3urqbUzFwRxGhhEctZrj4A=
38,37,499AaIshKxd17ALdAmZu5BLP82g=,r+8tP3urqbUzFwRxGhhEctZrj4A=
38,38,499AaIshKxd17ALdAmZu5BLP82g=,hPqu3HrNjWEV7AtE1V+CRCcITXg=
37,37,499AaIshKxd17ALdAmZu5BLP82g=,qKJZTKjr4z/C6nDXOVJHevsXxdw=
37,38,499AaIshKxd17ALdAmZu5BLP82g=,MU2UxTi/TQFWzhSMEQG36TyUC68=
36,35,499AaIshKxd17ALdAmZu5BLP82g=,Xm7IeRV7rzZ4S5ZiX//dVNbzzgE=
35,35,499AaIshKxd17ALdAmZu5BLP82g=,2dUm9BPcwGyQGPsRFQu8QuP5oAo=
35,36,499AaIshKxd17ALdAmZu5BLP82g=,v07/nUp0dG/MKdQh4+vGlCfnjAM=
36,36,499AaIshKxd17ALdAmZu5BLP82g=,qKJZTKjr4z/C6nDXOVJHevsXxdw=
36,38,499AaIshKxd17ALdAmZu5BLP82g=,MU2UxTi/TQFWzhSMEQG36TyUC68=
36,37,499AaIshKxd17ALdAmZu5BLP82g=,qKJZTKjr4z/C6nDXOVJHevsXxdw=
33,38,499AaIshKxd17ALdAmZu5BLP82g=,DsE5+SRUDHziO+/tyfA/S+FCcTY=
35,37,499AaIshKxd17ALdAmZu5BLP82g=,v07/nUp0dG/MKdQh4+vGlCfnjAM=
35,38,499AaIshKxd17ALdAmZu5BLP82g=,NVXmkxjFZ0XOftHkDFO8Pl0/fm4=
34,38,499AaIshKxd17ALdAmZu5BLP82g=,NVXmkxjFZ0XOftHkDFO8Pl0/fm4=
33,37,499AaIshKxd17ALdAmZu5BLP82g=,cd+6txvFyfvbtMSkE+O7Ohi+vrc=
34,37,499AaIshKxd17ALdAmZu5BLP82g=,v07/nUp0dG/MKdQh4+vGlCfnjAM=
33,40,499AaIshKxd17ALdAmZu5BLP82g=,mhTo3B+6BScBZD6gg9WHB9vyEFA=
33,39,499AaIshKxd17ALdAmZu5BLP82g=,DsE5+SRUDHziO+/tyfA/S+FCcTY=
34,39,499AaIshKxd17ALdAmZu5BLP82g=,NVXmkxjFZ0XOftHkDFO8Pl0/fm4=
34,40,499AaIshKxd17ALdAmZu5BLP82g=,0S18/vHlZJY3jVKv4SJCMhq3WWQ=
37,44,499AaIshKxd17ALdAmZu5BLP82g=,sqK6nJilzR6bqfOdKtXyMiy5BlA=
37,43,499AaIshKxd17ALdAmZu5BLP82g=,8gMIcX7Bz98L6KP/tEjDdsfQp+g=
38,43,499AaIshKxd17ALdAmZu5BLP82g=,QWH4E4teeKhWbPHpt0E1XYKO7Po=
38,44,499AaIshKxd17ALdAmZu5BLP82g=,cFp1duw+xMLz5KelGruERf+Kh5M=
37,39,499AaIshKxd17ALdAmZu5BLP82g=,MU2UxTi/TQFWzhSMEQG36TyUC68=
38,39,qpl0MuOLB5lAGj3EU9fXuoQB/G0=,hPqu3HrNjWEV7AtE1V+CRCcITXg=
37,40,qpl0MuOLB5lAGj3EU9fXuoQB/G0=,EqjY8p+e7QNQop5G0NJKnxTFELQ=
37,41,qpl0MuOLB5lAGj3EU9fXuoQB/G0=,EqjY8p+e7QNQop5G0NJKnxTFELQ=
38,40,qpl0MuOLB5lAGj3EU9fXuoQB/G0=,en5ncel1r1S96VWkztaf9+n7djw=
38,41,qpl0MuOLB5lAGj3EU9fXuoQB/G0=,en5ncel1r1S96VWkztaf9+n7djw=
36,40,qpl0MuOLB5lAGj3EU9fXuoQB/G0=,EqjY8p+e7QNQop5G0NJKnxTFELQ=
37,42,qpl0MuOLB5lAGj3EU9fXuoQB/G0=,8gMIcX7Bz98L6KP/tEjDdsfQp+g=
36,39,qpl0MuOLB5lAGj3EU9fXuoQB/G0=,MU2UxTi/TQFWzhSMEQG36TyUC68=
38,42,qpl0MuOLB5lAGj3EU9fXuoQB/G0=,QWH4E4teeKhWbPHpt0E1XYKO7Po=
35,40,qpl0MuOLB5lAGj3EU9fXuoQB/G0=,0S18/vHlZJY3jVKv4SJCMhq3WWQ=
35,39,qpl0MuOLB5lAGj3EU9fXuoQB/G0=,NVXmkxjFZ0XOftHkDFO8Pl0/fm4=
32,40,qpl0MuOLB5lAGj3EU9fXuoQB/G0=,mhTo3B+6BScBZD6gg9WHB9vyEFA=
32,39,qpl0MuOLB5lAGj3EU9fXuoQB/G0=,DsE5+SRUDHziO+/tyfA/S+FCcTY=
33,46,qpl0MuOLB5lAGj3EU9fXuoQB/G0=,Nrucc9C6u4zw3TahaVBIzxT5++Q=
32,46,qpl0MuOLB5lAGj3EU9fXuoQB/G0=,Nrucc9C6u4zw3TahaVBIzxT5++Q=
34,45,qpl0MuOLB5lAGj3EU9fXuoQB/G0=,Dx4r5Qf6htHVl43pe7Yf2dJV4H0=
34,47,qpl0MuOLB5lAGj3EU9fXuoQB/G0=,KGXdqx8CfgrgM95M+Xg+4Ypc9jg=
33,45,qpl0MuOLB5lAGj3EU9fXuoQB/G0=,CN8UIEuD1u8ITNtjO2UfWVrj08c=
33,47,qpl0MuOLB5lAGj3EU9fXuoQB/G0=,Nrucc9C6u4zw3TahaVBIzxT5++Q=
34,46,qpl0MuOLB5lAGj3EU9fXuoQB/G0=,KGXdqx8CfgrgM95M+Xg+4Ypc9jg=
36,47,qpl0MuOLB5lAGj3EU9fXuoQB/G0=,8VO+XM2MhEOEgCOigEfHdMRi/MY=
35,47,qpl0MuOLB5lAGj3EU9fXuoQB/G0=,KGXdqx8CfgrgM95M+Xg+4Ypc9jg=
37,47,qpl0MuOLB5lAGj3EU9fXuoQB/G0=,8VO+XM2MhEOEgCOigEfHdMRi/MY=
38,47,qpl0MuOLB5lAGj3EU9fXuoQB/G0=,w9yxdQnpOn7OSrDw3/726SSo7Fw=
32,45,qpl0MuOLB5lAGj3EU9fXuoQB/G0=,CN8UIEuD1u8ITNtjO2UfWVrj08c=
36,43,qpl0MuOLB5lAGj3EU9fXuoQB/G0=,8gMIcX7Bz98L6KP/tEjDdsfQp+g=
39,47,qpl0MuOLB5lAGj3EU9fXuoQB/G0=,w9yxdQnpOn7OSrDw3/726SSo7Fw=
40,47,qpl0MuOLB5lAGj3EU9fXuoQB/G0=,XKASQPSUFU6ytrCD8gf8ZcPvVQY=
36,44,qpl0MuOLB5lAGj3EU9fXuoQB/G0=,sqK6nJilzR6bqfOdKtXyMiy5BlA=
35,41,qpl0MuOLB5lAGj3EU9fXuoQB/G0=,0S18/vHlZJY3jVKv4SJCMhq3WWQ=
35,43,qpl0MuOLB5lAGj3EU9fXuoQB/G0=,Dk1UqYd+k31EA0lsYy/k+dPXZG0=
35,42,qpl0MuOLB5lAGj3EU9fXuoQB/G0=,Dk1UqYd+k31EA0lsYy/k+dPXZG0=
36,41,qpl0MuOLB5lAGj3EU9fXuoQB/G0=,EqjY8p+e7QNQop5G0NJKnxTFELQ=
35,44,qpl0MuOLB5lAGj3EU9fXuoQB/G0=,Dx4r5Qf6htHVl43pe7Yf2dJV4H0=
36,42,qpl0MuOLB5lAGj3EU9fXuoQB/G0=,8gMIcX7Bz98L6KP/tEjDdsfQp+g=
41,45,qpl0MuOLB5lAGj3EU9fXuoQB/G0=,iaNhxC6m1u4QfLcool3d04vemmY=
42,45,qpl0MuOLB5lAGj3EU9fXuoQB/G0=,5EkU0oj6I38QaWlOyCnwpf2mABE=
42,46,qpl0MuOLB5lAGj3EU9fXuoQB/G0=,hMIzxZJUs4I0E5Ig4Kw3jXdptBM=
41,46,qpl0MuOLB5lAGj3EU9fXuoQB/G0=,XKASQPSUFU6ytrCD8gf8ZcPvVQY=
33,44,qpl0MuOLB5lAGj3EU9fXuoQB/G0=,CN8UIEuD1u8ITNtjO2UfWVrj08c=
34,43,qpl0MuOLB5lAGj3EU9fXuoQB/G0=,Dk1UqYd+k31EA0lsYy/k+dPXZG0=
34,44,qpl0MuOLB5lAGj3EU9fXuoQB/G0=,Dx4r5Qf6htHVl43pe7Yf2dJV4H0=
32,44,qpl0MuOLB5lAGj3EU9fXuoQB/G0=,CN8UIEuD1u8ITNtjO2UfWVrj08c=
34,42,qpl0MuOLB5lAGj3EU9fXuoQB/G0=,Dk1UqYd+k31EA0lsYy/k+dPXZG0=
32,41,qpl0MuOLB5lAGj3EU9fXuoQB/G0=,mhTo3B+6BScBZD6gg9WHB9vyEFA=
33,42,qpl0MuOLB5lAGj3EU9fXuoQB/G0=,Vx0RlETIrLRrtIncl9zPh8zrswE=
33,43,qpl0MuOLB5lAGj3EU9fXuoQB/G0=,Vx0RlETIrLRrtIncl9zPh8zrswE=
32,42,qpl0MuOLB5lAGj3EU9fXuoQB/G0=,Vx0RlETIrLRrtIncl9zPh8zrswE=
33,41,qpl0MuOLB5lAGj3EU9fXuoQB/G0=,mhTo3B+6BScBZD6gg9WHB9vyEFA=
34,41,qpl0MuOLB5lAGj3EU9fXuoQB/G0=,0S18/vHlZJY3jVKv4SJCMhq3WWQ=
32,43,qpl0MuOLB5lAGj3EU9fXuoQB/G0=,Vx0RlETIrLRrtIncl9zPh8zrswE=
43,45,qpl0MuOLB5lAGj3EU9fXuoQB/G0=,5EkU0oj6I38QaWlOyCnwpf2mABE=
43,46,qpl0MuOLB5lAGj3EU9fXuoQB/G0=,hMIzxZJUs4I0E5Ig4Kw3jXdptBM=
44,46,qpl0MuOLB5lAGj3EU9fXuoQB/G0=,QU4gdypG4X2Hri0Qri6OxX9zrLI=
44,45,qpl0MuOLB5lAGj3EU9fXuoQB/G0=,DHgfI4dqpY/5eekSu92U/N1Ih5E=
44,43,qpl0MuOLB5lAGj3EU9fXuoQB/G0=,HImWl8D+MHGkRoH9s5R2osgTExQ=
41,43,qpl0MuOLB5lAGj3EU9fXuoQB/G0=,XcJhtaRB43ZDP7e+ssv2xLGdaEE=
42,43,qpl0MuOLB5lAGj3EU9fXuoQB/G0=,WzyHHdOQgwn68ElOqa4NtEjAw4M=
41,44,qpl0MuOLB5lAGj3EU9fXuoQB/G0=,iaNhxC6m1u4QfLcool3d04vemmY=
41,42,qpl0MuOLB5lAGj3EU9fXuoQB/G0=,XcJhtaRB43ZDP7e+ssv2xLGdaEE=
43,43,qpl0MuOLB5lAGj3EU9fXuoQB/G0=,WzyHHdOQgwn68ElOqa4NtEjAw4M=
41,41,qpl0MuOLB5lAGj3EU9fXuoQB/G0=,37Ijqaa1vtZ9RhotkmScKnqEfQo=
43,44,qpl0MuOLB5lAGj3EU9fXuoQB/G0=,5EkU0oj6I38QaWlOyCnwpf2mABE=
44,44,qpl0MuOLB5lAGj3EU9fXuoQB/G0=,DHgfI4dqpY/5eekSu92U/N1Ih5E=
42,44,qpl0MuOLB5lAGj3EU9fXuoQB/G0=,5EkU0oj6I38QaWlOyCnwpf2mABE=
42,41,qpl0MuOLB5lAGj3EU9fXuoQB/G0=,/mU10ONWXNvA1GuNSUoa0sWHCRw=
43,42,qpl0MuOLB5lAGj3EU9fXuoQB/G0=,WzyHHdOQgwn68ElOqa4NtEjAw4M=
43,41,qpl0MuOLB5lAGj3EU9fXuoQB/G0=,/mU10ONWXNvA1GuNSUoa0sWHCRw=
44,42,qpl0MuOLB5lAGj3EU9fXuoQB/G0=,HImWl8D+MHGkRoH9s5R2osgTExQ=
44,41,qpl0MuOLB5lAGj3EU9fXuoQB/G0=,9CWNbLyeQdllnrBxFN+X7mo80pA=
42,42,qpl0MuOLB5lAGj3EU9fXuoQB/G0=,WzyHHdOQgwn68ElOqa4NtEjAw4M=
42,36,qpl0MuOLB5lAGj3EU9fXuoQB/G0=,rybU/moS/8zN8O4b19CW54NORX8=
41,35,qpl0MuOLB5lAGj3EU9fXuoQB/G0=,g0MXZAevYjgDdmoDzlrnvFijx0g=
41,36,qpl0MuOLB5lAGj3EU9fXuoQB/G0=,HGCM9cosPtwpPz+QywldZ4Sf81U=
42,35,qpl0MuOLB5lAGj3EU9fXuoQB/G0=,OQCnUf0tc1sGsCdt0X0fhMuEpDs=
45,43,qpl0MuOLB5lAGj3EU9fXuoQB/G0=,HImWl8D+MHGkRoH9s5R2osgTExQ=
45,44,qpl0MuOLB5lAGj3EU9fXuoQB/G0=,DHgfI4dqpY/5eekSu92U/N1Ih5E=
44,36,qpl0MuOLB5lAGj3EU9fXuoQB/G0=,bQoyD4GCJnh1WIjIfF0LVSlvI0U=
43,36,qpl0MuOLB5lAGj3EU9fXuoQB/G0=,rybU/moS/8zN8O4b19CW54NORX8=
43,35,qpl0MuOLB5lAGj3EU9fXuoQB/G0=,OQCnUf0tc1sGsCdt0X0fhMuEpDs=
46,36,qpl0MuOLB5lAGj3EU9fXuoQB/G0=,hslzp4JpECKox7VbQPgax/B/acg=
45,36,qpl0MuOLB5lAGj3EU9fXuoQB/G0=,bQoyD4GCJnh1WIjIfF0LVSlvI0U=
45,38,qpl0MuOLB5lAGj3EU9fXuoQB/G0=,8Qdw23HGWphnk69J/R4ZrMr/Etw=
47,36,qpl0MuOLB5lAGj3EU9fXuoQB/G0=,hslzp4JpECKox7VbQPgax/B/acg=
46,37,qpl0MuOLB5lAGj3EU9fXuoQB/G0=,hslzp4JpECKox7VbQPgax/B/acg=
45,37,qpl0MuOLB5lAGj3EU9fXuoQB/G0=,bQoyD4GCJnh1WIjIfF0LVSlvI0U=
47,37,qpl0MuOLB5lAGj3EU9fXuoQB/G0=,hslzp4JpECKox7VbQPgax/B/acg=
40,32,qpl0MuOLB5lAGj3EU9fXuoQB/G0=,tW81NjOJs/rZpTKP1dsCb5U1i38=
41,33,qpl0MuOLB5lAGj3EU9fXuoQB/G0=,tW81NjOJs/rZpTKP1dsCb5U1i38=
42,34,qpl0MuOLB5lAGj3EU9fXuoQB/G0=,OQCnUf0tc1sGsCdt0X0fhMuEpDs=
40,33,qpl0MuOLB5lAGj3EU9fXuoQB/G0=,tW81NjOJs/rZpTKP1dsCb5U1i38=
39,32,qpl0MuOLB5lAGj3EU9fXuoQB/G0=,SZ/yDcfDikFWtMb1N13jlK2HHZQ=
41,34,qpl0MuOLB5lAGj3EU9fXuoQB/G0=,g0MXZAevYjgDdmoDzlrnvFijx0g=
39,33,qpl0MuOLB5lAGj3EU9fXuoQB/G0=,SZ/yDcfDikFWtMb1N13jlK2HHZQ=
39,34,qpl0MuOLB5lAGj3EU9fXuoQB/G0=,kfglnXgvj7xizZyea7Zv7AqqJfI=
41,32,qpl0MuOLB5lAGj3EU9fXuoQB/G0=,tW81NjOJs/rZpTKP1dsCb5U1i38=
40,34,qpl0MuOLB5lAGj3EU9fXuoQB/G0=,g0MXZAevYjgDdmoDzlrnvFijx0g=
42,40,qpl0MuOLB5lAGj3EU9fXuoQB/G0=,/mU10ONWXNvA1GuNSUoa0sWHCRw=
44,40,qpl0MuOLB5lAGj3EU9fXuoQB/G0=,9CWNbLyeQdllnrBxFN+X7mo80pA=
44,38,qpl0MuOLB5lAGj3EU9fXuoQB/G0=,8Qdw23HGWphnk69J/R4ZrMr/Etw=
42,38,qpl0MuOLB5lAGj3EU9fXuoQB/G0=,GQj6Xop6o/JhnpfAB1m2fmyoQSE=
43,38,qpl0MuOLB5lAGj3EU9fXuoQB/G0=,GQj6Xop6o/JhnpfAB1m2fmyoQSE=
41,39,qpl0MuOLB5lAGj3EU9fXuoQB/G0=,D7VhEJTlBg4GbRZD5tfIR4qBCjs=
43,40,qpl0MuOLB5lAGj3EU9fXuoQB/G0=,/mU10ONWXNvA1GuNSUoa0sWHCRw=
43,37,qpl0MuOLB5lAGj3EU9fXuoQB/G0=,rybU/moS/8zN8O4b19CW54NORX8=
42,39,qpl0MuOLB5lAGj3EU9fXuoQB/G0=,GQj6Xop6o/JhnpfAB1m2fmyoQSE=
42,37,qpl0MuOLB5lAGj3EU9fXuoQB/G0=,rybU/moS/8zN8O4b19CW54NORX8=
44,39,qpl0MuOLB5lAGj3EU9fXuoQB/G0=,8Qdw23HGWphnk69J/R4ZrMr/Etw=
41,38,qpl0MuOLB5lAGj3EU9fXuoQB/G0=,D7VhEJTlBg4GbRZD5tfIR4qBCjs=
43,39,qpl0MuOLB5lAGj3EU9fXuoQB/G0=,GQj6Xop6o/JhnpfAB1m2fmyoQSE=
44,37,qpl0MuOLB5lAGj3EU9fXuoQB/G0=,bQoyD4GCJnh1WIjIfF0LVSlvI0U=
41,40,qpl0MuOLB5lAGj3EU9fXuoQB/G0=,37Ijqaa1vtZ9RhotkmScKnqEfQo=
41,37,qpl0MuOLB5lAGj3EU9fXuoQB/G0=,HGCM9cosPtwpPz+QywldZ4Sf81U=
38,32,qpl0MuOLB5lAGj3EU9fXuoQB/G0=,SZ/yDcfDikFWtMb1N13jlK2HHZQ=
37,32,qpl0MuOLB5lAGj3EU9fXuoQB/G0=,L9njprOlHq2/ue8mC/JPXDgcO+U=
45,45,qpl0MuOLB5lAGj3EU9fXuoQB/G0=,DHgfI4dqpY/5eekSu92U/N1Ih5E=
47,47,qpl0MuOLB5lAGj3EU9fXuoQB/G0=,XpGgxosNcx+2YJ74TZdW4vR4TiY=
45,47,qpl0MuOLB5lAGj3EU9fXuoQB/G0=,QU4gdypG4X2Hri0Qri6OxX9zrLI=
46,47,qpl0MuOLB5lAGj3EU9fXuoQB/G0=,XpGgxosNcx+2YJ74TZdW4vR4TiY=
46,46,qpl0MuOLB5lAGj3EU9fXuoQB/G0=,XpGgxosNcx+2YJ74TZdW4vR4TiY=
45,46,qpl0MuOLB5lAGj3EU9fXuoQB/G0=,QU4gdypG4X2Hri0Qri6OxX9zrLI=
47,46,qpl0MuOLB5lAGj3EU9fXuoQB/G0=,XpGgxosNcx+2YJ74TZdW4vR4TiY=
32,32,qpl0MuOLB5lAGj3EU9fXuoQB/G0=,NgUoYjrof/tbO7n6e2jt/k/5X90=
42,47,qpl0MuOLB5lAGj3EU9fXuoQB/G0=,hMIzxZJUs4I0E5Ig4Kw3jXdptBM=
43,47,qpl0MuOLB5lAGj3EU9fXuoQB/G0=,hMIzxZJUs4I0E5Ig4Kw3jXdptBM=
44,47,qpl0MuOLB5lAGj3EU9fXuoQB/G0=,QU4gdypG4X2Hri0Qri6OxX9zrLI=
41,47,qpl0MuOLB5lAGj3EU9fXuoQB/G0=,XKASQPSUFU6ytrCD8gf8ZcPvVQY=
45,40,qpl0MuOLB5lAGj3EU9fXuoQB/G0=,9CWNbLyeQdllnrBxFN+X7mo80pA=
45,42,qpl0MuOLB5lAGj3EU9fXuoQB/G0=,HImWl8D+MHGkRoH9s5R2osgTExQ=
45,41,qpl0MuOLB5lAGj3EU9fXuoQB/G0=,9CWNbLyeQdllnrBxFN+X7mo80pA=
45,39,qpl0MuOLB5lAGj3EU9fXuoQB/G0=,8Qdw23HGWphnk69J/R4ZrMr/Etw=
43,34,qpl0MuOLB5lAGj3EU9fXuoQB/G0=,OQCnUf0tc1sGsCdt0X0fhMuEpDs=
35,34,qpl0MuOLB5lAGj3EU9fXuoQB/G0=,2dUm9BPcwGyQGPsRFQu8QuP5oAo=
33,32,qpl0MuOLB5lAGj3EU9fXuoQB/G0=,NgUoYjrof/tbO7n6e2jt/k/5X90=
35,32,qpl0MuOLB5lAGj3EU9fXuoQB/G0=,1lkNB84491xqY9dyb/JwZojMUhk=
36,34,qpl0MuOLB5lAGj3EU9fXuoQB/G0=,Xm7IeRV7rzZ4S5ZiX//dVNbzzgE=
32,47,qpl0MuOLB5lAGj3EU9fXuoQB/G0=,Nrucc9C6u4zw3TahaVBIzxT5++Q=
36,32,qpl0MuOLB5lAGj3EU9fXuoQB/G0=,L9njprOlHq2/ue8mC/JPXDgcO+U=
36,33,qpl0MuOLB5lAGj3EU9fXuoQB/G0=,L9njprOlHq2/ue8mC/JPXDgcO+U=
35,33,qpl0MuOLB5lAGj3EU9fXuoQB/G0=,1lkNB84491xqY9dyb/JwZojMUhk=
34,32,qpl0MuOLB5lAGj3EU9fXuoQB/G0=,1lkNB84491xqY9dyb/JwZojMUhk=
32,37,qpl0MuOLB5lAGj3EU9fXuoQB/G0=,cd+6txvFyfvbtMSkE+O7Ohi+vrc=
32,38,qpl0MuOLB5lAGj3EU9fXuoQB/G0=,DsE5+SRUDHziO+/tyfA/S+FCcTY=
33,33,qpl0MuOLB5lAGj3EU9fXuoQB/G0=,NgUoYjrof/tbO7n6e2jt/k/5X90=
33,34,qpl0MuOLB5lAGj3EU9fXuoQB/G0=,A0TWr6rTAQb7dm95teUxiLSdn7w=
32,33,qpl0MuOLB5lAGj3EU9fXuoQB/G0=,NgUoYjrof/tbO7n6e2jt/k/5X90=
34,33,qpl0MuOLB5lAGj3EU9fXuoQB/G0=,1lkNB84491xqY9dyb/JwZojMUhk=
32,35,qpl0MuOLB5lAGj3EU9fXuoQB/G0=,A0TWr6rTAQb7dm95teUxiLSdn7w=
32,34,qpl0MuOLB5lAGj3EU9fXuoQB/G0=,A0TWr6rTAQb7dm95teUxiLSdn7w=
32,36,qpl0MuOLB5lAGj3EU9fXuoQB/G0=,cd+6txvFyfvbtMSkE+O7Ohi+vrc=
33,36,qpl0MuOLB5lAGj3EU9fXuoQB/G0=,cd+6txvFyfvbtMSkE+O7Ohi+vrc=
34,34,qpl0MuOLB5lAGj3EU9fXuoQB/G0=,2dUm9BPcwGyQGPsRFQu8QuP5oAo=
34,35,qpl0MuOLB5lAGj3EU9fXuoQB/G0=,2dUm9BPcwGyQGPsRFQu8QuP5oAo=
34,36,qpl0MuOLB5lAGj3EU9fXuoQB/G0=,v07/nUp0dG/MKdQh4+vGlCfnjAM=
33,35,qpl0MuOLB5lAGj3EU9fXuoQB/G0=,A0TWr6rTAQb7dm95teUxiLSdn7w=
41,60,5vmrbGm5Ibudi4jlmobkvLO7+tU=,4vbR91t4etRD1iKBhPxM9wQO6Xo=
41,59,5vmrbGm5Ibudi4jlmobkvLO7+tU=,29aCd73AAFkVExQZHDLJyEyFx4U=
42,59,5vmrbGm5Ibudi4jlmobkvLO7+tU=,8iZ/2nf21WaRJrhdGkYYpAmCcqc=
42,60,5vmrbGm5Ibudi4jlmobkvLO7+tU=,j9uuC8JasJ/qJSud3c+K9CoCnWg=
43,60,5vmrbGm5Ibudi4jlmobkvLO7+tU=,j9uuC8JasJ/qJSud3c+K9CoCnWg=
43,59,5vmrbGm5Ibudi4jlmobkvLO7+tU=,8iZ/2nf21WaRJrhdGkYYpAmCcqc=
45,59,5vmrbGm5Ibudi4jlmobkvLO7+tU=,oMKlP+MxPM5CikLon3AGK6pX2zQ=
44,60,5vmrbGm5Ibudi4jlmobkvLO7+tU=,BmiqM2hw+WGNnwuSW++q4Gi04fk=
45,60,5vmrbGm5Ibudi4jlmobkvLO7+tU=,BmiqM2hw+WGNnwuSW++q4Gi04fk=
46,60,5vmrbGm5Ibudi4jlmobkvLO7+tU=,pfVVCtFQlCDmd9gk/niDOSL6eas=
44,59,5vmrbGm5Ibudi4jlmobkvLO7+tU=,oMKlP+MxPM5CikLon3AGK6pX2zQ=
46,59,5vmrbGm5Ibudi4jlmobkvLO7+tU=,J0SBv4YZV3dN8AHnngtGG2VheSs=
44,62,5vmrbGm5Ibudi4jlmobkvLO7+tU=,FhAQA7uGKj511U+DKh7Mx34H+t8=
43,61,5vmrbGm5Ibudi4jlmobkvLO7+tU=,j9uuC8JasJ/qJSud3c+K9CoCnWg=
43,62,5vmrbGm5Ibudi4jlmobkvLO7+tU=,n+2tP8qjgKkulouhnt382kQoy+4=
44,61,5vmrbGm5Ibudi4jlmobkvLO7+tU=,BmiqM2hw+WGNnwuSW++q4Gi04fk=
42,58,5vmrbGm5Ibudi4jlmobkvLO7+tU=,8iZ/2nf21WaRJrhdGkYYpAmCcqc=
41,58,5vmrbGm5Ibudi4jlmobkvLO7+tU=,29aCd73AAFkVExQZHDLJyEyFx4U=
41,57,5vmrbGm5Ibudi4jlmobkvLO7+tU=,xL12P6HRd6b8EHIsAO587uhGc1U=
42,57,5vmrbGm5Ibudi4jlmobkvLO7+tU=,e+xqq77ZvQN2rj89ZY8Wxtt/eA0=
43,54,5vmrbGm5Ibudi4jlmobkvLO7+tU=,e313NX7kprE75Tt1o2YOw/RdKSk=
43,53,5vmrbGm5Ibudi4jlmobkvLO7+tU=,G5qSkL80zMxxlMcHTGqZsNshZrs=
44,54,5vmrbGm5Ibudi4jlmobkvLO7+tU=,sinrPW24iMcDa0zPsTuaiuZEarE=
44,53,5vmrbGm5Ibudi4jlmobkvLO7+tU=,XFwqcFA4lO5bhJhHnIeZWpEJ51o=
44,55,5vmrbGm5Ibudi4jlmobkvLO7+tU=,sinrPW24iMcDa0zPsTuaiuZEarE=
43,55,5vmrbGm5Ibudi4jlmobkvLO7+tU=,e313NX7kprE75Tt1o2YOw/RdKSk=
43,58,5vmrbGm5Ibudi4jlmobkvLO7+tU=,8iZ/2nf21WaRJrhdGkYYpAmCcqc=
44,58,5vmrbGm5Ibudi4jlmobkvLO7+tU=,oMKlP+MxPM5CikLon3AGK6pX2zQ=
44,57,5vmrbGm5Ibudi4jlmobkvLO7+tU=,MxWorC2iG0AlHC7NsTRbbj+lOEA=
43,57,5vmrbGm5Ibudi4jlmobkvLO7+tU=,e+xqq77ZvQN2rj89ZY8Wxtt/eA0=
43,56,5vmrbGm5Ibudi4jlmobkvLO7+tU=,e+xqq77ZvQN2rj89ZY8Wxtt/eA0=
44,56,5vmrbGm5Ibudi4jlmobkvLO7+tU=,MxWorC2iG0AlHC7NsTRbbj+lOEA=
40,51,5vmrbGm5Ibudi4jlmobkvLO7+tU=,raT/XM9OJk3/k1TVW1riXHrsXjQ=
39,52,5vmrbGm5Ibudi4jlmobkvLO7+tU=,eoVNd+LuLyQs2vG7iFSTDJJ4e5g=
40,52,5vmrbGm5Ibudi4jlmobkvLO7+tU=,Q1vdHwkiaUOi/r2IW52KBbLOcvU=
39,51,5vmrbGm5Ibudi4jlmobkvLO7+tU=,PE4CHqCdNIHg/NcH0sx5/Yki8g4=
41,56,5vmrbGm5Ibudi4jlmobkvLO7+tU=,xL12P6HRd6b8EHIsAO587uhGc1U=
42,56,5vmrbGm5Ibudi4jlmobkvLO7+tU=,e+xqq77ZvQN2rj89ZY8Wxtt/eA0=
41,55,5vmrbGm5Ibudi4jlmobkvLO7+tU=,5uP9+oYwQMFBQXPnFWIouzBxYz4=
39,54,5vmrbGm5Ibudi4jlmobkvLO7+tU=,5LEPAMG/GBsCC3WIUPdx6vxVcz4=
40,53,5vmrbGm5Ibudi4jlmobkvLO7+tU=,Q1vdHwkiaUOi/r2IW52KBbLOcvU=
42,55,5vmrbGm5Ibudi4jlmobkvLO7+tU=,e313NX7kprE75Tt1o2YOw/RdKSk=
40,54,5vmrbGm5Ibudi4jlmobkvLO7+tU=,5uP9+oYwQMFBQXPnFWIouzBxYz4=
42,54,5vmrbGm5Ibudi4jlmobkvLO7+tU=,e313NX7kprE75Tt1o2YOw/RdKSk=
41,54,5vmrbGm5Ibudi4jlmobkvLO7+tU=,5uP9+oYwQMFBQXPnFWIouzBxYz4=
41,53,5vmrbGm5Ibudi4jlmobkvLO7+tU=,Q1vdHwkiaUOi/r2IW52KBbLOcvU=
42,53,5vmrbGm5Ibudi4jlmobkvLO7+tU=,G5qSkL80zMxxlMcHTGqZsNshZrs=
39,53,5vmrbGm5Ibudi4jlmobkvLO7+tU=,eoVNd+LuLyQs2vG7iFSTDJJ4e5g=
37,52,5vmrbGm5Ibudi4jlmobkvLO7+tU=,vhqSsiz+/C5UQFmR7s5WNpbzVPA=
37,51,5vmrbGm5Ibudi4jlmobkvLO7+tU=,cLTBWxyCdMtxNVS7Szi7TyONrDI=
38,51,5vmrbGm5Ibudi4jlmobkvLO7+tU=,PE4CHqCdNIHg/NcH0sx5/Yki8g4=
38,52,5vmrbGm5Ibudi4jlmobkvLO7+tU=,eoVNd+LuLyQs2vG7iFSTDJJ4e5g=
35,49,5vmrbGm5Ibudi4jlmobkvLO7+tU=,AuBTbm+osZcLVrUYpIKiyolSh2I=
35,48,5vmrbGm5Ibudi4jlmobkvLO7+tU=,AuBTbm+osZcLVrUYpIKiyolSh2I=
36,50,5vmrbGm5Ibudi4jlmobkvLO7+tU=,cLTBWxyCdMtxNVS7Szi7TyONrDI=
36,49,5vmrbGm5Ibudi4jlmobkvLO7+tU=,/6qym2YDoqZA/mPGir0nhUHH1Rc=
36,48,5vmrbGm5Ibudi4jlmobkvLO7+tU=,/6qym2YDoqZA/mPGir0nhUHH1Rc=
38,49,5vmrbGm5Ibudi4jlmobkvLO7+tU=,Jd/lUuyrSqBlR7jesV13PeuFIWw=
39,48,5vmrbGm5Ibudi4jlmobkvLO7+tU=,Jd/lUuyrSqBlR7jesV13PeuFIWw=
39,49,5vmrbGm5Ibudi4jlmobkvLO7+tU=,Jd/lUuyrSqBlR7jesV13PeuFIWw=
37,48,5vmrbGm5Ibudi4jlmobkvLO7+tU=,/6qym2YDoqZA/mPGir0nhUHH1Rc=
38,50,5vmrbGm5Ibudi4jlmobkvLO7+tU=,PE4CHqCdNIHg/NcH0sx5/Yki8g4=
40,50,5vmrbGm5Ibudi4jlmobkvLO7+tU=,raT/XM9OJk3/k1TVW1riXHrsXjQ=
37,49,5vmrbGm5Ibudi4jlmobkvLO7+tU=,/6qym2YDoqZA/mPGir0nhUHH1Rc=
38,48,5vmrbGm5Ibudi4jlmobkvLO7+tU=,Jd/lUuyrSqBlR7jesV13PeuFIWw=
39,50,5vmrbGm5Ibudi4jlmobkvLO7+tU=,PE4CHqCdNIHg/NcH0sx5/Yki8g4=
37,50,5vmrbGm5Ibudi4jlmobkvLO7+tU=,cLTBWxyCdMtxNVS7Szi7TyONrDI=
40,49,5vmrbGm5Ibudi4jlmobkvLO7+tU=,ZJHvSBxal35/TCQo2I5ouJF5qiM=
40,48,5vmrbGm5Ibudi4jlmobkvLO7+tU=,ZJHvSBxal35/TCQo2I5ouJF5qiM=
44,63,5vmrbGm5Ibudi4jlmobkvLO7+tU=,FhAQA7uGKj511U+DKh7Mx34H+t8=
43,63,5vmrbGm5Ibudi4jlmobkvLO7+tU=,n+2tP8qjgKkulouhnt382kQoy+4=
33,49,5vmrbGm5Ibudi4jlmobkvLO7+tU=,ZW1NuNnjbonT6bg8krMppYiLJ2Q=
34,49,5vmrbGm5Ibudi4jlmobkvLO7+tU=,AuBTbm+osZcLVrUYpIKiyolSh2I=
32,49,5vmrbGm5Ibudi4jlmobkvLO7+tU=,ZW1NuNnjbonT6bg8krMppYiLJ2Q=
32,48,5vmrbGm5Ibudi4jlmobkvLO7+tU=,ZW1NuNnjbonT6bg8krMppYiLJ2Q=
34,48,5vmrbGm5Ibudi4jlmobkvLO7+tU=,AuBTbm+osZcLVrUYpIKiyolSh2I=
33,48,5vmrbGm5Ibudi4jlmobkvLO7+tU=,ZW1NuNnjbonT6bg8krMppYiLJ2Q=
39,55,5vmrbGm5Ibudi4jlmobkvLO7+tU=,5LEPAMG/GBsCC3WIUPdx6vxVcz4=
40,57,5vmrbGm5Ibudi4jlmobkvLO7+tU=,xL12P6HRd6b8EHIsAO587uhGc1U=
40,60,5vmrbGm5Ibudi4jlmobkvLO7+tU=,4vbR91t4etRD1iKBhPxM9wQO6Xo=
40,59,5vmrbGm5Ibudi4jlmobkvLO7+tU=,29aCd73AAFkVExQZHDLJyEyFx4U=
40,58,5vmrbGm5Ibudi4jlmobkvLO7+tU=,29aCd73AAFkVExQZHDLJyEyFx4U=
40,56,5vmrbGm5Ibudi4jlmobkvLO7+tU=,xL12P6HRd6b8EHIsAO587uhGc1U=
42,52,5vmrbGm5Ibudi4jlmobkvLO7+tU=,G5qSkL80zMxxlMcHTGqZsNshZrs=
40,55,5vmrbGm5Ibudi4jlmobkvLO7+tU=,5uP9+oYwQMFBQXPnFWIouzBxYz4=
44,52,5vmrbGm5Ibudi4jlmobkvLO7+tU=,XFwqcFA4lO5bhJhHnIeZWpEJ51o=
41,52,5vmrbGm5Ibudi4jlmobkvLO7+tU=,Q1vdHwkiaUOi/r2IW52KBbLOcvU=
41,51,5vmrbGm5Ibudi4jlmobkvLO7+tU=,raT/XM9OJk3/k1TVW1riXHrsXjQ=
43,52,5vmrbGm5Ibudi4jlmobkvLO7+tU=,G5qSkL80zMxxlMcHTGqZsNshZrs=
38,63,5vmrbGm5Ibudi4jlmobkvLO7+tU=,sXA9o8K9c7NJ8Y6ACriYLv3Z7hg=
38,62,5vmrbGm5Ibudi4jlmobkvLO7+tU=,sXA9o8K9c7NJ8Y6ACriYLv3Z7hg=
45,62,5vmrbGm5Ibudi4jlmobkvLO7+tU=,FhAQA7uGKj511U+DKh7Mx34H+t8=
47,62,5vmrbGm5Ibudi4jlmobkvLO7+tU=,WwBi2UrzP88ykDf3UdfvxHW5Ztg=
47,63,5vmrbGm5Ibudi4jlmobkvLO7+tU=,WwBi2UrzP88ykDf3UdfvxHW5Ztg=
46,63,5vmrbGm5Ibudi4jlmobkvLO7+tU=,WwBi2UrzP88ykDf3UdfvxHW5Ztg=
47,61,5vmrbGm5Ibudi4jlmobkvLO7+tU=,pfVVCtFQlCDmd9gk/niDOSL6eas=
45,63,5vmrbGm5Ibudi4jlmobkvLO7+tU=,FhAQA7uGKj511U+DKh7Mx34H+t8=
46,61,5vmrbGm5Ibudi4jlmobkvLO7+tU=,pfVVCtFQlCDmd9gk/niDOSL6eas=
45,61,5vmrbGm5Ibudi4jlmobkvLO7+tU=,BmiqM2hw+WGNnwuSW++q4Gi04fk=
46,62,5vmrbGm5Ibudi4jlmobkvLO7+tU=,WwBi2UrzP88ykDf3UdfvxHW5Ztg=
45,56,5vmrbGm5Ibudi4jlmobkvLO7+tU=,MxWorC2iG0AlHC7NsTRbbj+lOEA=
46,54,5vmrbGm5Ibudi4jlmobkvLO7+tU=,t9OildnOMa9liSPYayOdNq5JMRM=
45,54,5vmrbGm5Ibudi4jlmobkvLO7+tU=,sinrPW24iMcDa0zPsTuaiuZEarE=
45,55,5vmrbGm5Ibudi4jlmobkvLO7+tU=,sinrPW24iMcDa0zPsTuaiuZEarE=
46,53,5vmrbGm5Ibudi4jlmobkvLO7+tU=,JwH4rWbf06kS6otBGquETdJvpNA=
46,55,5vmrbGm5Ibudi4jlmobkvLO7+tU=,t9OildnOMa9liSPYayOdNq5JMRM=
36,52,5vmrbGm5Ibudi4jlmobkvLO7+tU=,vhqSsiz+/C5UQFmR7s5WNpbzVPA=
45,53,5vmrbGm5Ibudi4jlmobkvLO7+tU=,XFwqcFA4lO5bhJhHnIeZWpEJ51o=
37,53,5vmrbGm5Ibudi4jlmobkvLO7+tU=,vhqSsiz+/C5UQFmR7s5WNpbzVPA=
36,51,5vmrbGm5Ibudi4jlmobkvLO7+tU=,cLTBWxyCdMtxNVS7Szi7TyONrDI=
38,54,5vmrbGm5Ibudi4jlmobkvLO7+tU=,5LEPAMG/GBsCC3WIUPdx6vxVcz4=
46,58,5vmrbGm5Ibudi4jlmobkvLO7+tU=,J0SBv4YZV3dN8AHnngtGG2VheSs=
47,58,5vmrbGm5Ibudi4jlmobkvLO7+tU=,J0SBv4YZV3dN8AHnngtGG2VheSs=
47,60,5vmrbGm5Ibudi4jlmobkvLO7+tU=,pfVVCtFQlCDmd9gk/niDOSL6eas=
47,59,5vmrbGm5Ibudi4jlmobkvLO7+tU=,J0SBv4YZV3dN8AHnngtGG2VheSs=
38,53,5vmrbGm5Ibudi4jlmobkvLO7+tU=,eoVNd+LuLyQs2vG7iFSTDJJ4e5g=
45,57,5vmrbGm5Ibudi4jlmobkvLO7+tU=,MxWorC2iG0AlHC7NsTRbbj+lOEA=
47,54,5vmrbGm5Ibudi4jlmobkvLO7+tU=,t9OildnOMa9liSPYayOdNq5JMRM=
47,55,5vmrbGm5Ibudi4jlmobkvLO7+tU=,t9OildnOMa9liSPYayOdNq5JMRM=
40,62,5vmrbGm5Ibudi4jlmobkvLO7+tU=,IC5B70MEW6b6vb645KHN+9bZag8=
45,58,5vmrbGm5Ibudi4jlmobkvLO7+tU=,oMKlP+MxPM5CikLon3AGK6pX2zQ=
47,53,5vmrbGm5Ibudi4jlmobkvLO7+tU=,JwH4rWbf06kS6otBGquETdJvpNA=
38,55,5vmrbGm5Ibudi4jlmobkvLO7+tU=,5LEPAMG/GBsCC3WIUPdx6vxVcz4=
36,53,5vmrbGm5Ibudi4jlmobkvLO7+tU=,vhqSsiz+/C5UQFmR7s5WNpbzVPA=
42,62,5vmrbGm5Ibudi4jlmobkvLO7+tU=,n+2tP8qjgKkulouhnt382kQoy+4=
41,62,5vmrbGm5Ibudi4jlmobkvLO7+tU=,IC5B70MEW6b6vb645KHN+9bZag8=
39,63,5vmrbGm5Ibudi4jlmobkvLO7+tU=,sXA9o8K9c7NJ8Y6ACriYLv3Z7hg=
41,61,5vmrbGm5Ibudi4jlmobkvLO7+tU=,4vbR91t4etRD1iKBhPxM9wQO6Xo=
41,49,5vmrbGm5Ibudi4jlmobkvLO7+tU=,ZJHvSBxal35/TCQo2I5ouJF5qiM=
40,63,5vmrbGm5Ibudi4jlmobkvLO7+tU=,IC5B70MEW6b6vb645KHN+9bZag8=
40,61,5vmrbGm5Ibudi4jlmobkvLO7+tU=,4vbR91t4etRD1iKBhPxM9wQO6Xo=
41,50,5vmrbGm5Ibudi4jlmobkvLO7+tU=,raT/XM9OJk3/k1TVW1riXHrsXjQ=
42,61,5vmrbGm5Ibudi4jlmobkvLO7+tU=,j9uuC8JasJ/qJSud3c+K9CoCnWg=
41,48,5vmrbGm5Ibudi4jlmobkvLO7+tU=,ZJHvSBxal35/TCQo2I5ouJF5qiM=
42,63,5vmrbGm5Ibudi4jlmobkvLO7+tU=,n+2tP8qjgKkulouhnt382kQoy+4=
41,63,5vmrbGm5Ibudi4jlmobkvLO7+tU=,IC5B70MEW6b6vb645KHN+9bZag8=
39,62,5vmrbGm5Ibudi4jlmobkvLO7+tU=,sXA9o8K9c7NJ8Y6ACriYLv3Z7hg=
46,51,5vmrbGm5Ibudi4jlmobkvLO7+tU=,uPD5HupnZp3HM90EGARgG3arggI=
46,52,5vmrbGm5Ibudi4jlmobkvLO7+tU=,JwH4rWbf06kS6otBGquETdJvpNA=
46,50,5vmrbGm5Ibudi4jlmobkvLO7+tU=,uPD5HupnZp3HM90EGARgG3arggI=
47,50,5vmrbGm5Ibudi4jlmobkvLO7+tU=,uPD5HupnZp3HM90EGARgG3arggI=
47,52,5vmrbGm5Ibudi4jlmobkvLO7+tU=,JwH4rWbf06kS6otBGquETdJvpNA=
45,52,5vmrbGm5Ibudi4jlmobkvLO7+tU=,XFwqcFA4lO5bhJhHnIeZWpEJ51o=
47,51,5vmrbGm5Ibudi4jlmobkvLO7+tU=,uPD5HupnZp3HM90EGARgG3arggI=
50,50,hVpaFJnbSjt+Jiwt/FcY1P4/Kg4=,DNv7MU0t1A5RWQgTTu+Ti9iF1E0=
49,50,hVpaFJnbSjt+Jiwt/FcY1P4/Kg4=,hePrT2LXeO4xGVgb6fiu8VkEui8=
50,49,hVpaFJnbSjt+Jiwt/FcY1P4/Kg4=,BiNKLIagJLF/5Uul6v5zctK+pzg=
49,49,hVpaFJnbSjt+Jiwt/FcY1P4/Kg4=,S5LmUPTg/I0XTQ0ChnxZ0wofU/8=
49,52,hVpaFJnbSjt+Jiwt/FcY1P4/Kg4=,BGXirwIRwgra76O0lxMrmw290Y0=
49,51,hVpaFJnbSjt+Jiwt/FcY1P4/Kg4=,hePrT2LXeO4xGVgb6fiu8VkEui8=
50,51,hVpaFJnbSjt+Jiwt/FcY1P4/Kg4=,DNv7MU0t1A5RWQgTTu+Ti9iF1E0=
50,52,hVpaFJnbSjt+Jiwt/FcY1P4/Kg4=,MCXPrZUboeMqnXKcJebacTUpffE=
51,49,hVpaFJnbSjt+Jiwt/FcY1P4/Kg4=,BiNKLIagJLF/5Uul6v5zctK+pzg=
51,50,hVpaFJnbSjt+Jiwt/FcY1P4/Kg4=,DNv7MU0t1A5RWQgTTu+Ti9iF1E0=
54,51,hVpaFJnbSjt+Jiwt/FcY1P4/Kg4=,RlDl/DuxEVXnqd7T3S7pvwdF+Eo=
51,48,hVpaFJnbSjt+Jiwt/FcY1P4/Kg4=,BiNKLIagJLF/5Uul6v5zctK+pzg=
52,50,hVpaFJnbSjt+Jiwt/FcY1P4/Kg4=,ihVpyQD6Nu2uWJD2jnxcjonQEog=
55,51,hVpaFJnbSjt+Jiwt/FcY1P4/Kg4=,RlDl/DuxEVXnqd7T3S7pvwdF+Eo=
51,51,hVpaFJnbSjt+Jiwt/FcY1P4/Kg4=,DNv7MU0t1A5RWQgTTu+Ti9iF1E0=
52,51,hVpaFJnbSjt+Jiwt/FcY1P4/Kg4=,ihVpyQD6Nu2uWJD2jnxcjonQEog=
51,52,hVpaFJnbSjt+Jiwt/FcY1P4/Kg4=,MCXPrZUboeMqnXKcJebacTUpffE=
50,53,hVpaFJnbSjt+Jiwt/FcY1P4/Kg4=,MCXPrZUboeMqnXKcJebacTUpffE=
51,53,hVpaFJnbSjt+Jiwt/FcY1P4/Kg4=,MCXPrZUboeMqnXKcJebacTUpffE=
53,51,hVpaFJnbSjt+Jiwt/FcY1P4/Kg4=,ihVpyQD6Nu2uWJD2jnxcjonQEog=
49,48,hVpaFJnbSjt+Jiwt/FcY1P4/Kg4=,S5LmUPTg/I0XTQ0ChnxZ0wofU/8=
49,53,hVpaFJnbSjt+Jiwt/FcY1P4/Kg4=,BGXirwIRwgra76O0lxMrmw290Y0=
50,48,hVpaFJnbSjt+Jiwt/FcY1P4/Kg4=,BiNKLIagJLF/5Uul6v5zctK+pzg=
48,52,hVpaFJnbSjt+Jiwt/FcY1P4/Kg4=,BGXirwIRwgra76O0lxMrmw290Y0=
48,51,hVpaFJnbSjt+Jiwt/FcY1P4/Kg4=,hePrT2LXeO4xGVgb6fiu8VkEui8=
48,53,hVpaFJnbSjt+Jiwt/FcY1P4/Kg4=,BGXirwIRwgra76O0lxMrmw290Y0=
49,62,hVpaFJnbSjt+Jiwt/FcY1P4/Kg4=,I+5CSux//veGtWfcbCWpN6RSaAA=
48,62,hVpaFJnbSjt+Jiwt/FcY1P4/Kg4=,I+5CSux//veGtWfcbCWpN6RSaAA=
48,50,hVpaFJnbSjt+Jiwt/FcY1P4/Kg4=,hePrT2LXeO4xGVgb6fiu8VkEui8=
49,63,hVpaFJnbSjt+Jiwt/FcY1P4/Kg4=,I+5CSux//veGtWfcbCWpN6RSaAA=
48,49,hVpaFJnbSjt+Jiwt/FcY1P4/Kg4=,S5LmUPTg/I0XTQ0ChnxZ0wofU/8=
48,48,hVpaFJnbSjt+Jiwt/FcY1P4/Kg4=,S5LmUPTg/I0XTQ0ChnxZ0wofU/8=
48,63,hVpaFJnbSjt+Jiwt/FcY1P4/Kg4=,I+5CSux//veGtWfcbCWpN6RSaAA=
54,48,hVpaFJnbSjt+Jiwt/FcY1P4/Kg4=,Y6Ltb8MeQStEZ9ibIGr29D4cMzk=
54,49,hVpaFJnbSjt+Jiwt/FcY1P4/Kg4=,Y6Ltb8MeQStEZ9ibIGr29D4cMzk=
53,50,hVpaFJnbSjt+Jiwt/FcY1P4/Kg4=,ihVpyQD6Nu2uWJD2jnxcjonQEog=
54,50,hVpaFJnbSjt+Jiwt/FcY1P4/Kg4=,RlDl/DuxEVXnqd7T3S7pvwdF+Eo=
56,49,hVpaFJnbSjt+Jiwt/FcY1P4/Kg4=,vZoVqUWcyEsbSa/ZhLUqLdQDrOw=
55,49,hVpaFJnbSjt+Jiwt/FcY1P4/Kg4=,Y6Ltb8MeQStEZ9ibIGr29D4cMzk=
57,48,hVpaFJnbSjt+Jiwt/FcY1P4/Kg4=,vZoVqUWcyEsbSa/ZhLUqLdQDrOw=
55,50,hVpaFJnbSjt+Jiwt/FcY1P4/Kg4=,RlDl/DuxEVXnqd7T3S7pvwdF+Eo=
56,48,hVpaFJnbSjt+Jiwt/FcY1P4/Kg4=,vZoVqUWcyEsbSa/ZhLUqLdQDrOw=
57,49,hVpaFJnbSjt+Jiwt/FcY1P4/Kg4=,vZoVqUWcyEsbSa/ZhLUqLdQDrOw=
55,48,hVpaFJnbSjt+Jiwt/FcY1P4/Kg4=,Y6Ltb8MeQStEZ9ibIGr29D4cMzk=
56,44,hVpaFJnbSjt+Jiwt/FcY1P4/Kg4=,zaxNFucGJx9Id28Z32nbDh+uAes=
56,43,hVpaFJnbSjt+Jiwt/FcY1P4/Kg4=,1ZTxts2IUEqSxN7tTR/Tnse58l4=
55,44,hVpaFJnbSjt+Jiwt/FcY1P4/Kg4=,cK0qQHw/0t8PjnOo7xwzwEAfN50=
55,43,hVpaFJnbSjt+Jiwt/FcY1P4/Kg4=,FG2PM+MC4sW9MaQpIOOjZwbNjow=
56,45,hVpaFJnbSjt+Jiwt/FcY1P4/Kg4=,zaxNFucGJx9Id28Z32nbDh+uAes=
55,45,hVpaFJnbSjt+Jiwt/FcY1P4/Kg4=,cK0qQHw/0t8PjnOo7xwzwEAfN50=
56,46,hVpaFJnbSjt+Jiwt/FcY1P4/Kg4=,vGNWb7M6XZVdw3fnZAv/HpmSM2Y=
55,46,hVpaFJnbSjt+Jiwt/FcY1P4/Kg4=,G5wxa51+nN1NxephGUsvr79ll8c=
57,47,hVpaFJnbSjt+Jiwt/FcY1P4/Kg4=,vGNWb7M6XZVdw3fnZAv/HpmSM2Y=
58,47,hVpaFJnbSjt+Jiwt/FcY1P4/Kg4=,/G5cdaE7oPy3vBqbDhbf9u0SUmk=
59,45,hVpaFJnbSjt+Jiwt/FcY1P4/Kg4=,KnnPCWPENxzK+jN1Qqo0C8lKt/k=
57,43,hVpaFJnbSjt+Jiwt/FcY1P4/Kg4=,1ZTxts2IUEqSxN7tTR/Tnse58l4=
58,44,hVpaFJnbSjt+Jiwt/FcY1P4/Kg4=,KnnPCWPENxzK+jN1Qqo0C8lKt/k=
59,46,hVpaFJnbSjt+Jiwt/FcY1P4/Kg4=,/G5cdaE7oPy3vBqbDhbf9u0SUmk=
57,44,hVpaFJnbSjt+Jiwt/FcY1P4/Kg4=,zaxNFucGJx9Id28Z32nbDh+uAes=
57,46,hVpaFJnbSjt+Jiwt/FcY1P4/Kg4=,vGNWb7M6XZVdw3fnZAv/HpmSM2Y=
57,45,hVpaFJnbSjt+Jiwt/FcY1P4/Kg4=,zaxNFucGJx9Id28Z32nbDh+uAes=
58,45,hVpaFJnbSjt+Jiwt/FcY1P4/Kg4=,KnnPCWPENxzK+jN1Qqo0C8lKt/k=
60,43,hVpaFJnbSjt+Jiwt/FcY1P4/Kg4=,SwyOQzC01ap8v7tH7niGvyz2GAQ=
59,44,hVpaFJnbSjt+Jiwt/FcY1P4/Kg4=,KnnPCWPENxzK+jN1Qqo0C8lKt/k=
62,42,hVpaFJnbSjt+Jiwt/FcY1P4/Kg4=,K92BTGQTPuljH3qrXef6tvsM3Dc=
62,41,hVpaFJnbSjt+Jiwt/FcY1P4/Kg4=,KvH+hcqIyFfaT/tud45MZXh+wY8=
61,42,hVpaFJnbSjt+Jiwt/FcY1P4/Kg4=,SwyOQzC01ap8v7tH7niGvyz2GAQ=
58,46,hVpaFJnbSjt+Jiwt/FcY1P4/Kg4=,/G5cdaE7oPy3vBqbDhbf9u0SUmk=
61,41,hVpaFJnbSjt+Jiwt/FcY1P4/Kg4=,hbcOak/8P7/oFV3U1hi6Snoz5vM=
62,40,hVpaFJnbSjt+Jiwt/FcY1P4/Kg4=,KvH+hcqIyFfaT/tud45MZXh+wY8=
61,39,hVpaFJnbSjt+Jiwt/FcY1P4/Kg4=,LZwWo/y6AX5JhYrCHhJUSA9SX7I=
61,40,hVpaFJnbSjt+Jiwt/FcY1P4/Kg4=,hbcOak/8P7/oFV3U1hi6Snoz5vM=
62,39,hVpaFJnbSjt+Jiwt/FcY1P4/Kg4=,XfMixQpKV2eGaygpaJki+TaSBb4=
62,37,hVpaFJnbSjt+Jiwt/FcY1P4/Kg4=,EYLeXPiBfUI2l3OvKlh0HgK9l8M=
61,38,hVpaFJnbSjt+Jiwt/FcY1P4/Kg4=,LZwWo/y6AX5JhYrCHhJUSA9SX7I=
61,37,hVpaFJnbSjt+Jiwt/FcY1P4/Kg4=,gGw0KDdYC2Lp2O4io2czuYGNWtc=
62,38,hVpaFJnbSjt+Jiwt/FcY1P4/Kg4=,XfMixQpKV2eGaygpaJki+TaSBb4=
60,38,hVpaFJnbSjt+Jiwt/FcY1P4/Kg4=,LZwWo/y6AX5JhYrCHhJUSA9SX7I=
59,38,hVpaFJnbSjt+Jiwt/FcY1P4/Kg4=,zyObvXI548pBJKtvZ7sO3EKh0/k=
58,38,hVpaFJnbSjt+Jiwt/FcY1P4/Kg4=,zyObvXI548pBJKtvZ7sO3EKh0/k=
60,37,hVpaFJnbSjt+Jiwt/FcY1P4/Kg4=,gGw0KDdYC2Lp2O4io2czuYGNWtc=
57,37,hVpaFJnbSjt+Jiwt/FcY1P4/Kg4=,PZCLB+XRIxiOGbbt/PGgvn8FMDU=
59,37,hVpaFJnbSjt+Jiwt/FcY1P4/Kg4=,0IJjcEkEXk/uvTpmkeBItoZrapw=
58,37,hVpaFJnbSjt+Jiwt/FcY1P4/Kg4=,0IJjcEkEXk/uvTpmkeBItoZrapw=
55,36,1tqF20iIX1BsOfl/Ml40Ao1ry90=,rA24sj7ESSJfT1wNaaFAOK5w87I=
56,36,1tqF20iIX1BsOfl/Ml40Ao1ry90=,PZCLB+XRIxiOGbbt/PGgvn8FMDU=
53,36,1tqF20iIX1BsOfl/Ml40Ao1ry90=,vPUy7WsuW3P/79gFCw7eRshw63I=
54,36,1tqF20iIX1BsOfl/Ml40Ao1ry90=,rA24sj7ESSJfT1wNaaFAOK5w87I=
49,38,1tqF20iIX1BsOfl/Ml40Ao1ry90=,Q226N+NDwx3UPWDpqA3hkb0F6Mk=
50,37,1tqF20iIX1BsOfl/Ml40Ao1ry90=,TET2KFAP3kAz4LopxUhgh1xYnw0=
49,37,1tqF20iIX1BsOfl/Ml40Ao1ry90=,3lCiCo0fWHbCvUEIgfpWiLoAn9k=
50,38,1tqF20iIX1BsOfl/Ml40Ao1ry90=,FHXR+5Jv9+PDFXCwZrqZ7iBAw/s=
52,36,1tqF20iIX1BsOfl/Ml40Ao1ry90=,vPUy7WsuW3P/79gFCw7eRshw63I=
51,35,1tqF20iIX1BsOfl/Ml40Ao1ry90=,Jr89fU56W8JiC8yKpNDrG74HC1c=
51,36,1tqF20iIX1BsOfl/Ml40Ao1ry90=,TET2KFAP3kAz4LopxUhgh1xYnw0=
48,35,1tqF20iIX1BsOfl/Ml40Ao1ry90=,J7Mv0v1G2LxWprXsdhr8t+btII8=
48,36,1tqF20iIX1BsOfl/Ml40Ao1ry90=,3lCiCo0fWHbCvUEIgfpWiLoAn9k=
49,36,1tqF20iIX1BsOfl/Ml40Ao1ry90=,3lCiCo0fWHbCvUEIgfpWiLoAn9k=
49,35,1tqF20iIX1BsOfl/Ml40Ao1ry90=,J7Mv0v1G2LxWprXsdhr8t+btII8=
50,35,1tqF20iIX1BsOfl/Ml40Ao1ry90=,Jr89fU56W8JiC8yKpNDrG74HC1c=
50,36,1tqF20iIX1BsOfl/Ml40Ao1ry90=,TET2KFAP3kAz4LopxUhgh1xYnw0=
48,33,1tqF20iIX1BsOfl/Ml40Ao1ry90=,3g4qKDnHHd2MmNulbhtF2891W9Q=
49,34,1tqF20iIX1BsOfl/Ml40Ao1ry90=,J7Mv0v1G2LxWprXsdhr8t+btII8=
48,34,1tqF20iIX1BsOfl/Ml40Ao1ry90=,J7Mv0v1G2LxWprXsdhr8t+btII8=
49,33,1tqF20iIX1BsOfl/Ml40Ao1ry90=,3g4qKDnHHd2MmNulbhtF2891W9Q=
48,32,1tqF20iIX1BsOfl/Ml40Ao1ry90=,3g4qKDnHHd2MmNulbhtF2891W9Q=
50,34,1tqF20iIX1BsOfl/Ml40Ao1ry90=,Jr89fU56W8JiC8yKpNDrG74HC1c=
49,32,1tqF20iIX1BsOfl/Ml40Ao1ry90=,3g4qKDnHHd2MmNulbhtF2891W9Q=
52,33,1tqF20iIX1BsOfl/Ml40Ao1ry90=,ZNPONeO/3WctPXyslktl47AfFOg=
53,33,1tqF20iIX1BsOfl/Ml40Ao1ry90=,ZNPONeO/3WctPXyslktl47AfFOg=
51,34,1tqF20iIX1BsOfl/Ml40Ao1ry90=,Jr89fU56W8JiC8yKpNDrG74HC1c=
53,32,1tqF20iIX1BsOfl/Ml40Ao1ry90=,ZNPONeO/3WctPXyslktl47AfFOg=
52,32,1tqF20iIX1BsOfl/Ml40Ao1ry90=,ZNPONeO/3WctPXyslktl47AfFOg=
56,42,1tqF20iIX1BsOfl/Ml40Ao1ry90=,1ZTxts2IUEqSxN7tTR/Tnse58l4=
51,39,1tqF20iIX1BsOfl/Ml40Ao1ry90=,FHXR+5Jv9+PDFXCwZrqZ7iBAw/s=
55,42,1tqF20iIX1BsOfl/Ml40Ao1ry90=,FG2PM+MC4sW9MaQpIOOjZwbNjow=
51,38,1tqF20iIX1BsOfl/Ml40Ao1ry90=,FHXR+5Jv9+PDFXCwZrqZ7iBAw/s=
55,37,1tqF20iIX1BsOfl/Ml40Ao1ry90=,rA24sj7ESSJfT1wNaaFAOK5w87I=
51,37,1tqF20iIX1BsOfl/Ml40Ao1ry90=,TET2KFAP3kAz4LopxUhgh1xYnw0=
60,40,1tqF20iIX1BsOfl/Ml40Ao1ry90=,hbcOak/8P7/oFV3U1hi6Snoz5vM=
57,42,1tqF20iIX1BsOfl/Ml40Ao1ry90=,1ZTxts2IUEqSxN7tTR/Tnse58l4=
56,37,1tqF20iIX1BsOfl/Ml40Ao1ry90=,PZCLB+XRIxiOGbbt/PGgvn8FMDU=
60,39,1tqF20iIX1BsOfl/Ml40Ao1ry90=,LZwWo/y6AX5JhYrCHhJUSA9SX7I=
59,39,1tqF20iIX1BsOfl/Ml40Ao1ry90=,zyObvXI548pBJKtvZ7sO3EKh0/k=
52,37,1tqF20iIX1BsOfl/Ml40Ao1ry90=,vPUy7WsuW3P/79gFCw7eRshw63I=
58,39,1tqF20iIX1BsOfl/Ml40Ao1ry90=,zyObvXI548pBJKtvZ7sO3EKh0/k=
60,41,1tqF20iIX1BsOfl/Ml40Ao1ry90=,hbcOak/8P7/oFV3U1hi6Snoz5vM=
54,37,1tqF20iIX1BsOfl/Ml40Ao1ry90=,rA24sj7ESSJfT1wNaaFAOK5w87I=
53,47,1tqF20iIX1BsOfl/Ml40Ao1ry90=,atgJFKxufHJXu8q9u2qI/W6r4zQ=
53,37,1tqF20iIX1BsOfl/Ml40Ao1ry90=,vPUy7WsuW3P/79gFCw7eRshw63I=
63,36,1tqF20iIX1BsOfl/Ml40Ao1ry90=,EYLeXPiBfUI2l3OvKlh0HgK9l8M=
55,47,1tqF20iIX1BsOfl/Ml40Ao1ry90=,G5wxa51+nN1NxephGUsvr79ll8c=
60,42,1tqF20iIX1BsOfl/Ml40Ao1ry90=,SwyOQzC01ap8v7tH7niGvyz2GAQ=
54,47,1tqF20iIX1BsOfl/Ml40Ao1ry90=,G5wxa51+nN1NxephGUsvr79ll8c=
56,47,1tqF20iIX1BsOfl/Ml40Ao1ry90=,vGNWb7M6XZVdw3fnZAv/HpmSM2Y=
48,47,1tqF20iIX1BsOfl/Ml40Ao1ry90=,JzyGiIvCLmMh8c498EOocuantHQ=
59,47,1tqF20iIX1BsOfl/Ml40Ao1ry90=,/G5cdaE7oPy3vBqbDhbf9u0SUmk=
62,43,1tqF20iIX1BsOfl/Ml40Ao1ry90=,K92BTGQTPuljH3qrXef6tvsM3Dc=
63,43,1tqF20iIX1BsOfl/Ml40Ao1ry90=,K92BTGQTPuljH3qrXef6tvsM3Dc=
49,39,1tqF20iIX1BsOfl/Ml40Ao1ry90=,Q226N+NDwx3UPWDpqA3hkb0F6Mk=
50,39,1tqF20iIX1BsOfl/Ml40Ao1ry90=,FHXR+5Jv9+PDFXCwZrqZ7iBAw/s=
48,38,1tqF20iIX1BsOfl/Ml40Ao1ry90=,Q226N+NDwx3UPWDpqA3hkb0F6Mk=
57,36,1tqF20iIX1BsOfl/Ml40Ao1ry90=,PZCLB+XRIxiOGbbt/PGgvn8FMDU=
58,36,1tqF20iIX1BsOfl/Ml40Ao1ry90=,0IJjcEkEXk/uvTpmkeBItoZrapw=
60,36,1tqF20iIX1BsOfl/Ml40Ao1ry90=,gGw0KDdYC2Lp2O4io2czuYGNWtc=
61,36,1tqF20iIX1BsOfl/Ml40Ao1ry90=,gGw0KDdYC2Lp2O4io2czuYGNWtc=
62,36,1tqF20iIX1BsOfl/Ml40Ao1ry90=,EYLeXPiBfUI2l3OvKlh0HgK9l8M=
59,36,1tqF20iIX1BsOfl/Ml40Ao1ry90=,0IJjcEkEXk/uvTpmkeBItoZrapw=
61,43,1tqF20iIX1BsOfl/Ml40Ao1ry90=,SwyOQzC01ap8v7tH7niGvyz2GAQ=
48,46,1tqF20iIX1BsOfl/Ml40Ao1ry90=,JzyGiIvCLmMh8c498EOocuantHQ=
63,37,1tqF20iIX1BsOfl/Ml40Ao1ry90=,EYLeXPiBfUI2l3OvKlh0HgK9l8M=
63,40,1tqF20iIX1BsOfl/Ml40Ao1ry90=,KvH+hcqIyFfaT/tud45MZXh+wY8=
63,41,1tqF20iIX1BsOfl/Ml40Ao1ry90=,KvH+hcqIyFfaT/tud45MZXh+wY8=
63,42,1tqF20iIX1BsOfl/Ml40Ao1ry90=,K92BTGQTPuljH3qrXef6tvsM3Dc=
63,39,1tqF20iIX1BsOfl/Ml40Ao1ry90=,XfMixQpKV2eGaygpaJki+TaSBb4=
50,44,1tqF20iIX1BsOfl/Ml40Ao1ry90=,rCOwPPYnOeSPjCkh5fIVBhxFjE8=
48,39,1tqF20iIX1BsOfl/Ml40Ao1ry90=,Q226N+NDwx3UPWDpqA3hkb0F6Mk=
63,38,1tqF20iIX1BsOfl/Ml40Ao1ry90=,XfMixQpKV2eGaygpaJki+TaSBb4=
48,37,1tqF20iIX1BsOfl/Ml40Ao1ry90=,3lCiCo0fWHbCvUEIgfpWiLoAn9k=
52,42,1tqF20iIX1BsOfl/Ml40Ao1ry90=,eGMOtzQPFeARZGHLw2+AeFkMYjE=
53,42,1tqF20iIX1BsOfl/Ml40Ao1ry90=,eGMOtzQPFeARZGHLw2+AeFkMYjE=
54,42,1tqF20iIX1BsOfl/Ml40Ao1ry90=,FG2PM+MC4sW9MaQpIOOjZwbNjow=
52,43,1tqF20iIX1BsOfl/Ml40Ao1ry90=,eGMOtzQPFeARZGHLw2+AeFkMYjE=
51,44,1tqF20iIX1BsOfl/Ml40Ao1ry90=,rCOwPPYnOeSPjCkh5fIVBhxFjE8=
53,45,1tqF20iIX1BsOfl/Ml40Ao1ry90=,+bck56WyRKxvDFg9+yzfEm4+dfQ=
53,43,1tqF20iIX1BsOfl/Ml40Ao1ry90=,eGMOtzQPFeARZGHLw2+AeFkMYjE=
53,46,1tqF20iIX1BsOfl/Ml40Ao1ry90=,atgJFKxufHJXu8q9u2qI/W6r4zQ=
54,45,1tqF20iIX1BsOfl/Ml40Ao1ry90=,cK0qQHw/0t8PjnOo7xwzwEAfN50=
54,44,1tqF20iIX1BsOfl/Ml40Ao1ry90=,cK0qQHw/0t8PjnOo7xwzwEAfN50=
53,44,1tqF20iIX1BsOfl/Ml40Ao1ry90=,+bck56WyRKxvDFg9+yzfEm4+dfQ=
54,43,1tqF20iIX1BsOfl/Ml40Ao1ry90=,FG2PM+MC4sW9MaQpIOOjZwbNjow=
52,44,1tqF20iIX1BsOfl/Ml40Ao1ry90=,+bck56WyRKxvDFg9+yzfEm4+dfQ=
54,46,1tqF20iIX1BsOfl/Ml40Ao1ry90=,G5wxa51+nN1NxephGUsvr79ll8c=
51,45,1tqF20iIX1BsOfl/Ml40Ao1ry90=,rCOwPPYnOeSPjCkh5fIVBhxFjE8=
52,47,1tqF20iIX1BsOfl/Ml40Ao1ry90=,atgJFKxufHJXu8q9u2qI/W6r4zQ=
50,47,1tqF20iIX1BsOfl/Ml40Ao1ry90=,5ya2RrrzqCxzKiS2dvZAVyqX8Rk=
50,45,1tqF20iIX1BsOfl/Ml40Ao1ry90=,rCOwPPYnOeSPjCkh5fIVBhxFjE8=
49,47,1tqF20iIX1BsOfl/Ml40Ao1ry90=,JzyGiIvCLmMh8c498EOocuantHQ=
49,46,1tqF20iIX1BsOfl/Ml40Ao1ry90=,JzyGiIvCLmMh8c498EOocuantHQ=
50,46,1tqF20iIX1BsOfl/Ml40Ao1ry90=,5ya2RrrzqCxzKiS2dvZAVyqX8Rk=
52,45,1tqF20iIX1BsOfl/Ml40Ao1ry90=,+bck56WyRKxvDFg9+yzfEm4+dfQ=
51,47,1tqF20iIX1BsOfl/Ml40Ao1ry90=,5ya2RrrzqCxzKiS2dvZAVyqX8Rk=
52,46,1tqF20iIX1BsOfl/Ml40Ao1ry90=,atgJFKxufHJXu8q9u2qI/W6r4zQ=
51,46,1tqF20iIX1BsOfl/Ml40Ao1ry90=,5ya2RrrzqCxzKiS2dvZAVyqX8Rk=
