-96,0,iTHrJNl6WrHXXf1YZr+Zy30D17g=,yWE8DtIQgoIZ8B4mZkhjAfz2LpA=
-95,0,iTHrJNl6WrHXXf1YZr+Zy30D17g=,yWE8DtIQgoIZ8B4mZkhjAfz2LpA=
-94,0,iTHrJNl6WrHXXf1YZr+Zy30D17g=,yWE8DtIQgoIZ8B4mZkhjAfz2LpA=
-93,0,iTHrJNl6WrHXXf1YZr+Zy30D17g=,yWE8DtIQgoIZ8B4mZkhjAfz2LpA=
-92,0,iTHrJNl6WrHXXf1YZr+Zy30D17g=,yWE8DtIQgoIZ8B4mZkhjAfz2LpA=
-91,0,iTHrJNl6WrHXXf1YZr+Zy30D17g=,yWE8DtIQgoIZ8B4mZkhjAfz2LpA=
-90,0,iTHrJNl6WrHXXf1YZr+Zy30D17g=,yWE8DtIQgoIZ8B4mZkhjAfz2LpA=
-89,0,iTHrJNl6WrHXXf1YZr+Zy30D17g=,yWE8DtIQgoIZ8B4mZkhjAfz2LpA=
-88,0,iTHrJNl6WrHXXf1YZr+Zy30D17g=,yWE8DtIQgoIZ8B4mZkhjAfz2LpA=
-87,0,iTHrJNl6WrHXXf1YZr+Zy30D17g=,yWE8DtIQgoIZ8B4mZkhjAfz2LpA=
-86,0,iTHrJNl6WrHXXf1YZr+Zy30D17g=,yWE8DtIQgoIZ8B4mZkhjAfz2LpA=
-85,0,iTHrJNl6WrHXXf1YZr+Zy30D17g=,yWE8DtIQgoIZ8B4mZkhjAfz2LpA=
-84,0,iTHrJNl6WrHXXf1YZr+Zy30D17g=,yWE8DtIQgoIZ8B4mZkhjAfz2LpA=
-83,0,iTHrJNl6WrHXXf1YZr+Zy30D17g=,yWE8DtIQgoIZ8B4mZkhjAfz2LpA=
-82,0,iTHrJNl6WrHXXf1YZr+Zy30D17g=,yWE8DtIQgoIZ8B4mZkhjAfz2LpA=
-81,0,iTHrJNl6WrHXXf1YZr+Zy30D17g=,yWE8DtIQgoIZ8B4mZkhjAfz2LpA=
-80,0,iTHrJNl6WrHXXf1YZr+Zy30D17g=,lCm/cEGVB9L4w3M9HOPLbDQaiac=
-79,0,iTHrJNl6WrHXXf1YZr+Zy30D17g=,lCm/cEGVB9L4w3M9HOPLbDQaiac=
-78,0,iTHrJNl6WrHXXf1YZr+Zy30D17g=,cU7bFvOiBgaBQ7WCaxlgYwxVxo4=
-77,0,iTHrJNl6WrHXXf1YZr+Zy30D17g=,yWE8DtIQgoIZ8B4mZkhjAfz2LpA=
-76,0,iTHrJNl6WrHXXf1YZr+Zy30D17g=,yWE8DtIQgoIZ8B4mZkhjAfz2LpA=
-75,0,8On+Z+jb9fQ9JBfeGxBK1xtZvfI=,yWE8DtIQgoIZ8B4mZkhjAfz2LpA=
-74,0,8On+Z+jb9fQ9JBfeGxBK1xtZvfI=,yWE8DtIQgoIZ8B4mZkhjAfz2LpA=
-73,0,8On+Z+jb9fQ9JBfeGxBK1xtZvfI=,yWE8DtIQgoIZ8B4mZkhjAfz2LpA=
-72,0,8On+Z+jb9fQ9JBfeGxBK1xtZvfI=,lCm/cEGVB9L4w3M9HOPLbDQaiac=
-71,0,8On+Z+jb9fQ9JBfeGxBK1xtZvfI=,lCm/cEGVB9L4w3M9HOPLbDQaiac=
-70,0,8On+Z+jb9fQ9JBfeGxBK1xtZvfI=,lCm/cEGVB9L4w3M9HOPLbDQaiac=
-69,0,8On+Z+jb9fQ9JBfeGxBK1xtZvfI=,lCm/cEGVB9L4w3M9HOPLbDQaiac=
-68,0,8On+Z+jb9fQ9JBfeGxBK1xtZvfI=,lCm/cEGVB9L4w3M9HOPLbDQaiac=
-67,0,8On+Z+jb9fQ9JBfeGxBK1xtZvfI=,lCm/cEGVB9L4w3M9HOPLbDQaiac=
-66,0,8On+Z+jb9fQ9JBfeGxBK1xtZvfI=,lCm/cEGVB9L4w3M9HOPLbDQaiac=
-65,0,8On+Z+jb9fQ9JBfeGxBK1xtZvfI=,lCm/cEGVB9L4w3M9HOPLbDQaiac=
