0,0,gVePACLHh9I+C0oUdI/KWHONNZQ=,YaIclhp/6xEKgXkQXZYh0z1WocU=
0,1,gVePACLHh9I+C0oUdI/KWHONNZQ=,eigEd7Kbr/ROQL3vAzkWj17kEVM=
0,2,gVePACLHh9I+C0oUdI/KWHONNZQ=,jwB/f8v09QbsM0N1+I1LcZmx+Eo=
0,3,gVePACLHh9I+C0oUdI/KWHONNZQ=,fADdTEcp/Ett0qh0rTBcaUbVFJw=
0,4,gVePACLHh9I+C0oUdI/KWHONNZQ=,K+Wq5uFXABlFObQl97GYIj3E+IE=
0,5,gVePACLHh9I+C0oUdI/KWHONNZQ=,epSv2EPI2KHc7ajQGWgVeG9Umew=
0,6,gVePACLHh9I+C0oUdI/KWHONNZQ=,epSv2EPI2KHc7ajQGWgVeG9Umew=
0,7,gVePACLHh9I+C0oUdI/KWHONNZQ=,iR23HNWYSSJfSYM+/XSjYKZSV5o=
0,8,gVePACLHh9I+C0oUdI/KWHONNZQ=,dw8B9FX6K4TX6+3yX7ez/fKYp6A=
0,9,gVePACLHh9I+C0oUdI/KWHONNZQ=,dw8B9FX6K4TX6+3yX7ez/fKYp6A=
0,10,gVePACLHh9I+C0oUdI/KWHONNZQ=,M+AHyW/l1FCfYDlb1b7q0VMxzhQ=
0,11,gVePACLHh9I+C0oUdI/KWHONNZQ=,RuEugvv0o2erKN8sAcDUgxCiCyI=
0,12,gVePACLHh9I+C0oUdI/KWHONNZQ=,dw8B9FX6K4TX6+3yX7ez/fKYp6A=
0,13,gVePACLHh9I+C0oUdI/KWHONNZQ=,27o57fagLligr1A4mv8HKBYpFE0=
0,14,gVePACLHh9I+C0oUdI/KWHONNZQ=,/XCA5O2eZqhLQ+9ZJd2Hh7TXb9g=
1,1,gVePACLHh9I+C0oUdI/KWHONNZQ=,8s7IdPEIZXyHzVjnG2wkcxBTgL8=
1,0,gVePACLHh9I+C0oUdI/KWHONNZQ=,pogumYouzNH7NJqz80skrH2qEA8=
1,3,gVePACLHh9I+C0oUdI/KWHONNZQ=,l4wqikdWDXCcWzSPy1iK/qwxgnw=
1,2,gVePACLHh9I+C0oUdI/KWHONNZQ=,FV68cxs1E3HskKxox7/vFCuF2XU=
1,5,gVePACLHh9I+C0oUdI/KWHONNZQ=,zH4BQyzpneGFfMPX/ovzOTfPHlw=
1,4,gVePACLHh9I+C0oUdI/KWHONNZQ=,Z1Bwkdlgl8q5hyAgURn3OlbBP5w=
1,7,gVePACLHh9I+C0oUdI/KWHONNZQ=,vv+B/jAZmvcmt2mOAOLZ6cxkUHM=
1,6,gVePACLHh9I+C0oUdI/KWHONNZQ=,upPWzjq4GY2yaQnZLc5CA/QmXV0=
1,8,gVePACLHh9I+C0oUdI/KWHONNZQ=,27o57fagLligr1A4mv8HKBYpFE0=
1,13,gVePACLHh9I+C0oUdI/KWHONNZQ=,Qpq4Q2tcb1knZrgXI0tb8JeLv30=
1,15,gVePACLHh9I+C0oUdI/KWHONNZQ=,/XCA5O2eZqhLQ+9ZJd2Hh7TXb9g=
1,14,gVePACLHh9I+C0oUdI/KWHONNZQ=,cayAWs6+OcAYHfo0YryN5LYwky0=
1,17,gVePACLHh9I+C0oUdI/KWHONNZQ=,AXotjBRotwrbbWWzJx7NeB5DslU=
1,16,gVePACLHh9I+C0oUdI/KWHONNZQ=,+n7ymrOi01nsVuUyOfGNCqjRZts=
1,19,gVePACLHh9I+C0oUdI/KWHONNZQ=,d5q+J8QjcYdIlavINLy2XCCAC20=
1,18,gVePACLHh9I+C0oUdI/KWHONNZQ=,/8hwXjdLpn0KMqK/eJGqam6PyWQ=
2,2,gVePACLHh9I+C0oUdI/KWHONNZQ=,ntfol8S7z/cvFg5KDj/DY84h6dk=
2,3,gVePACLHh9I+C0oUdI/KWHONNZQ=,SUqKL5WNTvyoCbTwnac1LnxYRtg=
2,0,gVePACLHh9I+C0oUdI/KWHONNZQ=,WHoRMu0+QMznclQ8+0eotFeH14Y=
2,1,gVePACLHh9I+C0oUdI/KWHONNZQ=,uh8f6B3I/C1r2M5VNpn5sy6H1Lo=
2,4,gVePACLHh9I+C0oUdI/KWHONNZQ=,QFpDZiMxuIYhyORQa2XwmOTE208=
2,5,gVePACLHh9I+C0oUdI/KWHONNZQ=,koBK3WJSo94NMnu0PWuvqlLffWQ=
2,10,gVePACLHh9I+C0oUdI/KWHONNZQ=,dw8B9FX6K4TX6+3yX7ez/fKYp6A=
2,8,gVePACLHh9I+C0oUdI/KWHONNZQ=,kkbqs34gOEgywqzLndB2uW5fyTI=
2,9,gVePACLHh9I+C0oUdI/KWHONNZQ=,9+9kBbKN6oQHxKsSR+Sj3R88Fc0=
2,14,gVePACLHh9I+C0oUdI/KWHONNZQ=,5JO1q/VwFkOwmBZz7NumoieIl5Y=
2,15,gVePACLHh9I+C0oUdI/KWHONNZQ=,oPJF1hoE9rajOo9PGBvWtq/zXhc=
2,13,gVePACLHh9I+C0oUdI/KWHONNZQ=,Oa+egeYXmgm73nIFErt0ue8RFBI=
2,18,gVePACLHh9I+C0oUdI/KWHONNZQ=,bEnWfitS6pmWHkUUkI1Lef5eRH8=
2,19,gVePACLHh9I+C0oUdI/KWHONNZQ=,d5q+J8QjcYdIlavINLy2XCCAC20=
2,16,gVePACLHh9I+C0oUdI/KWHONNZQ=,IwB5cgLWzY9ICv6QDBA7Mvwp+Uo=
2,17,gVePACLHh9I+C0oUdI/KWHONNZQ=,zxT83SNLXoUQhySiYamHmtSnr0c=
3,3,m5H/I/qlEiy9EysCaVeN4NUAdCw=,bt66r3ad5Vs4VzvNTuwQMUPAMPw=
3,2,m5H/I/qlEiy9EysCaVeN4NUAdCw=,2BVxbe4OhTT/b3BcmjiGoNRD1mA=
3,1,m5H/I/qlEiy9EysCaVeN4NUAdCw=,0lfGWmkku5M6mRUR2SwxTaUQGl0=
3,0,m5H/I/qlEiy9EysCaVeN4NUAdCw=,QmRD3o92VRMPzx/t88nMTU8TgQQ=
3,7,m5H/I/qlEiy9EysCaVeN4NUAdCw=,VXo/r2ETnxNoB8OqHu5sV9aXe7w=
3,6,m5H/I/qlEiy9EysCaVeN4NUAdCw=,JrkkMz6brS3hGFnnqG8tskpN97c=
3,5,m5H/I/qlEiy9EysCaVeN4NUAdCw=,8HBtFPjqXzSeh9RWX/fy+dtfmZY=
3,4,m5H/I/qlEiy9EysCaVeN4NUAdCw=,uh8f6B3I/C1r2M5VNpn5sy6H1Lo=
3,11,m5H/I/qlEiy9EysCaVeN4NUAdCw=,dw8B9FX6K4TX6+3yX7ez/fKYp6A=
3,10,m5H/I/qlEiy9EysCaVeN4NUAdCw=,dw8B9FX6K4TX6+3yX7ez/fKYp6A=
3,15,m5H/I/qlEiy9EysCaVeN4NUAdCw=,AYdLmvIHg2S3h8G0zq5t0KemPYY=
3,14,m5H/I/qlEiy9EysCaVeN4NUAdCw=,qGjlh3l4PMhjArRwLtrp3Qu8Pk8=
3,13,m5H/I/qlEiy9EysCaVeN4NUAdCw=,eJpX2FwL3HAUzd/ez7LoD9wocHo=
3,12,m5H/I/qlEiy9EysCaVeN4NUAdCw=,M+AHyW/l1FCfYDlb1b7q0VMxzhQ=
3,19,m5H/I/qlEiy9EysCaVeN4NUAdCw=,d5q+J8QjcYdIlavINLy2XCCAC20=
3,16,m5H/I/qlEiy9EysCaVeN4NUAdCw=,d3ZXSm8lknV79C/Qu6peT1KALks=
3,20,m5H/I/qlEiy9EysCaVeN4NUAdCw=,d5q+J8QjcYdIlavINLy2XCCAC20=
3,24,m5H/I/qlEiy9EysCaVeN4NUAdCw=,KQSV6TUrvaBL4b6SrTCLl/Pdua0=
4,4,m5H/I/qlEiy9EysCaVeN4NUAdCw=,fbpOTpNCrpo2VkI86WEsdSYTBM0=
4,5,m5H/I/qlEiy9EysCaVeN4NUAdCw=,qym9nTn3fL8aMsKxWFm8U2gE/k8=
4,6,m5H/I/qlEiy9EysCaVeN4NUAdCw=,MhIZUchSVzFe7h46ZeEh0d2ojJU=
4,7,m5H/I/qlEiy9EysCaVeN4NUAdCw=,U7Kmv8A+pbVcfdyk9NEtRUC7Xag=
4,0,m5H/I/qlEiy9EysCaVeN4NUAdCw=,4P+Qob2HwSr9JCVbcztdhxxNGj8=
4,1,m5H/I/qlEiy9EysCaVeN4NUAdCw=,viurC6ct1fbfm6RyY/I41tDW8Uc=
4,2,m5H/I/qlEiy9EysCaVeN4NUAdCw=,cRrG4CC4bMk4QRqup84hvAyKMM4=
4,3,m5H/I/qlEiy9EysCaVeN4NUAdCw=,Biwb/QIV1Y66nK5idJRZ7mSouYc=
4,13,m5H/I/qlEiy9EysCaVeN4NUAdCw=,7tmzonFC0UosDuVNQ5SWXjFA6pg=
4,14,m5H/I/qlEiy9EysCaVeN4NUAdCw=,dEeWe4cne7VJp4Tli3XoX0r48zU=
4,15,m5H/I/qlEiy9EysCaVeN4NUAdCw=,RuEugvv0o2erKN8sAcDUgxCiCyI=
4,8,m5H/I/qlEiy9EysCaVeN4NUAdCw=,dw8B9FX6K4TX6+3yX7ez/fKYp6A=
4,10,m5H/I/qlEiy9EysCaVeN4NUAdCw=,dw8B9FX6K4TX6+3yX7ez/fKYp6A=
4,11,m5H/I/qlEiy9EysCaVeN4NUAdCw=,dw8B9FX6K4TX6+3yX7ez/fKYp6A=
4,20,m5H/I/qlEiy9EysCaVeN4NUAdCw=,d5q+J8QjcYdIlavINLy2XCCAC20=
4,21,m5H/I/qlEiy9EysCaVeN4NUAdCw=,d5q+J8QjcYdIlavINLy2XCCAC20=
4,22,m5H/I/qlEiy9EysCaVeN4NUAdCw=,d5q+J8QjcYdIlavINLy2XCCAC20=
4,23,m5H/I/qlEiy9EysCaVeN4NUAdCw=,d5q+J8QjcYdIlavINLy2XCCAC20=
4,16,m5H/I/qlEiy9EysCaVeN4NUAdCw=,aN33OnBjO5TKz/1OjfDRUrALbAs=
4,17,m5H/I/qlEiy9EysCaVeN4NUAdCw=,q+i/5mg5p71MEG/e9bZfy79HElY=
4,18,m5H/I/qlEiy9EysCaVeN4NUAdCw=,d5q+J8QjcYdIlavINLy2XCCAC20=
4,19,m5H/I/qlEiy9EysCaVeN4NUAdCw=,d5q+J8QjcYdIlavINLy2XCCAC20=
4,24,m5H/I/qlEiy9EysCaVeN4NUAdCw=,KQSV6TUrvaBL4b6SrTCLl/Pdua0=
4,25,m5H/I/qlEiy9EysCaVeN4NUAdCw=,KQSV6TUrvaBL4b6SrTCLl/Pdua0=
5,5,m5H/I/qlEiy9EysCaVeN4NUAdCw=,edGtIuanbTmKhdnOOQ2clX4IVQ4=
5,4,m5H/I/qlEiy9EysCaVeN4NUAdCw=,xyhCY3w3rmqNT4U3vYAYHTgrXlE=
5,7,m5H/I/qlEiy9EysCaVeN4NUAdCw=,edGtIuanbTmKhdnOOQ2clX4IVQ4=
5,6,m5H/I/qlEiy9EysCaVeN4NUAdCw=,edGtIuanbTmKhdnOOQ2clX4IVQ4=
5,1,m5H/I/qlEiy9EysCaVeN4NUAdCw=,AqadSvLBJSt1dyt0m15bKYHQ6sk=
5,2,m5H/I/qlEiy9EysCaVeN4NUAdCw=,viurC6ct1fbfm6RyY/I41tDW8Uc=
5,23,m5H/I/qlEiy9EysCaVeN4NUAdCw=,d5q+J8QjcYdIlavINLy2XCCAC20=
5,22,m5H/I/qlEiy9EysCaVeN4NUAdCw=,d5q+J8QjcYdIlavINLy2XCCAC20=
6,6,ygzWynS6rrGOlBTdGvEpQGaLqms=,edGtIuanbTmKhdnOOQ2clX4IVQ4=
6,7,ygzWynS6rrGOlBTdGvEpQGaLqms=,edGtIuanbTmKhdnOOQ2clX4IVQ4=
6,4,ygzWynS6rrGOlBTdGvEpQGaLqms=,xyhCY3w3rmqNT4U3vYAYHTgrXlE=
6,5,ygzWynS6rrGOlBTdGvEpQGaLqms=,edGtIuanbTmKhdnOOQ2clX4IVQ4=
6,2,ygzWynS6rrGOlBTdGvEpQGaLqms=,AWebqApDww+m4vN6pWTu0Xc4A+o=
6,3,ygzWynS6rrGOlBTdGvEpQGaLqms=,AqadSvLBJSt1dyt0m15bKYHQ6sk=
6,1,ygzWynS6rrGOlBTdGvEpQGaLqms=,g5DhaQi5y55rL4FeH5KCn9Lkcpk=
6,14,ygzWynS6rrGOlBTdGvEpQGaLqms=,7tmzonFC0UosDuVNQ5SWXjFA6pg=
6,15,ygzWynS6rrGOlBTdGvEpQGaLqms=,RuEugvv0o2erKN8sAcDUgxCiCyI=
6,12,ygzWynS6rrGOlBTdGvEpQGaLqms=,/XCA5O2eZqhLQ+9ZJd2Hh7TXb9g=
6,13,ygzWynS6rrGOlBTdGvEpQGaLqms=,kkbqs34gOEgywqzLndB2uW5fyTI=
6,11,ygzWynS6rrGOlBTdGvEpQGaLqms=,27o57fagLligr1A4mv8HKBYpFE0=
6,8,ygzWynS6rrGOlBTdGvEpQGaLqms=,dw8B9FX6K4TX6+3yX7ez/fKYp6A=
6,16,ygzWynS6rrGOlBTdGvEpQGaLqms=,TBaXgFTdT90Ik6681Q8gcFY0gew=
6,25,ygzWynS6rrGOlBTdGvEpQGaLqms=,fGIe87eySeZk+nj99p5la+dqStY=
7,7,ygzWynS6rrGOlBTdGvEpQGaLqms=,edGtIuanbTmKhdnOOQ2clX4IVQ4=
7,6,ygzWynS6rrGOlBTdGvEpQGaLqms=,edGtIuanbTmKhdnOOQ2clX4IVQ4=
7,4,ygzWynS6rrGOlBTdGvEpQGaLqms=,yCQtyzOQB5TP/rt6z05f8tYHOdA=
7,3,ygzWynS6rrGOlBTdGvEpQGaLqms=,g5DhaQi5y55rL4FeH5KCn9Lkcpk=
7,2,ygzWynS6rrGOlBTdGvEpQGaLqms=,edGtIuanbTmKhdnOOQ2clX4IVQ4=
7,1,ygzWynS6rrGOlBTdGvEpQGaLqms=,edGtIuanbTmKhdnOOQ2clX4IVQ4=
7,0,ygzWynS6rrGOlBTdGvEpQGaLqms=,edGtIuanbTmKhdnOOQ2clX4IVQ4=
7,11,ygzWynS6rrGOlBTdGvEpQGaLqms=,kkbqs34gOEgywqzLndB2uW5fyTI=
7,17,ygzWynS6rrGOlBTdGvEpQGaLqms=,lRoA0ebZGwAHXHAHFiE/3+5tr8c=
7,16,ygzWynS6rrGOlBTdGvEpQGaLqms=,pm6Ml8Udz+N6MVKcKyNsLSta3OU=
7,26,ygzWynS6rrGOlBTdGvEpQGaLqms=,xI4egogJx58P+Fym8prNjgyrWF8=
8,8,ygzWynS6rrGOlBTdGvEpQGaLqms=,3nZkvi10Xl46uJTxbaGpzPAf64s=
8,10,ygzWynS6rrGOlBTdGvEpQGaLqms=,3nZkvi10Xl46uJTxbaGpzPAf64s=
8,11,ygzWynS6rrGOlBTdGvEpQGaLqms=,3nZkvi10Xl46uJTxbaGpzPAf64s=
8,1,ygzWynS6rrGOlBTdGvEpQGaLqms=,wmcaz9a2wdKraresHPlDOaE97jA=
8,2,ygzWynS6rrGOlBTdGvEpQGaLqms=,wmcaz9a2wdKraresHPlDOaE97jA=
8,5,ygzWynS6rrGOlBTdGvEpQGaLqms=,wmcaz9a2wdKraresHPlDOaE97jA=
8,6,ygzWynS6rrGOlBTdGvEpQGaLqms=,piEXEhZYN2qRcgZ7ZDRcKYKSIiE=
8,7,ygzWynS6rrGOlBTdGvEpQGaLqms=,zpVL0OB7SE6DYuKLZZ/AZ/cqb38=
8,26,ygzWynS6rrGOlBTdGvEpQGaLqms=,5NFLwGzJSBTcLqrt67svUbc8NrY=
8,27,ygzWynS6rrGOlBTdGvEpQGaLqms=,5NFLwGzJSBTcLqrt67svUbc8NrY=
8,17,ygzWynS6rrGOlBTdGvEpQGaLqms=,5NFLwGzJSBTcLqrt67svUbc8NrY=
8,18,ygzWynS6rrGOlBTdGvEpQGaLqms=,5NFLwGzJSBTcLqrt67svUbc8NrY=
9,8,ygzWynS6rrGOlBTdGvEpQGaLqms=,3nZkvi10Xl46uJTxbaGpzPAf64s=
9,1,ygzWynS6rrGOlBTdGvEpQGaLqms=,wmcaz9a2wdKraresHPlDOaE97jA=
9,2,ygzWynS6rrGOlBTdGvEpQGaLqms=,wmcaz9a2wdKraresHPlDOaE97jA=
9,5,ygzWynS6rrGOlBTdGvEpQGaLqms=,piEXEhZYN2qRcgZ7ZDRcKYKSIiE=
9,7,ygzWynS6rrGOlBTdGvEpQGaLqms=,DZF44jVRENFwnId0NoSM9QqkpsI=
9,6,ygzWynS6rrGOlBTdGvEpQGaLqms=,aQ6ZlKYuCL7+IEf/OGBtfK1yOC8=
9,29,ygzWynS6rrGOlBTdGvEpQGaLqms=,5NFLwGzJSBTcLqrt67svUbc8NrY=
9,30,ygzWynS6rrGOlBTdGvEpQGaLqms=,5NFLwGzJSBTcLqrt67svUbc8NrY=
9,19,ygzWynS6rrGOlBTdGvEpQGaLqms=,5NFLwGzJSBTcLqrt67svUbc8NrY=
9,18,ygzWynS6rrGOlBTdGvEpQGaLqms=,5NFLwGzJSBTcLqrt67svUbc8NrY=
10,10,BQJDtdOPPc/aeSskK23wEOEqEqg=,45LTaYg6LvIDy7IX2DfJRL6JdGg=
10,9,BQJDtdOPPc/aeSskK23wEOEqEqg=,GfoDeotMAvz+EPTIlrnDV2+6gzA=
10,2,BQJDtdOPPc/aeSskK23wEOEqEqg=,wmcaz9a2wdKraresHPlDOaE97jA=
10,3,BQJDtdOPPc/aeSskK23wEOEqEqg=,piEXEhZYN2qRcgZ7ZDRcKYKSIiE=
10,1,BQJDtdOPPc/aeSskK23wEOEqEqg=,wmcaz9a2wdKraresHPlDOaE97jA=
10,6,BQJDtdOPPc/aeSskK23wEOEqEqg=,M55AyoALwcBonauDAHJs1tH7rhg=
10,7,BQJDtdOPPc/aeSskK23wEOEqEqg=,DZF44jVRENFwnId0NoSM9QqkpsI=
10,4,BQJDtdOPPc/aeSskK23wEOEqEqg=,cWF91B+gso2NbMb3A5qDDfc011Y=
10,5,BQJDtdOPPc/aeSskK23wEOEqEqg=,aQ6ZlKYuCL7+IEf/OGBtfK1yOC8=
10,26,BQJDtdOPPc/aeSskK23wEOEqEqg=,5NFLwGzJSBTcLqrt67svUbc8NrY=
10,27,BQJDtdOPPc/aeSskK23wEOEqEqg=,5NFLwGzJSBTcLqrt67svUbc8NrY=
10,25,BQJDtdOPPc/aeSskK23wEOEqEqg=,5NFLwGzJSBTcLqrt67svUbc8NrY=
10,30,BQJDtdOPPc/aeSskK23wEOEqEqg=,5NFLwGzJSBTcLqrt67svUbc8NrY=
10,19,BQJDtdOPPc/aeSskK23wEOEqEqg=,5NFLwGzJSBTcLqrt67svUbc8NrY=
10,22,BQJDtdOPPc/aeSskK23wEOEqEqg=,5NFLwGzJSBTcLqrt67svUbc8NrY=
10,23,BQJDtdOPPc/aeSskK23wEOEqEqg=,5NFLwGzJSBTcLqrt67svUbc8NrY=
10,20,BQJDtdOPPc/aeSskK23wEOEqEqg=,5NFLwGzJSBTcLqrt67svUbc8NrY=
11,11,BQJDtdOPPc/aeSskK23wEOEqEqg=,OflgZbRwGzrjeEgRiJqiOScAlcg=
11,8,BQJDtdOPPc/aeSskK23wEOEqEqg=,GfoDeotMAvz+EPTIlrnDV2+6gzA=
11,14,BQJDtdOPPc/aeSskK23wEOEqEqg=,3nZkvi10Xl46uJTxbaGpzPAf64s=
11,13,BQJDtdOPPc/aeSskK23wEOEqEqg=,keNbdHgGE4pdZb14uoaLIczKKEg=
11,12,BQJDtdOPPc/aeSskK23wEOEqEqg=,ra4NpTsj71AgXkOV6GiKbJPoj/E=
11,3,BQJDtdOPPc/aeSskK23wEOEqEqg=,yRk+4JtBc4OEw311f6iVbyN8bfU=
11,2,BQJDtdOPPc/aeSskK23wEOEqEqg=,wmcaz9a2wdKraresHPlDOaE97jA=
11,1,BQJDtdOPPc/aeSskK23wEOEqEqg=,wmcaz9a2wdKraresHPlDOaE97jA=
11,7,BQJDtdOPPc/aeSskK23wEOEqEqg=,/Np+zEDOCpYcK2RplxkP3xTnyXo=
11,6,BQJDtdOPPc/aeSskK23wEOEqEqg=,K5ngSBUJJ+FCd1PuVmS5SmZlJm0=
11,5,BQJDtdOPPc/aeSskK23wEOEqEqg=,M55AyoALwcBonauDAHJs1tH7rhg=
11,4,BQJDtdOPPc/aeSskK23wEOEqEqg=,TzYDuP4zLj0NS46DQ/74KlpXJ2o=
11,27,BQJDtdOPPc/aeSskK23wEOEqEqg=,5NFLwGzJSBTcLqrt67svUbc8NrY=
11,31,BQJDtdOPPc/aeSskK23wEOEqEqg=,5NFLwGzJSBTcLqrt67svUbc8NrY=
11,30,BQJDtdOPPc/aeSskK23wEOEqEqg=,5NFLwGzJSBTcLqrt67svUbc8NrY=
11,28,BQJDtdOPPc/aeSskK23wEOEqEqg=,5NFLwGzJSBTcLqrt67svUbc8NrY=
12,15,BQJDtdOPPc/aeSskK23wEOEqEqg=,3nZkvi10Xl46uJTxbaGpzPAf64s=
12,8,BQJDtdOPPc/aeSskK23wEOEqEqg=,KQSV6TUrvaBL4b6SrTCLl/Pdua0=
12,4,BQJDtdOPPc/aeSskK23wEOEqEqg=,y1alnsgeJt6rJLgR7WdvqwjoVDk=
12,5,BQJDtdOPPc/aeSskK23wEOEqEqg=,/E/ndsFdLyD/Mn+KDmn8x5MRD68=
12,6,BQJDtdOPPc/aeSskK23wEOEqEqg=,/Np+zEDOCpYcK2RplxkP3xTnyXo=
12,2,BQJDtdOPPc/aeSskK23wEOEqEqg=,wmcaz9a2wdKraresHPlDOaE97jA=
12,3,BQJDtdOPPc/aeSskK23wEOEqEqg=,MOfTDjyUo34UFfIqBvgj17OMBgs=
13,15,BQJDtdOPPc/aeSskK23wEOEqEqg=,3nZkvi10Xl46uJTxbaGpzPAf64s=
13,9,BQJDtdOPPc/aeSskK23wEOEqEqg=,TenXrDSeXpE4rKeC19PMQbzZK3s=
13,8,BQJDtdOPPc/aeSskK23wEOEqEqg=,KQSV6TUrvaBL4b6SrTCLl/Pdua0=
13,5,BQJDtdOPPc/aeSskK23wEOEqEqg=,MxVpjshxt3OkRfY9YPCys8wI8j8=
13,4,BQJDtdOPPc/aeSskK23wEOEqEqg=,5NFLwGzJSBTcLqrt67svUbc8NrY=
13,6,BQJDtdOPPc/aeSskK23wEOEqEqg=,wmcaz9a2wdKraresHPlDOaE97jA=
13,3,BQJDtdOPPc/aeSskK23wEOEqEqg=,FHb0y92cmdH8M2e7RydxK0JPkrw=
13,16,BQJDtdOPPc/aeSskK23wEOEqEqg=,5NFLwGzJSBTcLqrt67svUbc8NrY=
14,8,BQJDtdOPPc/aeSskK23wEOEqEqg=,cChjr98+1t0Rx/gm8lJSmZFwbuo=
14,5,BQJDtdOPPc/aeSskK23wEOEqEqg=,RSKMX4w8BUhtlE3XvQk6KcEZt7g=
14,16,dYLHEvxbVpuBiPCVjPC+MsmFYmw=,5NFLwGzJSBTcLqrt67svUbc8NrY=
16,15,dYLHEvxbVpuBiPCVjPC+MsmFYmw=,KJe8aeZvEpO6MjzjW4Sg5qjjxPk=
17,16,dYLHEvxbVpuBiPCVjPC+MsmFYmw=,5bhTZdITLunE3VCbbrgbkeD5vj8=
18,16,dYLHEvxbVpuBiPCVjPC+MsmFYmw=,r46nM74VrdqQbSaXDyiufUh+dGw=
19,16,dYLHEvxbVpuBiPCVjPC+MsmFYmw=,r46nM74VrdqQbSaXDyiufUh+dGw=
20,15,dYLHEvxbVpuBiPCVjPC+MsmFYmw=,KJe8aeZvEpO6MjzjW4Sg5qjjxPk=
22,14,dYLHEvxbVpuBiPCVjPC+MsmFYmw=,KJe8aeZvEpO6MjzjW4Sg5qjjxPk=
23,14,dYLHEvxbVpuBiPCVjPC+MsmFYmw=,KJe8aeZvEpO6MjzjW4Sg5qjjxPk=
23,13,dYLHEvxbVpuBiPCVjPC+MsmFYmw=,KJe8aeZvEpO6MjzjW4Sg5qjjxPk=
24,13,dYLHEvxbVpuBiPCVjPC+MsmFYmw=,r46nM74VrdqQbSaXDyiufUh+dGw=
25,14,dYLHEvxbVpuBiPCVjPC+MsmFYmw=,r46nM74VrdqQbSaXDyiufUh+dGw=
26,14,dYLHEvxbVpuBiPCVjPC+MsmFYmw=,r46nM74VrdqQbSaXDyiufUh+dGw=
27,15,dYLHEvxbVpuBiPCVjPC+MsmFYmw=,r46nM74VrdqQbSaXDyiufUh+dGw=
28,14,dYLHEvxbVpuBiPCVjPC+MsmFYmw=,r46nM74VrdqQbSaXDyiufUh+dGw=
28,15,dYLHEvxbVpuBiPCVjPC+MsmFYmw=,r46nM74VrdqQbSaXDyiufUh+dGw=
29,15,dYLHEvxbVpuBiPCVjPC+MsmFYmw=,r46nM74VrdqQbSaXDyiufUh+dGw=
29,14,dYLHEvxbVpuBiPCVjPC+MsmFYmw=,r46nM74VrdqQbSaXDyiufUh+dGw=
30,16,dYLHEvxbVpuBiPCVjPC+MsmFYmw=,r46nM74VrdqQbSaXDyiufUh+dGw=
31,17,dYLHEvxbVpuBiPCVjPC+MsmFYmw=,r46nM74VrdqQbSaXDyiufUh+dGw=
31,16,dYLHEvxbVpuBiPCVjPC+MsmFYmw=,r46nM74VrdqQbSaXDyiufUh+dGw=
