-97,-1,fp5Kzbw7zE1LjVSkNlonwUKoU40=,8JXsYDvkJls2zI1TgeH+X7RJKsg=
-98,-1,fp5Kzbw7zE1LjVSkNlonwUKoU40=,8JXsYDvkJls2zI1TgeH+X7RJKsg=
-99,-1,fp5Kzbw7zE1LjVSkNlonwUKoU40=,8JXsYDvkJls2zI1TgeH+X7RJKsg=
-100,-1,fp5Kzbw7zE1LjVSkNlonwUKoU40=,8JXsYDvkJls2zI1TgeH+X7RJKsg=
-101,-1,fp5Kzbw7zE1LjVSkNlonwUKoU40=,8JXsYDvkJls2zI1TgeH+X7RJKsg=
-102,-1,fp5Kzbw7zE1LjVSkNlonwUKoU40=,8JXsYDvkJls2zI1TgeH+X7RJKsg=
-103,-1,fp5Kzbw7zE1LjVSkNlonwUKoU40=,8JXsYDvkJls2zI1TgeH+X7RJKsg=
-104,-1,fp5Kzbw7zE1LjVSkNlonwUKoU40=,8JXsYDvkJls2zI1TgeH+X7RJKsg=
-105,-1,fp5Kzbw7zE1LjVSkNlonwUKoU40=,8JXsYDvkJls2zI1TgeH+X7RJKsg=
-106,-1,fp5Kzbw7zE1LjVSkNlonwUKoU40=,uLoZ0BTAj83YFHzbRodaWuu9awg=
-107,-1,fp5Kzbw7zE1LjVSkNlonwUKoU40=,uLoZ0BTAj83YFHzbRodaWuu9awg=
-108,-1,fp5Kzbw7zE1LjVSkNlonwUKoU40=,uLoZ0BTAj83YFHzbRodaWuu9awg=
-109,-1,fp5Kzbw7zE1LjVSkNlonwUKoU40=,uLoZ0BTAj83YFHzbRodaWuu9awg=
-110,-1,fp5Kzbw7zE1LjVSkNlonwUKoU40=,uLoZ0BTAj83YFHzbRodaWuu9awg=
-111,-1,fp5Kzbw7zE1LjVSkNlonwUKoU40=,uLoZ0BTAj83YFHzbRodaWuu9awg=
-112,-1,fp5Kzbw7zE1LjVSkNlonwUKoU40=,K8MV0AItf43f3Y5ilGEwOIxdLTI=
-113,-1,fp5Kzbw7zE1LjVSkNlonwUKoU40=,Fz/LeyTYeH1yhDeNWRBbePAZUyw=
-113,-2,fp5Kzbw7zE1LjVSkNlonwUKoU40=,tg+Q9ZL9Bw3nOmWqETZNyMrydU8=
-114,-1,fp5Kzbw7zE1LjVSkNlonwUKoU40=,uLoZ0BTAj83YFHzbRodaWuu9awg=
-115,-1,fp5Kzbw7zE1LjVSkNlonwUKoU40=,uLoZ0BTAj83YFHzbRodaWuu9awg=
-116,-1,fp5Kzbw7zE1LjVSkNlonwUKoU40=,uLoZ0BTAj83YFHzbRodaWuu9awg=
-117,-1,fp5Kzbw7zE1LjVSkNlonwUKoU40=,uLoZ0BTAj83YFHzbRodaWuu9awg=
-118,-1,fp5Kzbw7zE1LjVSkNlonwUKoU40=,uLoZ0BTAj83YFHzbRodaWuu9awg=
-119,-1,fp5Kzbw7zE1LjVSkNlonwUKoU40=,uLoZ0BTAj83YFHzbRodaWuu9awg=
-120,-1,fp5Kzbw7zE1LjVSkNlonwUKoU40=,uLoZ0BTAj83YFHzbRodaWuu9awg=
-121,-1,fp5Kzbw7zE1LjVSkNlonwUKoU40=,uLoZ0BTAj83YFHzbRodaWuu9awg=
-122,-1,fp5Kzbw7zE1LjVSkNlonwUKoU40=,b4vZpPj7zULXrBXthS0aYIpKj/I=
-123,-1,fp5Kzbw7zE1LjVSkNlonwUKoU40=,buu1YQB4sfY2hbwdJIHZukD6PmM=
-124,-1,fp5Kzbw7zE1LjVSkNlonwUKoU40=,dQjZDJqWWn02IrzMlAgRS2bxXt0=
-124,-3,fp5Kzbw7zE1LjVSkNlonwUKoU40=,DRSWmmkf+z8Ilj29M+9luk2BSsg=
-124,-2,fp5Kzbw7zE1LjVSkNlonwUKoU40=,buu1YQB4sfY2hbwdJIHZukD6PmM=
-125,-1,fp5Kzbw7zE1LjVSkNlonwUKoU40=,buu1YQB4sfY2hbwdJIHZukD6PmM=
-127,-1,fp5Kzbw7zE1LjVSkNlonwUKoU40=,DRSWmmkf+z8Ilj29M+9luk2BSsg=
-128,-1,fp5Kzbw7zE1LjVSkNlonwUKoU40=,DRSWmmkf+z8Ilj29M+9luk2BSsg=
